t,x0,y0,x1,y1,x2,y2,x3,y3,x4,y4,x5,y5,x6,y6,x7,y7,x8,y8,x9,y9,x10,y10,x11,y11,x12,y12,x13,y13,x14,y14,x15,y15,x16,y16,x17,y17,x18,y18,x19,y19,x20,y20,x21,y21
0,-0.0210925,4.71314,1.60656,7.47929,-4.51939,-5.85098,6.64154,3.52701,3.44035,2.94943,6.56484,-2.93363,-1.82611,7.45836,-7.59511,-0.0300541,-6.80975,-3.32668,4.14774,-0.421506,-3.03953,-2.82898,-6.72308,3.23135,-4.09813,0.336898,4.79472,-5.78796,1.85521,-7.27912,0.980999,-1.28152,4.32536,5.89435,7.32783,0.0929241,-1.10132,1.52325,-1.49136,-7.52512,-0.0637421,-4.47826,-3.86111,4.73831
0.0166667,0.0130594,4.68335,1.78273,7.39107,-4.61642,-5.82432,6.7013,3.40444,3.39416,2.62759,6.76522,-3.18582,-1.64951,7.50197,-7.5844,0.037336,-6.86568,-3.27241,4.12754,-0.656466,-2.84023,-2.95822,-6.69169,3.32143,-4.06276,0.16554,4.71295,-5.8581,1.76951,-7.31434,0.926423,-1.26301,4.50316,5.83643,7.32579,-0.0845971,-1.17175,1.52576,-1.62134,-7.55669,0.144022,-4.54749,-3.79112,4.8874
0.0333333,-0.0063559,4.6591,1.74722,7.38404,-4.72054,-5.76732,6.37049,3.15,3.04323,2.0203,6.73356,-3.23452,-1.68295,7.46177,-7.58149,0.0565249,-6.92242,-3.1536,4.25529,-1.01808,-2.70371,-3.05306,-6.64913,3.38927,-4.06237,0.00300747,4.67579,-5.90987,1.73069,-7.34436,0.941863,-1.09992,4.46355,5.89878,7.31869,-0.160409,-1.29913,1.5773,-1.69812,-7.24315,0.350644,-4.47042,-3.58689,4.70773
0.05,0.188126,4.4286,1.68492,7.38586,-4.81659,-5.69009,5.71853,2.82979,2.54441,2.02052,6.73461,-3.27024,-1.73482,7.44734,-7.55211,0.298685,-6.98927,-3.06999,4.23794,-1.00977,-2.46115,-3.30202,-6.34447,3.6072,-4.09403,-0.368043,4.62011,-5.93152,1.66005,-7.35947,0.934455,-0.880791,4.41834,5.90905,7.29989,-0.109831,-1.53006,1.65558,-1.73298,-6.73222,0.698785,-4.31977,-3.12044,4.38382
0.0666667,0.200485,4.4775,1.64635,7.38345,-4.88891,-5.60943,5.68069,2.81326,2.48395,2.02073,6.75539,-3.21977,-1.77904,7.47245,-7.51294,0.49914,-7.03603,-2.97008,4.10939,-1.11488,-2.44503,-3.30816,-6.36249,3.79266,-4.24204,-0.481903,4.60108,-5.95266,1.63149,-7.35013,0.835854,-0.874562,4.42461,5.91995,7.3119,-0.045197,-1.67395,1.62255,-1.77701,-6.63129,0.701893,-4.28975,-3.13116,4.41349
0.0833333,0.211978,4.38101,1.54742,7.3291,-4.87351,-5.59817,5.68658,2.81404,2.55715,1.90658,6.73098,-3.34397,-1.89047,7.45018,-7.44809,0.52611,-7.0223,-2.95183,3.89606,-1.45973,-2.44143,-3.3357,-6.51649,3.86748,-4.25183,-0.508727,4.57888,-5.93938,1.6309,-7.35228,0.679546,-0.899543,4.38991,5.94993,7.33847,0.0166219,-1.75546,1.7037,-1.79092,-6.58288,0.719167,-4.29016,-3.21334,4.52283
0.1,0.568871,4.30658,1.5232,7.36052,-4.82661,-5.62234,6.02757,3.00782,2.63261,1.6423,6.64949,-3.21541,-1.90042,7.45099,-7.41941,0.290626,-6.98573,-2.9346,3.4796,-2.03769,-2.43421,-3.37936,-6.69375,3.68394,-4.20122,-0.457086,4.64511,-5.8923,1.69518,-7.33046,0.454015,-0.943397,4.37237,5.97163,7.33834,0.0370485,-1.81953,1.81597,-1.72661,-6.54571,0.756496,-4.20205,-3.3722,4.61023
0.116667,1.27094,4.2536,1.62054,7.39668,-4.74318,-5.7048,6.71932,3.36765,2.74509,1.14382,6.55853,-3.03168,-1.81521,7.46384,-7.40764,0.164081,-6.93986,-3.07223,3.17867,-2.10511,-2.75318,-3.06125,-6.78897,3.5734,-4.05859,0.080274,4.68096,-5.87922,1.73877,-7.32463,0.209374,-0.966572,4.31557,5.65721,7.34459,0.0447689,-1.59708,2.13592,-1.64636,-6.68125,0.599429,-4.12978,-3.44776,4.68378
0.133333,1.86654,4.33982,1.66111,7.42792,-4.66096,-5.76404,6.7507,3.39486,2.72144,0.982697,6.54864,-2.97951,-1.76664,7.44981,-7.36772,0.117929,-6.88852,-3.16113,2.83789,-2.3331,-3.121,-2.87259,-6.82176,3.47875,-3.85553,0.752423,4.71936,-5.86804,1.77687,-7.29584,-0.0430842,-0.823556,4.43142,5.76206,7.35904,0.0511028,-1.27559,2.50097,-1.70868,-6.95672,0.0867958,-4.02886,-3.4378,4.60104
0.15,1.97851,4.26793,1.73688,7.41918,-4.70422,-5.74617,6.76755,3.29211,2.62414,0.880511,6.8789,-3.34645,-1.68034,7.49711,-7.40034,0.114428,-6.91851,-3.13858,2.49102,-2.40945,-3.43608,-2.76312,-6.84411,3.45005,-3.85524,0.938976,4.68147,-5.90029,1.68396,-7.2763,-0.238282,-0.703086,4.61941,5.65533,7.36471,-0.148902,-1.23679,2.63136,-1.79246,-7.02279,-0.323146,-3.91326,-3.45477,4.64722
0.166667,2.01958,4.24128,1.84691,7.39542,-4.7536,-5.70779,6.85011,3.29535,2.64386,0.861527,6.87527,-3.45357,-1.57444,7.44966,-7.39775,0.173265,-6.9439,-3.07403,2.51956,-2.47781,-3.46744,-2.69883,-6.77946,3.44458,-3.52204,0.684125,4.6361,-5.91077,1.61961,-7.28065,-0.405863,-0.467348,4.64981,5.6361,7.37799,-0.207533,-1.2204,2.77919,-1.83576,-6.95161,-0.347932,-3.87364,-3.46987,4.80155
0.183333,2.02505,4.13928,1.95488,7.33309,-4.78571,-5.72117,6.88836,3.3329,3.07612,0.893872,6.84597,-3.4573,-1.48234,7.54841,-7.43097,0.162303,-6.96133,-3.06682,2.7514,-2.47821,-3.48818,-2.71272,-6.68233,3.41921,-3.34862,0.704619,4.66047,-5.92137,1.62368,-7.28916,-0.0868096,-0.117627,4.60862,5.64373,7.349,-0.219001,-1.29591,3.04197,-1.78644,-6.73847,-0.24087,-3.58695,-3.7311,5.1527
0.2,2.23148,3.76772,1.96497,7.33631,-4.77286,-5.72499,6.84599,3.2139,3.89153,0.902366,6.82497,-3.50722,-1.49123,7.53147,-7.44663,0.153466,-6.94643,-3.07637,3.13499,-2.4328,-3.46702,-2.72041,-6.65379,3.42989,-3.23151,0.69068,4.63324,-5.92978,1.60414,-7.29867,0.673454,0.043071,4.60067,5.62974,7.44231,-0.281623,-1.06092,3.01106,-1.63458,-6.12714,-0.0869047,-3.17825,-4.13409,5.55193
0.216667,2.37367,3.43268,1.90225,7.3075,-4.74674,-5.738,6.52361,2.95286,4.20341,0.580448,6.77953,-3.5556,-1.57347,7.49304,-7.392,0.148047,-6.93317,-3.11166,3.35004,-2.72476,-3.42986,-2.68088,-6.61812,3.44511,-3.09423,0.699402,4.57469,-5.94958,1.5194,-7.31084,0.945194,0.430044,4.59299,5.68426,7.43202,-0.347644,-0.883689,3.01938,-1.59448,-5.84166,-0.0771719,-2.92099,-4.49971,6.01466
0.233333,2.63101,3.24325,1.79558,7.22852,-4.73863,-5.7387,6.1903,2.83772,4.14222,0.388125,6.74939,-3.57244,-1.65815,7.4721,-7.4428,0.152438,-6.93427,-3.11812,3.2544,-2.90366,-3.44058,-2.63775,-6.59579,3.46138,-3.14131,0.729353,4.54501,-6.01545,1.41747,-7.30293,0.946292,0.576236,4.54724,5.71678,7.43452,-0.334222,-1.07264,3.16885,-1.58702,-5.67207,-0.106671,-2.77186,-4.6294,5.97295
0.25,2.50356,3.36762,1.71901,7.10283,-4.72558,-5.73853,6.06401,2.81201,4.12353,0.263712,6.70709,-3.51852,-1.72913,7.43801,-7.40915,0.104726,-6.92979,-3.14427,3.11555,-2.93336,-3.44058,-2.63965,-6.6007,3.42623,-3.84813,0.646821,4.53629,-6.03507,1.40548,-7.30512,0.928818,0.604821,4.52879,5.7237,7.42711,-0.295472,-1.30479,3.1147,-1.55945,-5.59977,-0.0887349,-2.71313,-4.73771,5.96113
0.266667,2.24228,3.7978,1.67331,6.91455,-4.69887,-5.73869,6.02132,2.73742,4.14841,0.15056,6.70598,-3.55235,-1.7405,7.43058,-7.41078,0.0963344,-6.91637,-3.14465,3.06433,-2.96498,-3.43704,-2.65746,-6.6078,3.41901,-4.17523,0.806543,4.42187,-6.12761,1.27909,-7.31755,0.924896,0.763132,4.54922,5.72457,7.43994,-0.285107,-1.5996,2.95708,-1.48733,-5.32328,-0.100695,-2.52145,-4.77024,5.99092
0.283333,2.25002,3.76192,1.68821,6.88991,-4.76495,-5.69813,6.02948,2.68496,4.12399,0.1644,6.68897,-3.5149,-1.71495,7.45345,-7.41562,0.16431,-6.94982,-3.09565,3.04073,-2.93892,-3.47546,-2.639,-6.60421,3.45048,-4.37187,1.19551,4.3439,-6.16141,1.18828,-7.31933,0.936204,0.791815,4.54744,5.68733,7.4138,-0.322329,-1.49074,3.06142,-1.43775,-5.29093,-0.135357,-2.51172,-4.75918,6.07291
0.3,2.24211,3.81468,1.79377,7.00018,-4.80075,-5.63046,6.04981,2.61824,4.13742,0.133361,6.4031,-3.74207,-1.61534,7.49059,-7.41002,0.235639,-6.97143,-3.03587,3.04451,-2.95945,-3.49632,-2.60249,-6.58326,3.49745,-4.30481,1.25723,4.26313,-6.15644,1.10189,-7.32651,0.932627,0.825454,4.58705,5.66894,7.42003,-0.376015,-1.44841,3.13827,-1.41861,-5.29726,-0.156177,-2.45254,-4.63612,6.10217
0.316667,2.24057,3.87798,1.95782,7.11261,-4.82649,-5.60582,6.65884,2.89152,4.1072,0.0371389,6.52816,-3.68924,-1.46011,7.51279,-7.42208,0.266824,-6.97966,-3.00566,3.04074,-3.0034,-3.48968,-2.58437,-6.5905,3.52684,-4.22566,1.31557,4.20124,-6.22433,1.05372,-7.33349,0.928325,0.873673,4.68675,5.5968,7.41665,-0.389621,-1.38772,3.21611,-1.44128,-5.34006,-0.165172,-2.39859,-4.24506,5.82869
0.333333,2.02919,4.05611,2.03662,7.35609,-4.86978,-5.55778,6.86746,3.10358,4.09369,-0.04844,6.27448,-3.76457,-1.37913,7.54383,-7.4132,0.349667,-7.00763,-2.93539,2.96195,-3.05218,-3.503,-2.53302,-6.54584,3.58283,-4.06968,1.56414,4.08767,-6.24302,0.930585,-7.33751,0.97233,1.01391,4.64631,5.63745,7.41437,-0.273172,-1.26553,3.46802,-1.50813,-5.28375,-0.20944,-2.21184,-3.83795,5.46963
0.35,2.09382,4.01279,2.10595,7.31988,-4.93842,-5.52401,6.8896,3.04908,4.09439,-0.196111,6.22252,-3.99197,-1.30802,7.54238,-7.41036,0.410191,-7.03411,-2.87039,2.91007,-3.18112,-3.54252,-2.41838,-6.50567,3.66726,-3.9773,1.5384,3.89814,-6.37681,0.773198,-7.39952,1.00904,1.00398,4.67473,5.63667,7.41541,-0.334618,-1.19509,3.51163,-1.59947,-5.26525,-0.235587,-2.19965,-3.72088,5.48453
0.366667,2.13116,3.99714,2.23041,7.3084,-5.02636,-5.40685,6.90325,2.95977,4.09474,-0.266433,6.00517,-3.9522,-1.18354,7.58037,-7.44586,0.529599,-7.07929,-2.72887,2.88835,-3.24816,-3.5575,-2.29383,-6.45041,3.80284,-3.50541,1.01143,3.74809,-6.4521,0.65946,-7.40521,1.01367,1.00434,4.76816,5.56166,7.41903,-0.467551,-1.18677,3.48057,-1.71554,-5.23199,-0.264319,-2.18844,-3.603,5.57769
0.383333,2.20952,3.95286,2.3043,7.2848,-5.03687,-5.4235,6.96133,2.81572,4.09438,-0.24475,6.04016,-3.82305,-1.10256,7.57452,-7.42378,0.534847,-7.08191,-2.723,2.90438,-3.25144,-3.56005,-2.32366,-6.43459,3.80928,-3.3575,0.9814,3.7726,-6.44725,0.685821,-7.42378,1.00109,0.989066,4.91595,5.38715,7.4017,-0.663096,-1.12969,3.4792,-1.76634,-5.2681,-0.261787,-2.21845,-3.55048,5.59874
0.4,2.2402,3.93973,2.32361,7.25823,-5.05529,-5.43455,6.89856,2.68225,4.10154,-0.24782,6.08499,-3.81052,-1.08545,7.58142,-7.45093,0.53365,-7.0938,-2.72599,2.92077,-3.29617,-3.57879,-2.3864,-6.49066,3.84337,-3.20766,0.924276,3.80745,-6.42112,0.741287,-7.43318,0.974539,1.00352,4.99515,5.30958,7.36602,-0.837347,-1.07511,3.4915,-1.7734,-5.2787,-0.273698,-2.21362,-3.63935,5.66854
0.416667,2.23686,3.97838,2.30797,7.25421,-4.96682,-5.53394,6.07128,2.37628,4.15742,-0.140424,6.23145,-3.69215,-1.11201,7.60069,-7.43248,0.535416,-7.09374,-2.72634,2.9296,-3.28919,-3.56131,-2.463,-6.33149,3.82718,-3.04809,0.839903,3.89678,-6.37593,0.829897,-7.41458,0.974507,0.998175,4.86564,5.38888,7.34635,-0.760609,-1.2189,3.6352,-1.76608,-5.29284,-0.229134,-2.19077,-4.01407,6.13507
0.433333,2.16533,4.02037,2.20191,7.29562,-4.84026,-5.67075,5.95628,2.44957,4.11004,-0.151765,6.26939,-3.7135,-1.24819,7.61581,-7.46068,0.505865,-7.11049,-2.72554,2.89482,-3.29118,-3.55791,-2.5267,-5.83055,3.59373,-3.16476,0.81006,3.96866,-6.30923,0.900828,-7.39073,0.999683,0.97371,4.76404,5.47885,7.33622,-0.631863,-1.58664,3.74255,-1.71867,-5.29875,-0.231106,-2.14379,-4.11058,6.26916
0.45,2.13007,4.06336,2.09916,7.32695,-4.80667,-5.69061,5.91908,2.54209,4.13437,-0.118062,6.14944,-3.44957,-1.3648,7.57894,-7.43606,0.508543,-7.07478,-2.73066,2.94594,-3.26529,-3.51606,-2.53683,-5.10325,3.15266,-2.9263,0.84312,4.04558,-6.29143,0.949989,-7.39786,1.03415,0.970359,4.69036,5.54827,7.28235,-0.463613,-2.08786,3.90295,-1.67689,-5.30586,-0.192337,-2.13846,-4.19803,6.15166
0.466667,2.07459,4.08481,1.97449,7.35575,-4.68747,-5.79202,5.82151,2.54161,4.14859,-0.137215,6.64577,-3.5794,-1.48558,7.52173,-7.42086,0.493757,-7.06957,-2.71564,2.8847,-3.29438,-3.49665,-2.62415,-4.92995,2.99379,-2.6631,0.656527,4.14602,-6.29305,1.06483,-7.40828,1.05642,0.965649,4.58359,5.6466,7.32781,-0.320535,-1.91228,4.04841,-1.59359,-5.3264,-0.175739,-2.08821,-4.29201,6.04324
0.483333,2.0106,4.11947,1.86819,7.37745,-4.3589,-6.02189,5.6246,2.53905,4.16522,-0.197411,6.77925,-3.45988,-1.59808,7.49728,-7.40008,0.559677,-7.08872,-2.65496,2.7768,-3.31325,-3.50303,-2.76922,-4.79725,2.88744,-2.54865,0.3991,4.44618,-6.08303,1.40896,-7.34303,1.10645,0.963528,4.49994,5.72166,7.32934,-0.156437,-1.87093,4.17514,-1.3445,-5.3389,-0.236421,-1.98811,-4.39876,5.99048
0.5,2.00143,4.1354,1.82947,7.39745,-3.95562,-6.31336,5.49399,2.57913,4.18864,-0.344631,6.75099,-3.31357,-1.63439,7.50624,-7.42544,0.457302,-7.05449,-2.74833,2.62509,-3.38845,-3.49615,-2.97743,-4.89186,2.86927,-2.83329,0.200862,4.74864,-5.81581,1.77932,-7.2345,1.20305,0.967709,4.45265,5.80491,7.30457,-0.0902198,-1.93385,4.06159,-1.03839,-5.30547,-0.311959,-1.8943,-4.42358,5.97383
0.516667,1.97638,4.15245,1.80719,7.41196,-3.78024,-6.40594,5.34875,2.63933,4.2804,-0.754034,6.74367,-3.25612,-1.64976,7.52548,-7.42194,0.3827,-7.03845,-2.82198,2.37889,-3.56938,-3.4712,-3.05057,-5.00524,2.89958,-3.05769,0.134369,4.76074,-5.77619,1.79468,-7.19076,1.44252,0.918345,4.42953,5.8459,7.27275,-0.0348915,-2.02165,3.99362,-0.932784,-5.12327,-0.369186,-1.74825,-4.44822,5.98879
0.533333,1.22462,4.10059,1.81418,7.42859,-3.75604,-6.40078,5.63871,2.73165,4.28655,-0.935294,6.69913,-3.41347,-1.63521,7.54192,-7.40352,0.33979,-6.9982,-2.89277,2.22712,-3.64958,-3.41127,-3.05545,-5.07743,2.91879,-3.18747,0.135721,4.65044,-5.84802,1.61663,-7.19965,1.58,0.90909,4.501,5.9111,7.28276,-0.154949,-2.05843,3.87068,-0.936979,-4.93802,-0.378469,-1.60828,-4.44796,5.99815
0.55,1.19539,4.08071,1.86456,7.39866,-3.76455,-6.4167,6.36289,3.05982,4.29055,-0.987532,6.70043,-3.44851,-1.58512,7.52412,-7.38259,0.305232,-6.97569,-2.94498,2.20737,-3.68419,-3.39323,-3.06677,-5.14658,2.93458,-3.06601,0.461689,4.63833,-5.92929,1.56366,-7.22656,1.61748,0.890279,4.57012,5.85979,7.32132,-0.227433,-2.11568,3.76783,-0.936538,-4.87108,-0.366627,-1.60085,-4.42289,5.9982
0.566667,1.33931,4.07765,2.01944,7.36106,-3.78838,-6.38537,6.8483,3.20696,4.29887,-1.0244,6.70908,-3.48944,-1.42965,7.54816,-7.33686,0.360837,-6.97305,-2.89339,2.16952,-3.71967,-3.40143,-3.04617,-5.10143,2.98357,-2.80958,0.814042,4.65459,-5.9527,1.56276,-7.23665,1.64068,0.855495,4.70002,5.76635,7.3489,-0.237598,-2.00852,3.81818,-0.889078,-4.82813,-0.379207,-1.59656,-4.33133,6.05196
0.583333,1.43107,4.07118,2.10767,7.32842,-3.86298,-6.30495,6.86402,3.17847,4.31121,-1.09731,6.67581,-3.62432,-1.34297,7.47039,-7.35649,0.455586,-7.01071,-2.79148,2.10541,-3.74334,-3.44286,-2.9998,-5.05569,3.02759,-2.78912,0.852713,4.55902,-6.02975,1.45184,-7.26575,1.70511,0.81363,4.74852,5.72231,7.35354,-0.297076,-1.93188,3.91767,-0.862064,-4.77742,-0.428453,-1.56663,-4.28623,6.08422
0.6,1.48637,4.07537,2.12624,7.32846,-3.90684,-6.26147,6.96088,3.18111,4.30449,-1.11698,6.65032,-3.67376,-1.32486,7.51636,-7.3488,0.508957,-7.02469,-2.74629,2.03849,-3.75276,-3.46279,-3.0097,-5.01423,3.05471,-2.79676,0.896487,4.52683,-6.05257,1.41457,-7.27129,1.70343,0.763444,4.76374,5.68652,7.35908,-0.328467,-1.89548,3.94479,-0.828028,-4.80551,-0.421396,-1.57476,-4.25443,6.1108
0.616667,1.60994,4.09639,2.07995,7.36284,-3.94295,-6.21095,6.84208,3.16319,4.29671,-1.08272,6.71119,-3.53754,-1.35855,7.60838,-7.34295,0.61447,-7.04701,-2.63135,2.04548,-3.72152,-3.4984,-2.9584,-4.91205,3.06558,-2.61255,1.04482,4.59718,-5.98305,1.49835,-7.22733,1.64196,0.730976,4.72552,5.74289,7.35642,-0.328554,-1.75569,4.0896,-0.771883,-4.90315,-0.402752,-1.59074,-4.2318,6.14085
0.633333,1.65366,4.11968,2.03295,7.39018,-4.01267,-6.17152,6.21729,2.80061,4.27991,-1.10746,6.66496,-3.59472,-1.41507,7.60843,-7.37325,0.6229,-7.07993,-2.59856,1.99081,-3.6864,-3.52262,-2.93213,-4.92569,3.04045,-2.51221,1.17413,4.51922,-6.01622,1.40681,-7.23161,1.58957,0.72591,4.65709,5.77602,7.33237,-0.388737,-1.69463,4.20907,-0.811892,-4.92961,-0.414923,-1.58734,-4.28411,6.14282
0.65,1.69082,4.08995,2.07105,7.35696,-4.09651,-6.16259,5.3821,2.48093,4.31208,-1.05945,6.69041,-3.60681,-1.37363,7.58091,-7.38458,0.636464,-7.09572,-2.58532,2.02568,-3.62348,-3.54608,-2.93102,-4.89725,3.05344,-2.48365,1.16221,4.52728,-6.01851,1.40118,-7.25218,1.5283,0.70114,4.68508,5.79694,7.31855,-0.162794,-1.68816,4.20729,-0.85086,-5.05762,-0.417901,-1.64263,-4.26876,6.14492
0.666667,1.73051,4.07471,2.17259,7.32058,-4.26438,-6.08348,4.54558,2.34946,4.42127,-0.931194,6.62233,-3.71046,-1.2513,7.60081,-7.36092,0.667939,-7.09476,-2.57468,2.22495,-3.43093,-3.54168,-2.84295,-4.82166,2.99541,-2.36439,1.1891,4.44757,-6.08402,1.30238,-7.26682,1.74167,0.838804,4.74933,5.66619,7.3345,0.416186,-1.66122,4.21827,-1.05809,-5.11638,-0.372499,-1.63601,-4.30212,6.12912
0.683333,1.68046,4.06763,2.18871,7.31807,-4.45634,-5.93995,4.50388,2.27911,4.58925,-0.84681,6.51511,-3.81808,-1.23057,7.61478,-7.36804,0.69208,-7.09374,-2.53455,2.3888,-3.29156,-3.52871,-2.72019,-4.74632,2.93915,-2.23308,1.21662,4.26629,-6.20659,1.14377,-7.3032,1.76024,0.89374,4.78356,5.62319,7.27683,0.852734,-1.71688,4.22074,-1.20394,-5.16165,-0.327637,-1.64856,-4.36311,6.09439
0.7,1.68165,4.11931,2.12469,7.32643,-4.5474,-5.84955,4.45253,2.33047,4.57996,-0.773437,6.53574,-3.74,-1.2905,7.62013,-7.36289,0.732829,-7.09851,-2.47938,2.44157,-3.22831,-3.53461,-2.64672,-4.69125,2.94231,-2.15455,1.23354,4.18173,-6.26002,1.07931,-7.32691,1.88085,0.784122,4.73971,5.67506,7.3175,0.867305,-1.69952,4.21665,-1.29659,-5.18166,-0.331457,-1.65809,-4.36199,6.10218
0.716667,1.68807,4.20527,2.03207,7.38165,-4.63979,-5.7704,4.39756,2.41801,4.68963,-0.90818,6.37234,-4.02561,-1.41804,7.5977,-7.37377,0.796024,-7.12387,-2.41867,2.45732,-3.21579,-3.56881,-2.59051,-4.67949,3.00584,-2.1816,1.21753,4.11417,-6.28539,0.969986,-7.34311,1.98,0.609861,4.66238,5.72548,7.29348,0.915153,-1.72572,4.20515,-1.42609,-5.1568,-0.349937,-1.67311,-4.28676,6.14591
0.733333,1.68158,4.18775,2.001,7.35856,-4.67735,-5.73943,4.32218,2.43498,4.71437,-0.951148,6.36807,-4.10496,-1.43587,7.57445,-7.41158,0.780941,-7.14484,-2.42613,2.45538,-3.23709,-3.58843,-2.58749,-4.68935,2.99818,-2.13583,1.16952,4.06198,-6.33523,0.925394,-7.36404,1.96128,0.566418,4.64191,5.73281,7.29178,0.904956,-1.72052,4.19569,-1.49898,-5.1624,-0.37378,-1.6888,-4.29902,6.12444
0.75,1.68024,4.18967,1.99497,7.36879,-4.63912,-5.73589,4.29237,2.48531,4.70859,-0.950847,6.34001,-4.11437,-1.43521,7.5798,-7.42106,0.769408,-7.14425,-2.44566,2.43842,-3.23199,-3.58839,-2.60228,-4.72165,3.01173,-2.13944,1.15544,4.06334,-6.32563,0.926122,-7.35665,1.93546,0.592472,4.62321,5.73959,7.27888,0.89587,-1.69782,4.21394,-1.52263,-5.14876,-0.381034,-1.66288,-4.30355,6.12763
0.766667,1.5848,4.15447,2.01306,7.34972,-4.56524,-5.78525,4.28108,2.53306,4.68409,-0.897676,6.37623,-4.05166,-1.4094,7.5924,-7.43042,0.753789,-7.14265,-2.45855,2.47322,-3.21027,-3.57769,-2.63192,-4.7766,3.05564,-2.26387,1.01263,4.10442,-6.29102,0.970028,-7.33919,1.91669,0.642741,4.65299,5.73452,7.24778,0.910973,-1.75933,4.14741,-1.53067,-5.13438,-0.40927,-1.64154,-4.27631,6.13943
0.783333,1.57015,4.00236,2.04483,7.32854,-4.52056,-5.83495,4.35905,2.51086,4.5865,-0.856208,6.40463,-3.98372,-1.37756,7.60174,-7.43731,0.736273,-7.15253,-2.47095,2.43422,-3.26308,-3.59043,-2.65849,-4.82592,3.08854,-2.39536,0.95753,4.11981,-6.28153,0.990813,-7.34,1.84287,0.750455,4.69714,5.70409,7.25937,0.764983,-1.78405,4.10517,-1.52108,-5.08299,-0.484128,-1.5897,-4.25189,6.16048
0.8,1.67545,4.11382,2.18649,7.27847,-4.2702,-6.01971,4.5013,2.29617,4.38914,-0.958019,6.44033,-3.91667,-1.23371,7.62095,-7.39075,0.757458,-7.1431,-2.47813,2.26918,-3.44709,-3.59343,-2.7782,-4.9026,3.19009,-2.57264,1.00771,4.22641,-6.20825,1.11972,-7.31817,1.78153,0.825886,4.80853,5.4953,7.3162,0.547231,-1.72906,4.08955,-1.38839,-5.00109,-0.594074,-1.51027,-4.13728,6.23013
0.816667,1.94142,4.14852,2.21215,7.28734,-4.13489,-6.12995,4.55921,2.14584,4.34519,-0.986454,6.53204,-3.8677,-1.20708,7.61559,-7.39378,0.759466,-7.14772,-2.47864,2.07581,-3.67149,-3.60526,-2.88171,-4.92898,3.18949,-2.46136,1.16555,4.30486,-6.15952,1.2099,-7.29461,1.76185,0.855218,4.68832,5.32124,7.31208,0.346699,-1.52548,4.27117,-1.29154,-4.99075,-0.637327,-1.46709,-4.10987,6.24682
0.833333,1.99762,4.12344,2.2422,7.27733,-4.10833,-6.13313,4.56139,2.13659,4.35285,-1.02977,6.55817,-3.90433,-1.17312,7.61621,-7.38768,0.765202,-7.13154,-2.46093,2.07723,-3.66324,-3.59428,-2.892,-4.92359,3.17185,-2.47794,1.21706,4.28471,-6.16927,1.19796,-7.30942,1.78754,0.83286,4.67201,5.24499,7.30209,0.276223,-1.52198,4.27773,-1.28447,-4.98225,-0.653102,-1.45066,-4.07219,6.25547
0.85,1.74695,4.06712,2.34108,7.25322,-4.17461,-6.08783,4.56132,2.23147,4.44506,-0.908696,6.56099,-3.90277,-1.06469,7.64177,-7.38234,0.830559,-7.15232,-2.406,2.03139,-3.68834,-3.61851,-2.84759,-4.87947,3.19771,-2.44913,1.21583,4.24082,-6.17751,1.14823,-7.31757,1.77872,0.813392,4.93929,5.37426,7.27986,0.429762,-1.47912,4.32656,-1.33432,-4.97803,-0.685411,-1.45817,-4.03442,6.2877
0.866667,1.72691,4.06624,2.37568,7.24533,-4.18424,-6.05994,4.64915,2.15441,4.49885,-0.895874,6.60094,-3.90322,-1.02664,7.63945,-7.37793,0.809257,-7.13635,-2.41169,2.02931,-3.7632,-3.59248,-2.8283,-4.84873,3.15662,-2.43376,1.197,4.25461,-6.23493,1.15547,-7.31005,1.80925,0.809042,4.9876,5.35173,7.27961,0.489543,-1.48782,4.31073,-1.32895,-4.98042,-0.664451,-1.5034,-4.04461,6.28235
0.883333,1.77767,4.07056,2.439,7.26459,-4.13964,-6.04487,4.61505,2.10505,4.51508,-0.861728,6.67017,-3.81401,-0.949701,7.6749,-7.36661,0.830692,-7.10181,-2.39604,2.05989,-3.75009,-3.55658,-2.82696,-4.80712,3.18677,-2.41785,1.29348,4.3178,-6.19098,1.2255,-7.28139,1.8512,0.841828,5.15529,5.37839,7.31298,0.480092,-1.45867,4.32224,-1.25861,-4.91554,-0.673125,-1.50297,-4.02633,6.31362
0.9,1.9088,4.04323,2.44214,7.26427,-4.19873,-6.00639,4.54792,2.11634,4.4971,-0.910889,6.62159,-3.87681,-0.942079,7.68698,-7.42567,0.85224,-7.13108,-2.36073,2.03101,-3.75091,-3.58228,-2.78069,-4.85907,3.20418,-2.45453,1.35092,4.25319,-6.22846,1.11372,-7.27532,1.90255,0.827782,5.20271,5.36467,7.31846,0.354923,-1.47246,4.33015,-1.31183,-4.83523,-0.731424,-1.51303,-4.03421,6.32372
0.916667,2.06696,4.04868,2.44882,7.26203,-4.25806,-5.9858,4.64611,2.21528,4.43233,-0.975723,6.58539,-3.84046,-0.958399,7.67017,-7.44787,0.953929,-7.16548,-2.27649,1.9648,-3.7693,-3.63277,-2.77247,-4.85034,3.31041,-2.44925,1.38182,4.1905,-6.26204,1.05091,-7.27789,1.85937,0.81765,5.25332,5.38434,7.31491,0.13245,-1.48412,4.3304,-1.34869,-4.787,-0.811644,-1.57025,-3.9269,6.40178
0.933333,2.37333,4.0421,2.47935,7.24713,-4.22809,-6.01192,4.95626,2.12653,4.33623,-1.13767,6.50913,-3.87407,-0.93616,7.68159,-7.45721,0.997633,-7.18247,-2.23057,1.9723,-3.64823,-3.66006,-2.79415,-4.88047,3.36044,-2.55473,1.33695,4.16084,-6.28952,0.965977,-7.30153,1.79487,0.807756,5.35861,5.35794,7.30909,-0.319033,-1.48019,4.37598,-1.2982,-4.6949,-0.856756,-1.57684,-3.86104,6.43443
0.95,2.42047,3.98722,2.51087,7.24624,-4.2455,-6.00113,4.96731,1.96828,4.33851,-1.1386,6.5071,-3.85054,-0.884152,7.68551,-7.4389,1.01664,-7.18643,-2.21818,1.89993,-3.70299,-3.66828,-2.7786,-4.90512,3.41314,-2.92682,0.899213,4.15421,-6.27541,0.973129,-7.30437,1.79813,0.804306,5.52955,5.20802,7.31986,-0.38182,-1.47932,4.44331,-1.26431,-4.67888,-0.909086,-1.56167,-3.81555,6.45771
0.966667,2.39286,3.95655,2.54509,7.23594,-4.23143,-6.0125,4.9583,1.93355,4.32584,-1.16048,6.52029,-3.93207,-0.85381,7.69217,-7.43481,1.07347,-7.19329,-2.15002,1.86923,-3.66363,-3.69279,-2.75514,-4.83954,3.42161,-3.29447,0.50354,4.07633,-6.29271,0.879667,-7.31426,1.83724,0.794026,5.55653,5.19561,7.32357,-0.383452,-1.46083,4.47739,-1.14821,-4.5974,-0.987683,-1.49083,-3.77406,6.46463
0.983333,2.12179,3.92552,2.68337,7.15098,-4.25403,-5.99808,4.75949,1.95536,4.38131,-1.17254,6.42342,-4.0605,-0.718507,7.70297,-7.41792,1.2111,-7.23313,-2.03495,1.77183,-3.48466,-3.75749,-2.74306,-4.77578,3.49969,-3.4129,0.470836,3.98183,-6.39075,0.740067,-7.33429,1.8961,0.737535,5.53981,5.20724,7.30747,-0.151579,-1.22605,4.47659,-1.10391,-4.61238,-1.08862,-1.42484,-3.65415,6.51868
1,2.01188,3.88034,2.82336,7.09804,-4.19872,-6.02468,4.65815,1.95404,4.42321,-1.20335,6.35301,-4.19559,-0.568811,7.70774,-7.38175,1.34759,-7.25353,-1.90304,1.68922,-3.32019,-3.82776,-2.75627,-4.72634,3.59967,-3.66494,0.462604,3.84033,-6.45073,0.567615,-7.35293,1.91509,0.643552,5.62124,5.19891,7.2869,0.0105402,-1.41298,4.52785,-1.10458,-4.6103,-1.20389,-1.36902,-3.54694,6.58532
1.01667,1.98817,3.91379,2.9249,7.08858,-4.17358,-6.02716,4.66329,1.90552,4.51818,-1.23014,6.30825,-4.31566,-0.476038,7.73915,-7.35013,1.48137,-7.26533,-1.76693,1.60653,-3.11791,-3.87447,-2.72914,-4.63975,3.67153,-3.83119,0.504722,3.72265,-6.50935,0.439019,-7.35908,1.76734,0.704751,5.70497,5.20668,7.31115,0.156506,-1.5575,4.40617,-1.20448,-4.59418,-1.27989,-1.3192,-3.46275,6.64898
1.03333,1.87075,3.89411,2.95751,7.07927,-4.03124,-6.12928,4.60383,1.84165,4.60775,-1.26136,6.19221,-4.40189,-0.440429,7.74064,-7.33682,1.51987,-7.28399,-1.72556,1.55346,-2.84611,-3.95473,-2.80618,-4.58548,3.67755,-4.15666,0.470958,3.62563,-6.57987,0.317324,-7.36637,1.60058,0.706812,5.72417,5.19448,7.31111,0.308885,-1.61162,3.88188,-1.16974,-4.5875,-1.41674,-1.27394,-3.44902,6.67849
1.05,1.68865,3.89067,2.98464,7.07567,-3.97726,-6.15908,4.55677,1.8239,4.68819,-1.24966,6.18488,-4.42257,-0.407549,7.74309,-7.31047,1.56656,-7.28104,-1.68573,1.58637,-2.71776,-3.98917,-2.86516,-4.57993,3.68912,-4.2678,0.46494,3.57928,-6.58841,0.271618,-7.36641,1.50943,0.764926,5.72244,5.23322,7.30384,0.471843,-1.48138,3.00943,-1.15149,-4.6221,-1.42377,-1.31476,-3.42743,6.7028
1.06667,1.19992,4.15311,2.985,7.06067,-3.98697,-6.1327,4.52364,1.80071,4.68711,-1.23029,6.16156,-4.43604,-0.404942,7.74969,-7.30079,1.61776,-7.30053,-1.6266,1.8694,-3.07478,-4.02156,-2.84729,-4.52429,3.64713,-4.26989,0.469597,3.58312,-6.59312,0.267646,-7.36045,1.35986,0.884576,5.64964,5.26221,7.27633,0.509803,-1.64915,2.39819,-1.17025,-4.67056,-1.3727,-1.32796,-3.43141,6.71433
1.08333,0.979623,4.38878,3.0424,7.01516,-3.9569,-6.17709,4.54954,1.70884,4.49979,-1.33957,6.1627,-4.43736,-0.346449,7.73773,-7.29061,1.68733,-7.30071,-1.62681,1.99667,-3.50144,-4.05346,-2.87839,-4.4453,3.61419,-4.38073,0.418097,3.55161,-6.5687,0.254193,-7.37025,1.46157,0.667746,5.64035,5.19827,7.29988,0.341683,-1.54621,2.18035,-1.23254,-4.68305,-1.31582,-1.30923,-3.43664,6.70502
1.1,0.803799,4.59652,3.07165,7.00245,-3.97744,-6.168,4.55059,1.68683,4.48495,-1.33204,6.19208,-4.42045,-0.318591,7.74521,-7.28236,1.68316,-7.30842,-1.56129,2.03825,-3.50416,-4.07307,-2.85844,-4.45728,3.64792,-4.38207,0.466089,3.59742,-6.55579,0.302722,-7.37286,1.58754,0.441461,5.65616,5.17365,7.30565,0.315589,-1.43435,2.16622,-1.27626,-4.70432,-1.27201,-1.28474,-3.41721,6.71279
1.11667,0.855941,4.59883,3.13823,6.99057,-3.99042,-6.16142,4.50843,1.66303,4.49034,-1.33141,6.23456,-4.42412,-0.257572,7.73472,-7.25798,1.74097,-7.31061,-1.50216,2.07062,-3.51757,-4.12356,-2.86685,-4.44837,3.70703,-4.32604,0.562083,3.62978,-6.56493,0.34633,-7.37993,1.56617,0.383247,5.68328,5.12795,7.30894,0.313288,-1.29151,2.15672,-1.3278,-4.70161,-1.25738,-1.24617,-3.31935,6.75889
1.13333,0.863077,4.57753,3.15934,6.98443,-4.01313,-6.15834,4.49428,1.6571,4.4806,-1.34658,6.23599,-4.45453,-0.246314,7.72982,-7.25111,1.78721,-7.32612,-1.45265,2.07081,-3.52566,-4.15923,-2.8552,-4.4118,3.69001,-4.35631,0.534876,3.62221,-6.57177,0.337946,-7.39263,1.57282,0.338432,5.67862,5.11531,7.30838,0.324602,-1.29414,2.14972,-1.36938,-4.67788,-1.23517,-1.18647,-3.29642,6.75847
1.15,0.826544,4.5541,3.12477,6.99411,-4.03943,-6.16301,4.38841,1.70058,4.43189,-1.33021,6.27489,-4.40006,-0.273834,7.72221,-7.25438,1.85586,-7.35696,-1.39395,2.07356,-3.57171,-4.22654,-2.85641,-4.3342,3.62842,-4.43309,0.46154,3.67802,-6.52681,0.401672,-7.39642,1.44345,0.369,5.65084,5.12553,7.30653,0.350179,-1.4215,2.13403,-1.38222,-4.65118,-1.30321,-1.18555,-3.32494,6.73768
1.16667,0.902073,4.57074,3.1216,6.99323,-3.99545,-6.19589,4.26622,1.75632,4.44807,-1.26887,6.35514,-4.24883,-0.284135,7.72177,-7.25941,1.87568,-7.37172,-1.35915,2.11792,-3.55376,-4.28383,-2.89718,-4.32427,3.62917,-4.45516,0.482635,3.79717,-6.45825,0.541665,-7.38384,1.31477,0.379717,5.6422,5.1273,7.29606,0.405121,-1.48,2.25404,-1.30644,-4.67688,-1.35314,-1.24094,-3.33334,6.74495
1.18333,0.927675,4.59628,3.11973,6.991,-3.93125,-6.23902,4.14537,1.82787,4.42252,-1.20316,6.44393,-4.11257,-0.286526,7.71829,-7.24877,1.89895,-7.37377,-1.33927,2.16204,-3.52966,-4.33534,-2.96055,-4.2981,3.61433,-4.48785,0.464507,3.9458,-6.37181,0.714141,-7.36127,1.26317,0.266746,5.6402,5.13352,7.30651,0.393006,-1.45685,2.18823,-1.20757,-4.71515,-1.39131,-1.31575,-3.33609,6.74034
1.2,0.859011,4.47664,3.15933,6.97054,-3.85395,-6.30318,3.82607,1.96214,4.35285,-1.05486,6.59244,-3.81777,-0.248319,7.71204,-7.23644,1.98593,-7.39117,-1.25265,2.22907,-3.47807,-4.47695,-3.07724,-4.22539,3.6059,-4.5241,0.472744,4.198,-6.20367,1.01381,-7.337,1.2017,0.022531,5.65102,5.07751,7.30853,0.420503,-1.41731,2.0918,-1.0548,-4.79051,-1.50337,-1.45201,-3.30345,6.74622
1.21667,0.910007,4.50014,3.26069,6.9328,-3.75528,-6.35079,3.43852,2.20572,4.33665,-0.954714,6.77448,-3.5559,-0.131847,7.71349,-7.19858,2.04408,-7.38103,-1.19687,2.29825,-3.45142,-4.575,-3.16823,-4.17195,3.63129,-4.50884,0.502101,4.42862,-6.04971,1.28733,-7.29496,1.19572,-0.105841,5.70427,4.98448,7.33243,0.429151,-1.40551,2.06955,-0.925855,-4.83829,-1.56891,-1.54248,-3.22399,6.76821
1.23333,0.8519,4.54722,3.31269,6.94706,-3.73984,-6.34354,3.29537,2.27403,4.37773,-0.943226,6.73247,-3.61195,-0.014568,7.72495,-7.17893,2.09387,-7.37466,-1.14983,2.30356,-3.44739,-4.60569,-3.17309,-4.09609,3.66493,-4.48564,0.527205,4.45512,-6.00783,1.30896,-7.2773,1.21684,-0.151435,6.07937,4.37072,7.34446,0.426448,-1.37177,2.04429,-0.911981,-4.79508,-1.57254,-1.49402,-3.22114,6.78647
1.25,0.859032,4.53091,3.40248,6.88691,-3.82598,-6.29945,3.36694,2.4319,4.43651,-0.948251,6.74202,-3.66588,0.0894907,7.72511,-7.17116,2.09147,-7.37832,-1.15086,2.02967,-3.19193,-4.5283,-3.04677,-4.10206,3.64526,-4.40059,0.445717,4.42586,-6.04352,1.2611,-7.30314,1.30047,-0.0720808,6.52534,3.62203,7.32769,0.32374,-1.40423,2.01564,-0.941674,-4.76801,-1.47406,-1.47069,-3.2226,6.77636
1.26667,0.884467,4.50082,3.4419,6.81906,-3.91696,-6.28376,3.36506,2.41,4.39164,-0.939147,6.81575,-3.54744,0.146679,7.70658,-7.20292,2.08727,-7.39771,-1.15295,1.92988,-3.17618,-4.53599,-3.04598,-4.16428,3.71101,-4.33976,0.299719,4.4602,-6.04239,1.30458,-7.32936,1.21589,-0.0476543,6.52173,3.50763,7.31406,0.23671,-1.4169,2.08351,-0.910727,-4.80002,-1.44842,-1.56979,-3.16495,6.80225
1.28333,0.941216,4.48095,3.54575,6.75462,-3.92137,-6.25505,3.41548,2.34488,4.34546,-0.909572,6.8356,-3.51301,0.265264,7.69999,-7.18815,2.17022,-7.40854,-1.07838,1.94983,-3.20675,-4.58531,-3.02699,-4.11838,3.76454,-4.30363,0.302561,4.52796,-5.97512,1.37851,-7.32273,1.19997,-0.0802771,6.53727,3.43641,7.30099,0.187301,-1.35176,2.06247,-0.797979,-4.84424,-1.46969,-1.60717,-3.07958,6.84599
1.3,1.03234,4.45298,3.68177,6.62355,-3.99625,-6.22245,3.50008,2.22737,4.35416,-0.909901,6.83357,-3.51838,0.454314,7.68862,-7.14454,2.27342,-7.4226,-0.967765,1.84454,-3.24999,-4.66414,-2.98994,-4.08629,3.89136,-4.26295,0.249527,4.54337,-5.98266,1.39282,-7.32566,1.11315,-0.104626,6.51927,3.41296,7.31526,0.217118,-1.30849,2.08706,-0.795357,-4.98322,-1.50569,-1.6969,-2.90201,6.91067
1.31667,1.06329,4.41384,3.78944,6.53034,-4.02483,-6.19815,3.55731,2.18088,4.29578,-0.993981,6.83785,-3.53865,0.617529,7.67019,-7.13004,2.38286,-7.42955,-0.871285,1.76116,-3.20924,-4.75414,-2.99306,-4.0479,4.00486,-4.1993,0.240089,4.58095,-6.00457,1.41036,-7.3153,1.1081,-0.0624262,6.61273,3.20402,7.31735,0.0104206,-1.31119,2.08886,-0.810751,-5.1021,-1.48887,-1.70134,-2.78624,6.97465
1.33333,1.05986,4.30216,3.92014,6.40539,-4.11149,-6.15047,3.58952,2.14681,4.30545,-1.01698,6.79147,-3.60765,0.773831,7.66609,-7.11129,2.42883,-7.43293,-0.811061,1.73783,-3.20347,-4.73842,-2.92222,-4.02095,4.06921,-4.21423,0.311258,4.49322,-6.04716,1.3177,-7.32181,1.09481,-0.0452399,6.58953,3.1635,7.31899,0.00567822,-1.33571,2.07374,-0.901777,-5.17019,-1.52462,-1.63903,-2.71662,6.99601
1.35,1.13021,4.29953,4.04803,6.28948,-4.14677,-6.12322,3.62986,2.16075,4.35629,-1.05868,6.72407,-3.74967,0.953521,7.63305,-7.08726,2.44337,-7.42222,-0.796152,1.83318,-3.33106,-4.70969,-2.88288,-4.00249,4.09749,-4.21494,0.368741,4.39404,-6.12695,1.19673,-7.34191,1.06444,-0.035719,6.56096,3.23824,7.34697,0.0762375,-1.35948,2.06729,-0.972141,-5.16897,-1.59671,-1.60165,-2.67894,7.00215
1.36667,1.16614,4.26872,4.16091,6.19604,-4.20201,-6.05636,3.66647,2.10174,4.38438,-1.12553,6.65486,-3.85922,1.08276,7.65504,-7.07298,2.54215,-7.4422,-0.6894,2.11781,-3.53538,-4.76083,-2.8194,-3.93408,4.14766,-4.23367,0.534996,4.28353,-6.2027,1.06779,-7.33701,1.03683,-0.0678233,6.38777,3.62379,7.35023,0.177843,-1.39458,2.01781,-1.06661,-5.11817,-1.67169,-1.5265,-2.63149,7.04246
1.38333,1.23025,4.24388,4.24816,6.11614,-4.23257,-6.02673,3.72919,2.05995,4.31579,-1.20409,6.55477,-3.98803,1.16886,7.64221,-7.05603,2.62689,-7.45085,-0.61258,2.04233,-3.54876,-4.83807,-2.81943,-3.85943,4.14412,-4.2251,0.637125,4.14966,-6.27393,0.905871,-7.35971,1.10426,-0.134204,6.25403,3.75306,7.35068,0.141877,-1.38898,1.98062,-1.17748,-5.07195,-1.69386,-1.46075,-2.63562,7.0488
1.4,1.28746,4.19449,4.28708,6.073,-4.15303,-6.07702,3.81129,1.98838,4.37326,-1.23359,6.4819,-4.11524,1.27666,7.62211,-7.01063,2.66606,-7.44475,-0.566507,1.96746,-3.53638,-4.94556,-2.89056,-3.75255,4.00794,-4.22564,0.78586,3.98447,-6.36423,0.739351,-7.36744,1.23246,-0.298412,6.54255,3.43196,7.35726,0.112746,-1.40134,1.88432,-1.19478,-4.9451,-1.68922,-1.28124,-2.75578,7.00132
1.41667,1.36167,4.16418,4.3891,5.99142,-4.24652,-6.02361,3.7919,1.97465,4.37614,-1.26042,6.43367,-4.22642,1.40679,7.58752,-6.98757,2.75542,-7.45843,-0.474539,1.98215,-3.58143,-5.00189,-2.83079,-3.6977,3.99568,-4.21363,0.784191,3.91771,-6.41673,0.658685,-7.37483,1.26922,-0.376334,6.56516,3.31806,7.34763,0.0360311,-1.4389,1.90322,-1.26318,-4.95527,-1.66641,-1.27808,-2.75344,7.00759
1.43333,1.26863,4.15893,4.55321,5.87537,-4.43473,-5.89993,3.76391,2.05181,4.46998,-1.29406,6.34107,-4.34647,1.5765,7.54301,-6.92029,2.83969,-7.45715,-0.397947,1.87938,-3.70243,-4.88182,-2.61323,-3.61234,3.97115,-4.17686,0.740474,3.78555,-6.47855,0.522148,-7.39568,1.3477,-0.389856,6.44806,3.42238,7.34892,0.157466,-1.43462,1.7986,-1.40591,-4.95917,-1.58574,-1.25688,-2.72279,7.00172
1.45,1.28636,4.16963,4.53923,5.82781,-4.53903,-5.81685,3.76201,2.036,4.50253,-1.38627,6.29399,-4.45853,1.58024,7.55569,-6.88383,2.92829,-7.4529,-0.292259,1.82645,-3.7638,-4.88041,-2.50297,-3.56416,3.97909,-4.17893,0.719244,3.66386,-6.55567,0.382609,-7.39929,1.38423,-0.397775,6.48015,3.46115,7.36021,0.116105,-1.39795,1.84175,-1.49541,-4.92688,-1.56636,-1.20612,-2.68545,7.01565
1.46667,1.31716,4.14977,4.55851,5.76737,-4.60586,-5.81665,3.74921,1.94269,4.50482,-1.43313,6.24598,-4.54403,1.61006,7.52689,-6.83657,2.96665,-7.45122,-0.231582,1.71747,-3.71683,-4.92494,-2.48877,-3.49668,3.97257,-4.17468,0.716416,3.62641,-6.61512,0.339116,-7.42669,1.3572,-0.423726,6.49808,3.4015,7.36057,0.0689561,-1.36173,1.82518,-1.5483,-4.95651,-1.58051,-1.22096,-2.64078,7.01076
1.48333,1.33382,4.17263,4.51641,5.75811,-4.65491,-5.77625,3.708,1.91086,4.51717,-1.38078,6.25323,-4.53541,1.54216,7.54881,-6.78356,3.07137,-7.4441,-0.105679,1.67965,-3.75694,-5.00531,-2.45316,-3.42715,3.97089,-4.15532,0.721124,3.61807,-6.60238,0.324,-7.4183,1.40149,-0.448528,6.47781,3.40703,7.36488,0.124971,-1.31646,1.81947,-1.56976,-4.95291,-1.56836,-1.21436,-2.60963,7.03028
1.5,1.38021,4.21264,4.44113,5.77704,-4.69452,-5.7827,3.657,1.93175,4.5335,-1.36578,6.21052,-4.52419,1.52621,7.57395,-6.74036,3.09711,-7.44492,-0.0765149,1.71816,-3.78351,-4.98706,-2.4121,-3.43497,4.01026,-4.16712,0.766696,3.57446,-6.60464,0.284624,-7.40233,1.40967,-0.453181,6.44522,3.41024,7.35974,0.182249,-1.30162,1.86702,-1.58461,-4.9171,-1.587,-1.1714,-2.54652,7.07156
1.51667,1.40375,4.2188,4.45132,5.7495,-4.71729,-5.78407,3.64666,1.92622,4.49005,-1.35191,6.2146,-4.51653,1.55018,7.54555,-6.74832,3.08476,-7.45489,-0.0946956,1.7963,-3.75143,-4.97377,-2.40249,-3.44011,4.01042,-4.21714,0.784567,3.56087,-6.62388,0.260403,-7.40703,1.39465,-0.420353,6.48796,3.38006,7.34526,0.129901,-1.29635,1.89038,-1.60559,-4.91687,-1.64639,-1.15533,-2.52453,7.07939
1.53333,1.44232,4.20062,4.4445,5.64432,-4.75684,-5.78437,3.63135,1.86499,4.43981,-1.40581,6.05231,-4.59701,1.60214,7.51987,-6.7694,2.99397,-7.4693,-0.190297,2.02872,-3.66425,-4.87036,-2.37145,-3.53614,4.05289,-4.2942,0.852323,3.47323,-6.69644,0.156516,-7.43288,1.32416,-0.446581,6.50697,3.27801,7.34167,0.0371961,-1.33001,1.88665,-1.654,-4.89057,-1.76642,-1.11895,-2.47199,7.08446
1.55,1.477,4.2243,4.35683,5.55365,-4.70011,-5.81677,3.65277,1.87429,4.4272,-1.38728,5.99221,-4.57764,1.58774,7.52979,-6.79497,2.95969,-7.45382,-0.241922,2.0397,-3.64649,-4.84993,-2.4036,-3.61122,4.13958,-4.33789,0.976418,3.38507,-6.75569,0.0559671,-7.40518,1.34991,-0.419757,6.50749,3.2682,7.34621,0.0512443,-1.35348,1.98741,-1.62806,-4.8045,-1.84403,-1.02032,-2.38956,7.12805
1.56667,1.52267,4.15675,4.36028,5.58389,-4.67629,-5.84356,3.75753,1.74066,4.51097,-1.49392,5.99903,-4.77523,1.56867,7.50395,-6.7989,2.98265,-7.45027,-0.227397,2.01925,-3.6458,-4.87924,-2.43432,-3.58401,4.15028,-4.30774,0.993084,3.38335,-6.76237,0.0613434,-7.41596,1.33963,-0.459173,6.47729,3.2435,7.34945,0.0555937,-1.25426,1.95716,-1.61874,-4.81139,-1.91249,-1.0623,-2.34785,7.11614
1.58333,1.51827,4.09837,4.41631,5.59728,-4.76253,-5.83743,3.84983,1.6389,4.52217,-1.59992,6.00275,-4.84472,1.58248,7.49596,-6.80529,2.99294,-7.45362,-0.196329,1.97957,-3.64693,-4.89098,-2.41019,-3.5479,4.15635,-4.32938,0.991467,3.29202,-6.82139,-0.0454768,-7.44026,1.34604,-0.461053,6.5086,3.17342,7.33735,0.0140516,-1.25133,1.95296,-1.69685,-4.8173,-1.94808,-1.08813,-2.29911,7.11988
1.6,1.60367,4.00294,4.47729,5.67212,-4.84325,-5.76548,3.89799,1.5842,4.56806,-1.66414,5.89495,-4.96291,1.59082,7.51479,-6.78958,3.06753,-7.46577,-0.117574,1.99792,-3.61104,-4.89664,-2.32383,-3.4923,4.1934,-4.35807,0.996173,3.1512,-6.85851,-0.187302,-7.42405,1.32546,-0.459921,6.51906,3.15039,7.31504,0.0593938,-1.2974,2.01909,-1.76457,-4.76109,-2.0169,-1.06011,-2.2388,7.15888
1.61667,1.5855,3.95276,4.51373,5.69618,-4.9223,-5.7271,3.86772,1.59645,4.53895,-1.64797,5.84943,-4.98716,1.5951,7.49975,-6.76267,3.1433,-7.4954,-0.0216151,1.97868,-3.56688,-4.96074,-2.23916,-3.50461,4.30485,-4.37401,1.10236,3.06504,-6.87336,-0.279509,-7.42879,1.26188,-0.434353,6.51619,3.12722,7.30418,0.026653,-1.11447,1.97647,-1.82644,-4.74994,-2.05347,-1.07457,-2.13756,7.20462
1.63333,1.50762,4.16901,4.5314,5.72112,-4.96473,-5.70118,3.93741,1.50361,4.37151,-1.72722,5.77431,-5.00683,1.58858,7.50133,-6.77107,3.18412,-7.51475,0.0239585,1.77603,-3.61936,-4.98458,-2.18886,-3.57588,4.40704,-4.3431,1.26398,3.01207,-6.86385,-0.34019,-7.40288,1.28609,-0.464228,6.50094,3.15463,7.28175,-0.0158934,-0.988752,1.99019,-1.85098,-4.7111,-2.09633,-1.0616,-2.06938,7.25176
1.65,1.58555,4.16155,4.6275,5.76383,-4.95947,-5.68894,4.0005,1.53692,4.36286,-1.74157,5.77054,-5.01808,1.69945,7.54419,-6.78577,3.15548,-7.51846,-0.0019831,1.55597,-3.77949,-4.92668,-2.15591,-3.6221,4.45275,-4.31741,1.37123,2.96626,-6.88988,-0.401485,-7.36508,1.40756,-0.570144,6.5262,3.14705,7.30265,-0.01977,-0.875976,2.09826,-1.86931,-4.64689,-2.0744,-1.04732,-2.06302,7.28417
1.66667,1.63397,4.14076,4.65903,5.75562,-4.98362,-5.65635,4.0664,1.52645,4.48629,-1.74632,5.70764,-5.07362,1.71452,7.54025,-6.78015,3.17118,-7.50936,0.0109847,1.53273,-3.832,-4.91352,-2.13828,-3.62192,4.4536,-4.28381,1.41344,2.91723,-6.92133,-0.45467,-7.36343,1.35065,-0.574759,6.5468,3.14848,7.31218,-0.0461084,-0.86527,2.14811,-1.88787,-4.63,-2.06404,-1.0695,-2.05665,7.28476
1.68333,1.57448,4.11138,4.58919,5.76019,-5.01654,-5.63069,4.05867,1.47794,4.57746,-1.72427,5.7007,-5.13264,1.67128,7.54577,-6.7584,3.21046,-7.5048,0.0576394,1.54138,-3.89283,-4.92454,-2.09291,-3.45808,4.37309,-4.33044,1.29017,2.90264,-6.93685,-0.475844,-7.36672,1.34558,-0.626603,6.52117,3.22633,7.30457,-0.0359032,-1.07015,2.16383,-1.89709,-4.63915,-2.05581,-1.10348,-2.05201,7.28743
1.7,1.58839,4.17971,4.52624,5.78933,-5.0864,-5.55355,4.17281,1.41596,4.65247,-1.79271,5.62274,-5.21309,1.54206,7.56492,-6.70399,3.28672,-7.48414,0.117178,1.47647,-3.93283,-4.89658,-1.9625,-3.44702,4.44236,-4.27291,1.24694,2.78553,-6.9825,-0.59218,-7.3533,1.40325,-0.659819,6.49036,3.35074,7.29158,0.0150663,-1.12477,2.22295,-1.94511,-4.59398,-2.01249,-1.06327,-1.77378,7.40522
1.71667,1.6334,4.14158,4.55167,5.68016,-5.13493,-5.53935,4.15092,1.41561,4.63153,-1.78297,5.61586,-5.23922,1.62338,7.49373,-6.69159,3.32817,-7.49934,0.155876,1.42243,-3.97562,-4.96371,-1.94477,-3.45064,4.38232,-4.28625,1.19416,2.77782,-6.99085,-0.612983,-7.3684,1.36855,-0.685239,6.51917,3.23554,7.27817,-0.0540411,-1.11827,2.1784,-1.99216,-4.61709,-2.07596,-1.06831,-1.70774,7.46428
1.73333,1.63316,4.14903,4.59926,5.57293,-5.16227,-5.52034,4.12828,1.41206,4.56794,-1.79419,5.59259,-5.27239,1.72499,7.43117,-6.66916,3.44034,-7.49866,0.255469,1.36989,-3.94791,-5.02177,-1.93116,-3.4057,4.37186,-4.24696,1.279,2.7665,-7.00067,-0.626633,-7.37572,1.33941,-0.660504,6.57639,3.16615,7.30258,-0.176301,-1.04085,2.11317,-2.01106,-4.61933,-2.11826,-1.03897,-1.61998,7.47809
1.75,1.72885,4.07028,4.62021,5.53335,-5.13028,-5.53998,4.11624,1.46898,4.52486,-1.73986,5.67669,-5.1775,1.79711,7.40516,-6.64178,3.47468,-7.47206,0.314853,1.57346,-3.77179,-5.09298,-1.96261,-3.35687,4.29719,-4.1831,1.32898,2.87152,-6.9693,-0.524019,-7.39405,1.239,-0.471212,6.59722,3.14672,7.31809,-0.197494,-0.968073,1.99858,-1.97477,-4.66168,-2.16394,-1.06496,-1.52804,7.26041
1.76667,1.73863,4.12384,4.60813,5.58269,-5.08911,-5.55759,4.14033,1.47253,4.58592,-1.75073,5.69792,-5.11898,1.75052,7.4037,-6.65949,3.47139,-7.47138,0.312617,1.84129,-3.64078,-5.10215,-1.99324,-3.4428,4.29754,-4.21336,1.32831,2.91284,-6.94199,-0.466919,-7.38898,1.20531,-0.405719,6.57809,3.20252,7.31833,-0.129484,-0.962568,2.03082,-1.941,-4.66708,-2.1684,-1.07051,-1.5382,7.30354
1.78333,1.82381,3.90244,4.54804,5.68468,-5.09739,-5.58688,4.18681,1.41058,4.66659,-1.77424,5.66607,-5.18336,1.64292,7.42213,-6.66625,3.41579,-7.48765,0.236091,1.95661,-3.71435,-5.05058,-2.00178,-3.45845,4.24712,-4.2361,1.26336,2.86534,-6.96085,-0.505924,-7.40692,1.32314,-0.5431,6.5231,3.29472,7.28888,-0.014759,-0.968865,1.99822,-1.9513,-4.66888,-2.13642,-1.06052,-1.59952,7.32062
1.8,1.84442,3.88474,4.44637,5.8221,-5.13707,-5.55204,4.28065,1.40039,4.77576,-1.77334,5.58747,-5.24313,1.46695,7.46809,-6.70355,3.43782,-7.49321,0.235464,2.12128,-3.68908,-5.03548,-1.96257,-3.42041,4.28742,-4.27413,1.268,2.80555,-6.98263,-0.585256,-7.38687,1.31408,-0.480785,6.44625,3.47749,7.25485,0.169871,-0.987766,2.04557,-1.98927,-4.62858,-2.14281,-1.01857,-1.71468,7.46608
1.81667,1.85786,3.76934,4.33311,5.95073,-5.21345,-5.50654,4.36332,1.30291,4.89635,-1.83822,5.45507,-5.29281,1.28849,7.50335,-6.76324,3.37672,-7.5236,0.213007,2.1718,-3.70175,-4.99562,-1.91165,-3.5403,4.28457,-4.33454,1.22522,2.6026,-7.05726,-0.789643,-7.37399,1.42795,-0.556859,6.34952,3.62667,7.20094,0.27944,-1.04682,2.10983,-2.08399,-4.57362,-2.113,-0.955443,-1.87687,7.45868
1.83333,1.63372,4.03453,4.30827,6.02095,-5.19395,-5.52541,4.06959,1.50634,4.92991,-1.82402,5.44439,-5.236,1.23902,7.4977,-6.76614,3.35193,-7.52426,0.179164,2.31069,-3.66194,-5.00009,-1.92157,-3.58032,4.32808,-4.35941,1.17833,2.62864,-7.0442,-0.763217,-7.37675,1.42367,-0.560207,6.32161,3.71224,7.24147,0.345146,-1.09744,2.09125,-2.07064,-4.58225,-2.11672,-0.986121,-1.94632,7.42244
1.85,1.4631,4.351,4.32616,6.11516,-5.17509,-5.52081,3.79371,1.7688,5.01447,-1.8259,5.38904,-5.35423,1.18212,7.53959,-6.77959,3.33761,-7.5279,0.176794,2.38201,-3.63693,-5.00544,-1.90346,-3.61922,4.37568,-4.35536,1.1844,2.54462,-7.05021,-0.859215,-7.34603,1.47034,-0.550833,6.30405,3.78837,7.24986,0.440109,-1.05833,2.14473,-2.07999,-4.51499,-2.06662,-0.94315,-1.92156,7.43105
1.86667,1.50155,4.29993,4.36972,6.14076,-5.19193,-5.51471,3.77619,1.71798,5.00294,-1.90476,5.32835,-5.38453,1.20452,7.55722,-6.7224,3.43067,-7.53562,0.156421,2.3475,-3.66991,-4.9649,-1.88491,-3.56819,4.35069,-4.32952,1.20292,2.48965,-7.0852,-0.909772,-7.34793,1.46028,-0.571171,6.36823,3.71401,7.28053,0.345778,-1.02711,2.07994,-2.0899,-4.50748,-2.06774,-0.983741,-1.89356,7.42271
1.88333,1.49932,4.26825,4.4317,6.13386,-5.19467,-5.48604,3.73864,1.70193,4.98585,-1.83829,5.40892,-5.37922,1.27248,7.56518,-6.70922,3.41933,-7.51667,0.181288,1.72285,-3.78766,-4.95127,-1.85646,-3.56611,4.36028,-4.29001,1.24797,2.54833,-7.04841,-0.851705,-7.3429,1.44496,-0.56233,6.40877,3.65541,7.2885,0.304426,-1.10224,2.07329,-2.08874,-4.50878,-2.03105,-1.04903,-1.84584,7.43765
1.9,1.65877,4.23175,4.55667,6.08826,-5.25387,-5.40839,3.79056,1.63374,4.84995,-1.84599,5.30572,-5.36472,1.38008,7.56116,-6.72254,3.38063,-7.49056,0.19335,1.3334,-3.97723,-4.88283,-1.79018,-3.53877,4.39246,-4.20371,1.31494,2.38967,-7.12224,-1.02493,-7.3052,1.58237,-0.70941,6.40936,3.66203,7.31721,0.2635,-1.11066,2.17158,-2.13681,-4.43319,-1.87805,-1.03872,-1.79574,7.43312
1.91667,1.72017,4.23115,4.62436,6.04374,-5.32079,-5.33959,3.79047,1.63131,4.59429,-2.04321,5.13915,-5.58243,1.47706,7.57334,-6.70601,3.40361,-7.48312,0.159734,1.25908,-4.0542,-4.84011,-1.7423,-3.49428,4.45639,-4.14144,1.34031,2.20559,-7.20788,-1.19399,-7.28973,1.66385,-0.780532,6.48163,3.5236,7.32882,0.19755,-1.15864,2.18145,-2.20381,-4.40216,-1.82537,-1.04087,-1.69387,7.42139
1.93333,1.75796,4.20875,4.64847,6.04643,-5.38824,-5.28366,3.78118,1.60818,4.5494,-2.22448,5.06619,-5.75801,1.51858,7.56244,-6.66973,3.4834,-7.49285,0.177948,1.19094,-4.09752,-4.81176,-1.70858,-3.45846,4.49435,-4.13468,1.39988,2.05796,-7.26064,-1.33524,-7.26783,1.66351,-0.829837,6.51002,3.47438,7.32815,0.0726021,-1.20942,2.20852,-2.26,-4.36481,-1.82704,-1.0169,-1.59636,7.42072
1.95,1.87174,4.16893,4.72714,6.02796,-5.42618,-5.20836,3.83458,1.574,4.62733,-2.19741,5.14226,-5.73633,1.63141,7.54784,-6.61998,3.53401,-7.47609,0.24408,1.13308,-4.13241,-4.78281,-1.65209,-3.40795,4.55685,-4.09433,1.46772,1.92802,-7.30191,-1.46915,-7.24403,1.68447,-0.853435,6.5144,3.52338,7.33187,0.070443,-1.18053,2.30568,-2.31055,-4.31082,-1.78729,-0.986379,-1.49172,7.4424
1.96667,1.92418,4.15767,4.7878,6.01694,-5.47219,-5.10957,3.89823,1.56072,4.58663,-2.31259,5.05287,-5.84121,1.69433,7.54751,-6.61912,3.4892,-7.46682,0.326277,1.08206,-4.15051,-4.76632,-1.59363,-3.42681,4.64364,-4.04095,1.52252,1.88483,-7.30963,-1.52166,-7.22401,1.71304,-0.860651,6.55331,3.47063,7.35239,0.0889429,-1.12418,2.35746,-2.37031,-4.26858,-1.74484,-0.975507,-1.43501,7.44285
1.98333,1.98313,4.14742,4.86696,5.98887,-5.48067,-5.05417,3.97627,1.52386,4.53996,-2.37656,4.94096,-5.91983,1.77213,7.54854,-6.56381,3.56515,-7.44017,0.416927,1.08051,-4.14014,-4.77396,-1.5529,-3.33767,4.69651,-4.02823,1.54064,1.92185,-7.28748,-1.48767,-7.21305,1.7163,-0.848345,6.61279,3.47779,7.37977,0.0792619,-1.08276,2.3656,-2.36745,-4.27105,-1.72863,-0.978199,-1.3749,7.45415
2,2.06763,4.09726,4.93341,5.92787,-5.48283,-5.04395,4.10366,1.40943,4.48662,-2.4179,4.96428,-5.92965,1.84167,7.49455,-6.50192,3.63778,-7.42846,0.491815,1.07474,-4.15955,-4.82096,-1.54518,-3.26629,4.7307,-4.02975,1.59752,1.92913,-7.30521,-1.48791,-7.23271,1.67438,-0.8665,6.68509,3.42214,7.36853,-0.0148748,-1.01758,2.35339,-2.37104,-4.292,-1.73647,-0.994606,-1.3095,7.44857
2.01667,2.15985,4.00272,5.00893,5.84601,-5.48859,-5.06581,4.43506,0.957071,4.46972,-2.30211,4.97786,-5.87185,1.93738,7.43732,-6.49987,3.65189,-7.43964,0.529581,1.05516,-4.17068,-4.86822,-1.57745,-3.27474,4.79007,-4.01837,1.68091,1.97502,-7.30017,-1.42949,-7.25704,1.63664,-0.85385,6.7453,3.30552,7.35011,-0.159447,-0.916726,2.29631,-2.38232,-4.32251,-1.75493,-1.01038,-1.26266,7.43298
2.03333,2.20835,4.02791,5.1637,5.73142,-5.42679,-5.11998,4.43456,0.824053,4.30083,-2.34673,5.05513,-5.82345,2.10761,7.40789,-6.4878,3.70142,-7.44873,0.579284,1.11644,-4.10555,-4.95159,-1.64194,-3.30317,4.9332,-3.91297,1.83781,2.03719,-7.27749,-1.37297,-7.27407,1.55109,-0.797111,6.78625,3.13385,7.33924,-0.343431,-0.737713,2.11428,-2.36846,-4.32155,-1.78318,-1.00029,-1.14433,7.447
2.05,2.25233,3.99511,5.24158,5.65295,-5.28515,-5.25855,4.32786,0.851354,4.17511,-2.32278,5.13977,-5.73861,2.20242,7.37091,-6.49771,3.7073,-7.46699,0.574652,1.28071,-3.97294,-5.10101,-1.78846,-3.39296,5.07621,-3.84996,1.96866,2.1505,-7.23402,-1.26744,-7.3069,1.38283,-0.685737,6.82222,3.03138,7.32695,-0.466206,-0.621265,1.98316,-2.27162,-4.31269,-1.85283,-0.987123,-1.08284,7.45029
2.06667,2.30118,3.95692,5.31603,5.5907,-5.16816,-5.38062,4.23559,0.948772,4.31038,-2.24953,5.20083,-5.70044,2.33714,7.33974,-6.48627,3.71535,-7.45716,0.567352,1.39047,-3.92069,-5.22632,-1.93137,-3.38065,5.08397,-3.84631,1.98506,2.24345,-7.20342,-1.18312,-7.33711,1.3684,-0.67922,6.87559,2.95673,7.35887,-0.565499,-0.601921,1.99614,-2.21446,-4.29546,-1.83461,-0.997269,-1.10321,7.44907
2.08333,2.352,3.90758,5.39114,5.5227,-5.05736,-5.46823,4.12888,1.13019,4.54386,-2.07132,5.33373,-5.55805,2.46469,7.30522,-6.48465,3.7281,-7.45289,0.598929,1.64403,-3.8407,-5.43844,-2.05484,-3.36002,5.10059,-3.85356,1.98288,2.40138,-7.15384,-1.02085,-7.3705,1.31218,-0.635362,6.91245,2.8536,7.33298,-0.692373,-0.603864,2.10961,-2.06584,-4.28737,-1.86931,-1.02738,-1.08714,7.45168
2.1,2.3787,3.9077,5.43733,5.48459,-4.87381,-5.62819,4.14423,1.17364,4.51482,-2.05989,5.37531,-5.5144,2.47637,7.3018,-6.48331,3.72391,-7.44275,0.586673,1.62507,-3.80126,-5.78822,-2.29403,-3.36404,5.1157,-3.84367,1.99698,2.4665,-7.11551,-0.964296,-7.38376,1.28964,-0.622319,6.92907,2.81464,7.34833,-0.729658,-0.587959,2.12736,-1.92719,-4.24791,-1.86052,-1.00212,-1.09979,7.44467
2.11667,2.35143,3.95477,5.4827,5.459,-4.86826,-5.61735,4.15516,1.18163,4.44575,-2.02653,5.40245,-5.44175,2.34041,7.3645,-6.48416,3.76228,-7.45431,0.592926,1.56976,-3.74587,-6.24394,-2.52791,-3.37988,5.13665,-3.84445,2.04326,2.49246,-7.08906,-0.926415,-7.36448,1.27665,-0.61093,6.9314,2.7874,7.33258,-0.762161,-0.581376,2.18726,-1.78934,-4.1705,-1.8854,-0.978466,-1.1021,7.46553
2.13333,2.32381,3.96492,5.48134,5.44412,-4.98228,-5.44131,4.14098,1.18658,4.39115,-2.00582,5.42177,-5.41154,2.24605,7.38517,-6.52024,3.72981,-7.46714,0.570088,1.56308,-3.71178,-6.84305,-2.66273,-3.40825,5.11796,-3.88168,2.01269,2.4922,-7.06612,-0.9398,-7.39372,1.22794,-0.592003,6.89994,2.76183,7.31532,-0.78391,-0.618445,2.19627,-1.81539,-4.11334,-1.90234,-0.992459,-1.16902,7.46202
2.15,2.33097,3.95783,5.49074,5.41419,-5.02949,-5.54066,4.01925,1.09694,4.18716,-2.04991,5.45888,-5.33384,2.15785,7.39751,-6.53642,3.66025,-7.47655,0.492344,1.42169,-3.77208,-6.82515,-2.74074,-3.44415,5.08264,-3.87542,1.987,2.57356,-7.04078,-0.858955,-7.47539,1.15985,-0.680979,6.89958,2.71465,7.30554,-0.838858,-0.598851,2.23005,-1.84639,-4.17107,-1.99046,-1.0465,-1.21359,7.43675
2.16667,2.31582,4.01083,5.47995,5.42973,-5.04196,-5.52123,4.07471,1.15848,4.14228,-1.96184,5.63334,-5.15521,2.00504,7.44401,-6.53713,3.67383,-7.47381,0.517296,1.49756,-3.76774,-6.82982,-2.72596,-3.42337,5.04732,-3.90439,1.97362,2.78613,-6.96064,-0.620434,-7.49578,0.913414,-0.697727,6.87875,2.71613,7.31875,-0.805023,-0.625516,2.36716,-1.77468,-4.29713,-2.19449,-1.13409,-1.22888,7.42629
2.18333,2.26424,4.02373,5.47746,5.42694,-5.09197,-5.48183,4.00358,1.16302,4.07756,-1.92821,5.79068,-4.95819,1.97388,7.45064,-6.51258,3.72411,-7.4754,0.571091,1.49243,-3.85292,-6.86324,-2.68336,-3.34311,4.97035,-3.96685,1.91534,3.01166,-6.8482,-0.371576,-7.51052,0.490558,-0.814845,6.89607,2.7462,7.32339,-0.795967,-0.728907,2.42758,-1.74336,-4.46681,-2.69899,-1.36092,-1.23947,7.42785
2.2,2.10982,3.98097,5.47742,5.42828,-5.12499,-5.4436,3.92091,1.23455,4.04016,-1.92221,5.81424,-4.90427,2.13289,7.39568,-6.48996,3.76254,-7.46889,0.62982,1.46227,-3.93551,-6.87623,-2.63047,-3.15614,4.73724,-4.12134,1.69233,3.03792,-6.85125,-0.354807,-7.50136,-0.00809625,-0.995395,6.88544,2.66646,7.32424,-0.848517,-1.04344,2.40496,-1.76532,-4.53364,-3.48056,-1.75134,-1.34646,7.40287
2.21667,1.93018,3.93448,5.45997,5.44502,-5.1888,-5.33678,3.8704,1.40573,3.98055,-1.8309,5.92456,-4.79168,2.55639,7.27537,-6.43257,3.87394,-7.44232,0.757267,1.39461,-3.95919,-6.90337,-2.51265,-3.01806,4.56009,-4.19506,1.6122,3.13629,-6.82059,-0.247,-7.48837,-0.467776,-1.23164,6.94154,2.58384,7.33152,-0.904631,-1.14225,2.28077,-1.78263,-4.65404,-3.55649,-1.85218,-1.54852,7.3769
2.23333,1.97404,3.87917,5.54957,5.32043,-5.27128,-5.28088,3.87777,1.40553,3.8683,-1.88904,6.1782,-4.5694,2.68908,7.20809,-6.42475,3.94289,-7.44531,0.846042,1.32024,-4.12545,-6.94079,-2.43176,-2.97033,4.44327,-4.09874,1.48361,3.3086,-6.73141,-0.0395377,-7.47706,-0.466898,-1.32809,6.92499,2.44608,7.31214,-1.03989,-1.07474,2.15956,-1.83277,-4.88077,-3.55833,-1.99497,-1.6465,7.35261
2.25,2.05626,3.82597,5.6286,5.2042,-5.34443,-5.20766,3.92821,1.34198,3.77521,-1.97073,6.06277,-4.70486,2.81094,7.14979,-6.38825,4.01969,-7.43885,0.936704,1.24861,-4.34491,-6.96861,-2.33408,-2.90856,4.32764,-4.02294,1.34902,3.41361,-6.67601,0.0546021,-7.47436,-0.5005,-1.39457,6.93321,2.36744,7.27876,-1.10603,-0.94798,2.11936,-1.91556,-5.07694,-3.58954,-2.13436,-1.7769,7.32558
2.26667,2.1394,3.78999,5.66023,5.1214,-5.4272,-5.14242,3.97985,1.29184,3.65197,-2.02938,6.0721,-4.66167,2.86658,7.10055,-6.35437,4.10833,-7.4407,1.0298,1.13103,-4.48555,-7.01462,-2.24698,-2.86311,4.19968,-3.98491,1.24974,3.47908,-6.63386,0.113738,-7.46682,-0.532724,-1.4438,6.91526,2.27611,7.25452,-1.22647,-0.819767,2.05801,-2.04393,-5.21192,-3.62531,-2.21372,-1.96516,7.2792
2.28333,2.109,3.79739,5.71894,5.0561,-5.42837,-5.11864,4.03165,1.28364,3.58592,-2.05456,6.16756,-4.53726,2.98113,7.08212,-6.33436,4.12824,-7.43326,1.06798,1.07593,-4.51476,-7.02568,-2.22354,-2.8461,4.18178,-3.97297,1.2403,3.58644,-6.58118,0.097116,-7.47673,-0.516742,-1.47648,7.01901,2.24628,7.23875,-1.31058,-0.780218,2.0315,-2.11781,-5.20514,-3.61524,-2.16506,-1.971,7.28119
2.3,1.80405,3.87999,5.72875,5.02193,-5.42461,-5.14282,3.57407,1.20244,3.56066,-2.09535,6.19341,-4.4745,3.00984,7.08085,-6.35316,4.12507,-7.44256,1.06206,1.03163,-4.51685,-7.04579,-2.24332,-2.86147,4.23578,-3.96106,1.18857,3.66256,-6.54136,0.0737788,-7.49692,-0.511556,-1.5202,7.07011,2.24687,7.21339,-1.35753,-0.959458,1.9811,-2.16907,-5.18297,-3.63569,-2.15755,-1.87646,7.3016
2.31667,1.69411,3.92394,5.72825,5.02985,-5.38385,-5.16579,3.35804,1.1471,3.57382,-2.079,6.21151,-4.45632,3.01078,7.09216,-6.30717,4.16958,-7.42079,1.102,1.04271,-4.47818,-7.04165,-2.19961,-2.82143,4.29937,-3.94881,1.17134,3.69401,-6.52786,0.0959351,-7.4996,-0.489883,-1.53796,7.08472,2.27082,7.25111,-1.34517,-1.00171,1.97947,-2.17366,-5.16748,-3.623,-2.16089,-1.73253,7.33479
2.33333,1.68013,3.91839,5.66868,5.05065,-5.38048,-5.20019,3.35646,1.08056,3.5725,-2.09053,6.23741,-4.4204,2.94542,7.10485,-6.28826,4.20686,-7.42831,1.15987,1.03608,-4.47138,-7.08512,-2.14339,-2.80888,4.30141,-3.95541,1.14904,3.725,-6.51034,0.0668323,-7.50366,-0.532861,-1.56285,7.0548,2.29674,7.31094,-1.33353,-1.00091,1.96227,-2.20086,-5.13351,-3.65399,-2.18962,-1.69497,7.33578
2.35,1.6662,3.96633,5.59106,5.11644,-5.26489,-5.308,3.58304,1.28273,3.66491,-1.90515,6.24973,-4.33182,2.83832,7.16634,-6.23629,4.32822,-7.4206,1.28466,1.15471,-4.25585,-7.12705,-2.01836,-2.77043,4.33586,-3.95127,1.12214,3.77997,-6.43501,0.122474,-7.48667,-0.61253,-1.57127,7.00258,2.40262,7.3369,-1.22814,-0.996579,1.97571,-2.09992,-4.99382,-3.7,-2.2147,-1.65197,7.37084
2.36667,1.5607,3.97069,5.57822,5.05534,-4.83776,-5.71675,3.81675,1.75446,4.01676,-1.6176,6.15797,-4.37178,2.85785,7.14501,-6.13994,4.46459,-7.38606,1.45799,1.46817,-3.87766,-7.18778,-1.85265,-2.67401,4.33481,-3.99524,0.910239,3.70164,-6.48856,0.315626,-7.48096,-0.765249,-1.70119,6.97959,2.34854,7.39611,-1.2372,-0.973812,1.8964,-1.80385,-4.83781,-3.81533,-2.43665,-1.57818,7.37376
2.38333,1.39451,4.05451,5.58469,5.01088,-4.85118,-5.69377,3.87201,1.93799,4.04921,-1.58694,6.11202,-4.35736,2.87334,7.14306,-6.07408,4.59366,-7.34988,1.60179,1.55405,-3.78741,-7.21511,-1.72135,-2.60624,4.32847,-4.0032,0.868094,3.70989,-6.47031,0.396856,-7.48102,-0.790444,-1.77982,6.96938,2.29424,7.42974,-1.2713,-0.946458,1.85813,-1.77409,-4.84451,-3.87666,-2.41544,-1.5665,7.38453
2.4,1.12544,4.18547,5.55555,4.99766,-4.92788,-5.64085,3.86429,1.73042,4.04135,-1.63206,6.06604,-4.3344,2.86384,7.13711,-5.96403,4.76812,-7.32418,1.81443,1.56518,-3.7799,-7.27895,-1.51624,-2.51522,4.29395,-4.01887,0.952752,3.70179,-6.48066,0.395475,-7.48674,-0.854554,-1.8311,6.96551,2.3063,7.43925,-1.25811,-0.943064,1.83398,-1.79621,-4.83198,-3.99571,-2.36569,-1.52471,7.38585
2.41667,0.776079,4.42811,5.60599,4.88834,-5.02695,-5.5357,3.92599,1.67017,3.97625,-1.72843,6.00938,-4.42853,2.95916,7.09868,-5.86509,4.88963,-7.29106,1.96285,1.49972,-3.83226,-7.31259,-1.36527,-2.43816,4.20967,-3.94536,1.30913,3.61524,-6.55075,0.286402,-7.51148,-0.882666,-1.82452,7.02274,2.21219,7.44865,-1.33585,-0.769433,1.87637,-1.80339,-4.7379,-4.0446,-2.28644,-1.60049,7.36616
2.43333,0.827904,4.35815,5.60844,4.7847,-5.06649,-5.51797,3.90412,1.57889,3.88014,-1.85775,5.94962,-4.47585,3.01708,7.06186,-5.77771,4.95327,-7.22795,2.04484,1.39777,-3.97865,-7.33407,-1.2743,-2.3641,4.21727,-3.92908,1.36972,3.57768,-6.6034,0.238041,-7.58281,-0.913617,-1.8451,7.047,2.11795,7.51025,-1.37397,-0.730193,1.85775,-1.73766,-4.74211,-4.08855,-2.26283,-1.53083,7.36239
2.45,0.863645,4.34673,5.62345,4.77895,-5.1013,-5.44082,3.07339,1.42775,3.89204,-1.85327,5.97901,-4.47677,3.05631,7.07264,-5.71797,5.0369,-7.20281,2.14268,1.40613,-3.96471,-7.34279,-1.17321,-2.33255,4.21845,-3.93144,1.42217,3.56085,-6.59797,0.22073,-7.58535,-0.938798,-1.83452,7.10973,2.11821,7.52065,-1.34417,-0.692547,1.86184,-1.70716,-4.76947,-4.10781,-2.20023,-1.50409,7.38406
2.46667,0.926262,4.26465,5.60564,4.74932,-5.11065,-5.38584,2.68332,1.44646,3.93671,-1.86603,5.99418,-4.45659,3.05497,7.0627,-5.63217,5.10435,-7.16987,2.24457,1.33956,-4.06674,-7.35547,-1.07024,-2.28101,4.26093,-3.92781,1.48969,3.54803,-6.60304,0.212563,-7.59198,-0.965169,-1.84531,7.12097,2.09642,7.48891,-1.31618,-0.712713,1.84063,-1.69597,-4.85386,-4.15068,-2.17463,-1.36964,7.40723
2.48333,1.01023,4.20536,5.57638,4.72771,-5.18416,-5.28765,2.70763,1.52325,3.90145,-1.88574,5.97425,-4.4483,3.05332,7.06662,-5.50415,5.24819,-7.11584,2.42864,1.26453,-4.15582,-7.38138,-0.885682,-2.214,4.22118,-3.86727,1.45762,3.51875,-6.61299,0.183043,-7.59293,-1.03039,-1.86163,7.12354,2.08439,7.45168,-1.30436,-0.611909,1.79227,-1.76437,-4.97795,-4.21018,-2.10216,-1.44217,7.4028
2.5,1.09806,4.17035,5.53183,4.66425,-5.2743,-5.19411,2.88634,1.51783,3.89259,-1.91211,5.96827,-4.44596,3.06072,7.05116,-5.3403,5.41507,-7.04602,2.64482,1.19242,-4.22166,-7.404,-0.663061,-2.16399,4.10378,-3.667,1.28938,3.49773,-6.62578,0.147845,-7.60029,-1.09853,-1.9029,7.12783,2.05479,7.4377,-1.32511,-0.443919,1.69099,-1.84661,-5.10371,-4.2933,-2.01316,-1.59145,7.36448
2.51667,1.24241,4.08842,5.46658,4.67045,-5.32464,-5.13634,3.50659,1.86128,3.78279,-1.93652,5.99947,-4.41069,3.01817,7.08238,-5.17427,5.56882,-6.96737,2.84143,1.12907,-4.28745,-7.39859,-0.448878,-2.06665,4.17285,-3.22826,1.17551,3.51839,-6.60264,0.183316,-7.58695,-1.15182,-1.9386,7.1112,2.09617,7.41749,-1.26792,0.0444857,1.38778,-1.90609,-5.18217,-4.36162,-1.94565,-1.54261,7.39098
2.53333,1.30196,4.04468,5.60776,4.66058,-5.41065,-5.043,3.90321,1.74489,3.69088,-2.12521,5.9245,-4.52373,3.09338,7.00702,-5.12108,5.616,-6.94208,2.88939,1.11132,-4.31315,-7.39639,-0.390653,-2.06025,4.17781,-2.85148,0.988053,3.38174,-6.68676,0.046458,-7.60609,-1.15811,-1.85276,7.11802,2.0021,7.23136,-1.36542,0.677809,1.12093,-2.03765,-5.1696,-4.35781,-1.9038,-1.49409,7.37486
2.55,1.43723,4.10618,5.64732,4.58743,-5.48352,-4.94945,3.94505,1.49673,3.61198,-2.14217,5.84784,-4.60637,3.20018,7.00267,-5.05902,5.66453,-6.90364,2.96559,1.0594,-4.36803,-7.39182,-0.303329,-1.97367,4.26026,-2.75909,1.11025,3.27484,-6.71291,-0.049964,-7.58391,-1.15674,-1.80526,7.10855,1.91903,7.11762,-1.42354,0.825644,1.08978,-2.17333,-5.14597,-4.37686,-1.84608,-1.28972,7.42531
2.56667,1.44605,4.13931,5.62145,4.59373,-5.58787,-4.8287,4.01128,1.04971,3.57948,-2.20076,5.78692,-4.64283,3.18342,7.0179,-5.0391,5.71053,-6.90267,3.02138,1.0048,-4.4475,-7.41171,-0.244737,-1.96748,4.29798,-2.76842,1.1503,3.1989,-6.7225,-0.109583,-7.57093,-1.16645,-1.74205,7.09489,1.9275,6.81765,-1.37629,0.843184,1.07792,-2.31551,-5.06474,-4.39253,-1.77503,-1.23395,7.45221
2.58333,1.40245,4.15264,5.60713,4.51888,-5.6144,-4.78718,4.07294,1.04774,3.57312,-2.2558,5.78172,-4.70286,3.23576,6.97735,-5.04673,5.68436,-6.91964,2.99225,0.995318,-4.49134,-7.42351,-0.27564,-1.98921,4.30726,-2.72173,1.15364,3.13856,-6.76263,-0.180838,-7.58207,-1.20839,-1.73271,7.10583,1.8484,6.80778,-1.44288,0.843749,1.06307,-2.43043,-5.01873,-4.39763,-1.76795,-1.17502,7.45596
2.6,1.37543,4.14968,5.5047,4.48904,-5.63068,-4.79583,4.16362,1.03749,3.56471,-2.27078,5.78225,-4.70575,3.17656,6.98818,-5.12319,5.6443,-6.94817,2.9369,0.974894,-4.51321,-7.43019,-0.335576,-2.00784,4.29669,-2.70733,1.15656,3.13277,-6.77726,-0.186464,-7.58711,-1.2414,-1.74967,7.08866,1.87437,6.77425,-1.41258,0.891339,1.01271,-2.48018,-4.98704,-4.38842,-1.78597,-1.14492,7.4516
2.61667,1.36722,4.1453,5.47209,4.47417,-5.55015,-4.92167,4.14356,1.05289,3.62852,-2.22358,5.85442,-4.66261,3.14757,6.99843,-5.14913,5.63799,-6.92709,2.91134,1.04818,-4.49755,-7.41069,-0.357877,-1.97705,4.24313,-2.72918,1.10433,3.22009,-6.75162,-0.111439,-7.52845,-1.24922,-1.76027,7.09707,1.89505,6.85496,-1.40056,0.82663,0.951573,-2.40638,-5.03876,-4.39456,-1.86485,-1.25852,7.41737
2.63333,1.35159,4.12648,5.3453,4.38553,-5.45887,-5.02816,3.98992,1.39765,3.64491,-2.15956,5.87397,-4.65821,3.13387,6.99839,-5.15369,5.61256,-6.92187,2.87766,1.11661,-4.45116,-7.38638,-0.398994,-1.97174,4.20499,-2.71031,1.07227,3.22982,-6.76437,-0.0805924,-7.52698,-1.27192,-1.76413,7.11746,1.89635,6.9191,-1.41861,0.669276,0.92498,-2.34982,-5.07136,-4.39302,-1.93641,-1.36443,7.38912
2.65,1.34524,4.09545,5.4755,4.54266,-5.43164,-5.08429,3.75922,1.65996,3.69356,-2.20026,5.903,-4.61554,3.10717,7.01186,-5.09374,5.6129,-6.90775,2.89464,1.12508,-4.43179,-7.38888,-0.382538,-1.97259,4.17426,-2.70115,1.01689,3.2797,-6.74735,-0.0179464,-7.52268,-1.30666,-1.77795,7.11282,1.97697,6.92497,-1.36323,0.529404,0.887749,-2.3207,-5.07849,-4.42144,-1.97281,-1.54055,7.3452
2.66667,1.39301,4.10985,5.75811,4.75164,-5.41513,-5.10662,3.72917,1.90961,3.70954,-2.15895,5.96423,-4.60024,3.17869,6.98982,-5.04621,5.65197,-6.89298,2.91996,1.17802,-4.41948,-7.38531,-0.35077,-1.95646,4.16522,-2.68518,0.982361,3.31491,-6.7186,0.024844,-7.52133,-1.26628,-1.79374,7.11276,2.01591,6.95968,-1.35325,0.522995,0.807795,-2.26096,-5.04542,-4.41143,-1.95802,-1.54859,7.34196
2.68333,1.38233,4.16515,5.84266,4.8219,-5.35859,-5.20015,3.87331,1.92883,3.78106,-2.06153,5.95468,-4.56605,3.20524,6.98526,-5.08128,5.62496,-6.91736,2.90244,1.22803,-4.30006,-7.39725,-0.381205,-2.00144,4.17643,-2.84139,0.94707,3.29126,-6.70571,-0.000918846,-7.50765,-1.24311,-1.69863,7.08617,2.03034,7.07841,-1.35609,0.697817,0.832463,-2.15324,-4.90752,-4.43993,-2.00651,-1.58831,7.35266
2.7,1.31308,4.23747,5.87619,4.79438,-5.33347,-5.23347,3.90114,1.91754,3.85467,-1.97104,5.93545,-4.59342,3.24918,6.96009,-5.13482,5.55056,-6.96092,2.82372,1.21481,-4.08588,-7.38995,-0.449754,-2.01258,4.17989,-3.31515,1.0645,3.25575,-6.72181,-0.0478275,-7.50548,-1.28181,-1.65056,7.05634,1.92816,7.22827,-1.43913,0.721766,0.928131,-2.10391,-4.77551,-4.40269,-2.03555,-1.5751,7.35924
2.71667,1.26829,4.28521,5.92231,4.71797,-5.3754,-5.19537,3.93805,1.87806,3.96811,-1.88219,5.87376,-4.59959,3.33199,6.92643,-5.19678,5.45239,-7.0222,2.718,1.34202,-4.0433,-7.3834,-0.555763,-2.03896,4.16604,-3.71936,1.23934,3.22235,-6.73173,-0.0837542,-7.51841,-1.18701,-1.70913,7.03155,1.78641,7.37941,-1.54768,0.694462,1.06118,-2.11171,-4.73272,-4.34171,-2.0321,-1.62465,7.35141
2.73333,1.24164,4.30983,5.91293,4.68343,-5.5898,-5.01349,3.94678,1.54893,3.94981,-1.81676,5.86176,-4.61607,3.33459,6.91335,-5.28698,5.42153,-7.05769,2.63311,1.41828,-4.03942,-7.38248,-0.640674,-2.07929,4.18134,-3.95117,1.35542,3.22627,-6.73567,-0.091233,-7.53371,-1.09228,-1.71297,7.00586,1.74403,7.40136,-1.57491,0.619849,1.11307,-2.20034,-4.91095,-4.2892,-1.93178,-1.61179,7.35243
2.75,1.17452,4.34293,5.85875,4.69372,-5.60325,-5.01228,3.97263,1.4242,3.97153,-1.95619,5.92101,-4.58979,3.27525,6.93342,-5.33131,5.34797,-7.07129,2.57703,1.35428,-4.09956,-7.38522,-0.696601,-2.13773,4.21958,-3.96504,1.37147,3.25956,-6.72295,-0.0356607,-7.52967,-1.08081,-1.69807,6.99712,1.80407,7.39993,-1.53249,0.589644,1.16612,-2.16867,-5.04582,-4.27798,-1.93656,-1.49829,7.36855
2.76667,1.15677,4.3211,5.83749,4.71152,-5.55784,-5.07201,3.98932,1.42764,3.93295,-1.97497,5.94752,-4.55992,3.24967,6.93835,-5.35596,5.3218,-7.0712,2.54695,1.30834,-4.13788,-7.384,-0.737631,-2.14878,4.21641,-3.97269,1.35708,3.29416,-6.72674,0.0127476,-7.54441,-1.08681,-1.70313,6.98355,1.84049,7.39333,-1.50051,0.586215,1.17751,-2.10421,-5.11386,-4.27994,-1.97653,-1.5356,7.35761
2.78333,1.15917,4.2795,5.78658,4.765,-5.45837,-5.18347,4.04656,1.37994,3.8328,-2.04932,5.96417,-4.55897,3.17983,6.96873,-5.37108,5.31485,-7.07329,2.53898,1.14888,-4.21041,-7.38766,-0.746278,-2.14296,4.2061,-3.80066,1.29817,3.30946,-6.74479,0.028427,-7.53136,-1.10845,-1.7688,6.98124,1.91344,7.24466,-1.42643,0.595452,1.15756,-2.00174,-5.07285,-4.29071,-2.04563,-1.54107,7.35165
2.8,1.12643,4.27051,5.76954,4.78613,-5.33822,-5.31148,4.09447,1.30854,3.77633,-2.1062,5.9612,-4.55916,3.14387,6.99078,-5.39699,5.26187,-7.09587,2.47755,1.02973,-4.27365,-7.37669,-0.816955,-2.16339,4.2001,-3.30518,1.06534,3.3125,-6.75759,0.024796,-7.53128,-1.14275,-1.76395,7.0056,1.97783,7.14024,-1.39137,0.606503,1.19482,-1.87152,-5.03891,-4.28546,-2.13941,-1.57811,7.34752
2.81667,1.11722,4.28436,5.75229,4.81157,-5.34589,-5.28333,4.12665,1.27045,3.80412,-2.07732,6.00036,-4.5207,3.13006,7.02393,-5.41853,5.25081,-7.09701,2.45208,1.06426,-4.20422,-7.35039,-0.844608,-2.18269,4.18992,-2.90301,0.920582,3.34725,-6.72184,-0.00233932,-7.5146,-1.14131,-1.67586,7.06313,2.04502,7.1159,-1.34019,0.613336,1.22801,-1.93813,-5.01811,-4.23987,-2.12349,-1.60851,7.34785
2.83333,1.07576,4.32618,5.75611,4.82211,-5.36587,-5.25254,4.15791,1.25581,3.77041,-2.09093,5.99742,-4.52363,3.13129,7.03402,-5.48434,5.17761,-7.11589,2.35601,1.07532,-4.19461,-7.33364,-0.940645,-2.22441,4.19825,-2.86519,0.94562,3.36746,-6.72135,-0.00713025,-7.51396,-1.08754,-1.69043,7.09079,2.06756,7.06381,-1.31685,0.644881,1.26302,-2.00929,-5.02151,-4.18482,-2.12226,-1.56146,7.35002
2.85,1.06114,4.35517,5.74347,4.83938,-5.38321,-5.20957,4.15369,1.19515,3.76502,-2.09275,5.99319,-4.49813,3.12209,7.05768,-5.52297,5.19356,-7.12585,2.36822,1.07375,-4.17937,-7.34363,-0.929737,-2.23996,4.21599,-2.86082,0.992727,3.3646,-6.68486,-0.0147315,-7.48929,-1.09714,-1.67446,7.08499,2.09487,7.05123,-1.29061,0.640513,1.29217,-2.09459,-4.98261,-4.18682,-2.09271,-1.58292,7.37702
2.86667,1.04902,4.36137,5.74269,4.83717,-5.37076,-5.2303,4.13519,1.23196,3.75469,-2.02928,5.97558,-4.49087,3.11413,7.06295,-5.54491,5.19576,-7.13994,2.36168,1.08843,-4.13077,-7.34922,-0.936864,-2.25562,4.20217,-2.86826,0.999832,3.35586,-6.67218,-0.0247841,-7.48422,-1.10962,-1.6724,7.07923,2.09073,7.05964,-1.29891,0.617501,1.30816,-2.13232,-4.96839,-4.19342,-2.09718,-1.61112,7.37516
2.88333,1.0042,4.41324,5.80476,4.73878,-5.24823,-5.33758,4.09245,1.72095,3.86127,-1.93194,5.95022,-4.54549,3.23602,7.01117,-5.58619,5.14748,-7.14056,2.30646,1.1923,-3.97812,-7.32597,-0.995155,-2.26065,4.19845,-2.92287,0.996476,3.27164,-6.70454,-0.00948813,-7.47972,-1.07906,-1.63347,7.11261,1.9881,7.25364,-1.4183,0.656915,1.40072,-2.05621,-4.92113,-4.16425,-2.17351,-1.68127,7.36554
2.9,0.963072,4.52643,5.95179,4.72334,-5.18098,-5.37489,3.96122,1.89332,3.94203,-1.94648,5.90183,-4.57836,3.38052,6.96463,-5.61818,5.07046,-7.14665,2.20482,1.28517,-3.91659,-7.2757,-1.10631,-2.27553,4.1975,-2.9389,1.03121,3.24061,-6.74667,-0.0668268,-7.47277,-1.02157,-1.57306,7.16699,1.92142,7.35576,-1.5003,0.623089,1.53268,-2.03871,-4.83816,-4.05738,-2.21009,-1.68428,7.36284
2.91667,0.844636,4.67442,6.03504,4.61264,-5.18073,-5.37964,3.76634,1.89957,3.97672,-1.96458,5.84253,-4.67703,3.48653,6.88486,-5.74102,4.90777,-7.20889,2.00855,1.317,-3.89604,-7.24278,-1.29463,-2.35079,4.19606,-2.92584,1.03812,3.13796,-6.81919,-0.173222,-7.49298,-0.959272,-1.54927,7.19598,1.77602,7.40483,-1.66179,0.473146,1.69447,-2.07278,-4.74747,-3.92588,-2.24965,-1.68388,7.34865
2.93333,0.798795,4.73926,6.02664,4.59174,-5.17723,-5.41172,3.79584,1.84265,3.96486,-1.90568,5.85053,-4.69506,3.47501,6.87673,-5.81018,4.83171,-7.25576,1.90597,1.39489,-3.87657,-7.23809,-1.39794,-2.42066,4.18744,-2.94116,1.03525,3.13376,-6.82963,-0.190419,-7.50679,-0.942779,-1.5002,7.16499,1.74717,7.41421,-1.6841,0.546324,1.69801,-2.07094,-4.73866,-3.89359,-2.27149,-1.72257,7.33899
2.95,0.823757,4.7805,6.03214,4.61385,-5.12736,-5.42248,3.99949,1.80393,3.93878,-1.85989,5.84935,-4.69014,3.47621,6.88078,-5.79952,4.83005,-7.25817,1.91925,1.42843,-3.87501,-7.24402,-1.3809,-2.42453,4.1759,-2.96434,1.04049,3.12613,-6.81831,-0.181468,-7.5009,-0.94449,-1.47533,7.1519,1.73298,7.40885,-1.68634,0.698526,1.67066,-2.07507,-4.69383,-3.91981,-2.29231,-1.73074,7.33882
2.96667,0.8115,4.76841,6.04741,4.57474,-5.13052,-5.4547,4.02007,1.53415,3.93363,-1.85282,5.82586,-4.72635,3.50473,6.84736,-5.82828,4.87543,-7.23084,1.94544,1.43801,-3.89281,-7.24426,-1.35425,-2.41362,4.15701,-2.94746,1.02245,3.0986,-6.84472,-0.199122,-7.49899,-0.875303,-1.41807,7.10475,1.64772,7.41506,-1.74217,0.728613,1.74308,-2.06182,-4.66285,-3.97695,-2.33339,-1.74758,7.31558
2.98333,0.838257,4.73368,6.02855,4.59329,-5.24272,-5.36553,4.0072,1.33421,3.92911,-2.00432,5.84158,-4.72623,3.47603,6.85222,-5.8476,4.86955,-7.23983,1.92782,1.35431,-3.97348,-7.24786,-1.37472,-2.39121,4.2105,-3.00787,1.08292,3.10184,-6.83011,-0.193344,-7.51084,-0.972918,-1.43686,7.07976,1.66071,7.39662,-1.72239,0.712067,1.69948,-2.13145,-4.67144,-3.9717,-2.29415,-1.64278,7.33489
3,0.820768,4.73985,6.01805,4.58885,-5.33783,-5.27121,4.04615,1.2968,3.87691,-2.08112,5.81625,-4.7539,3.46754,6.85211,-5.88325,4.838,-7.25604,1.87421,1.28857,-4.04086,-7.23362,-1.44059,-2.44235,4.24876,-3.34147,1.16345,3.0861,-6.81879,-0.209421,-7.51258,-0.912807,-1.45741,7.0742,1.6663,7.31038,-1.72287,0.759182,1.69233,-2.19935,-4.696,-3.93093,-2.24404,-1.52866,7.34974
3.01667,0.734161,4.87719,6.05887,4.58131,-5.4757,-5.10042,3.82901,1.19226,3.77049,-2.14676,5.77423,-4.78747,3.51077,6.84784,-5.92263,4.78173,-7.26022,1.80626,1.20101,-4.13446,-7.21005,-1.50619,-2.45388,4.30841,-3.57581,1.26188,3.02524,-6.84084,-0.274196,-7.49573,-0.834552,-1.39656,7.13516,1.64807,7.23755,-1.73907,0.530099,1.8548,-2.2998,-4.69802,-3.88736,-2.15875,-1.44723,7.37496
3.03333,0.708167,4.94604,6.09578,4.55343,-5.70195,-4.84362,3.53732,0.937804,3.58403,-2.32032,5.7367,-4.87444,3.56117,6.83372,-5.92988,4.74537,-7.27475,1.757,0.967507,-4.36356,-7.1814,-1.54357,-2.46453,4.3044,-3.90414,1.35136,2.96334,-6.86749,-0.350466,-7.48781,-0.766447,-1.36938,7.20685,1.63245,6.9346,-1.73517,0.282043,1.99317,-2.4969,-4.77001,-3.86919,-2.05661,-1.43685,7.38035
3.05,0.734536,4.94103,6.12704,4.51802,-5.78384,-4.69502,3.74466,0.872094,3.50136,-2.38287,5.708,-4.93914,3.59469,6.80577,-5.8955,4.75723,-7.2591,1.74676,0.875262,-4.45946,-7.15269,-1.583,-2.46256,4.30072,-3.89236,1.35403,2.91761,-6.90062,-0.418266,-7.50328,-0.685097,-1.36901,7.24915,1.61736,6.82522,-1.7464,0.470933,1.9574,-2.55351,-4.76814,-3.77966,-2.05777,-1.39096,7.39687
3.06667,0.780477,4.93376,6.1837,4.43051,-5.84982,-4.60281,4.21063,1.57557,3.46836,-2.47826,5.67595,-5.0177,3.65933,6.74614,-5.88386,4.7435,-7.24399,1.75527,0.753411,-4.48302,-7.14311,-1.56076,-2.4118,4.27266,-3.88302,1.32835,2.87351,-6.95337,-0.460353,-7.5206,-0.641451,-1.28613,7.24204,1.54501,6.7916,-1.82235,0.835645,1.92083,-2.56716,-4.80717,-3.76293,-2.08785,-1.36287,7.37278
3.08333,0.792518,4.93527,6.18412,4.43266,-5.90592,-4.51998,4.16207,1.61796,3.40652,-2.4735,5.64339,-5.03269,3.68856,6.7467,-5.85282,4.80969,-7.22694,1.83927,0.712314,-4.51935,-7.16957,-1.47546,-2.40744,4.29896,-3.88216,1.35615,2.84857,-6.93954,-0.494473,-7.49697,-0.625074,-1.29597,7.25911,1.53659,6.73676,-1.81922,0.854938,1.93873,-2.54592,-4.83679,-3.77143,-2.05663,-1.3373,7.39892
3.1,0.783219,4.96349,6.19623,4.41433,-5.95129,-4.46642,4.12227,1.60696,3.32389,-2.44601,5.60444,-5.06552,3.70444,6.73827,-5.81067,4.84872,-7.2247,1.91613,0.635622,-4.506,-7.20379,-1.39384,-2.40388,4.27668,-3.89096,1.32728,2.8026,-6.96023,-0.534523,-7.42508,-0.626875,-1.27718,7.22203,1.48205,6.66251,-1.8462,0.854845,1.99011,-2.55735,-4.93641,-3.76221,-2.0616,-1.37773,7.40163
3.11667,0.794519,4.99121,6.2274,4.38243,-6.01439,-4.39411,4.09684,1.60788,3.34288,-2.526,5.56617,-5.09749,3.75356,6.71718,-5.75689,4.90764,-7.20414,2.00169,0.575129,-4.50928,-7.22234,-1.31337,-2.38234,4.28309,-3.89331,1.34345,2.75205,-6.97151,-0.582559,-7.3987,-0.604382,-1.25224,7.21904,1.42988,6.67598,-1.89886,0.863262,2.01825,-2.59811,-5.00293,-3.74443,-2.04227,-1.38542,7.41357
3.13333,0.780609,4.99694,6.23598,4.37145,-6.07142,-4.34082,4.09275,1.62244,3.36705,-2.60232,5.55832,-5.11492,3.75647,6.70053,-5.73206,4.95609,-7.19264,2.06222,0.567608,-4.56021,-7.24809,-1.25364,-2.38381,4.26017,-3.901,1.31674,2.75269,-6.96803,-0.607195,-7.4092,-0.580643,-1.26884,7.20036,1.38517,6.70711,-1.93242,0.845172,2.02244,-2.6816,-5.12181,-3.71864,-2.05723,-1.42251,7.39811
3.15,0.785952,5.03579,6.25737,4.36521,-6.10166,-4.28216,4.13566,1.67044,3.33589,-2.5969,5.55449,-5.11511,3.77974,6.70493,-5.68956,5.00383,-7.18065,2.12022,0.51966,-4.53978,-7.25818,-1.19725,-2.36394,4.25856,-3.90198,1.32522,2.74598,-6.95692,-0.627829,-7.39444,-0.547663,-1.24553,7.22125,1.37942,6.76752,-1.95909,0.84954,2.06497,-2.75089,-5.17718,-3.68941,-2.05755,-1.44204,7.40615
3.16667,0.75333,5.08081,6.2739,4.30236,-6.16516,-4.22814,4.13533,1.65431,3.26724,-2.59364,5.53508,-5.12075,3.81394,6.65646,-5.64888,5.04455,-7.17886,2.18278,0.442531,-4.51804,-7.28886,-1.13788,-2.35297,4.21165,-3.92928,1.29523,2.72899,-6.96156,-0.653135,-7.40706,-0.528457,-1.21982,7.20014,1.30708,7.05008,-2.08849,0.841578,2.11864,-2.85239,-5.28776,-3.65816,-2.09577,-1.5356,7.37671
3.18333,0.726186,5.2119,6.33776,4.24541,-6.26104,-4.06553,4.03134,0.842664,3.4771,-2.46985,5.47437,-5.17151,3.8832,6.61292,-5.50832,5.2113,-7.1094,2.36922,0.50348,-4.13025,-7.31379,-0.943269,-2.28069,4.12422,-3.93958,1.21889,2.66285,-6.99367,-0.749905,-7.43474,-0.500843,-1.003,7.17713,1.20537,6.97668,-2.1539,0.988787,2.25229,-3.11055,-5.44208,-3.5512,-2.15801,-1.72726,7.31733
3.2,0.70132,5.39224,6.39947,4.15804,-6.34647,-3.97109,4.03399,0.652719,3.35956,-2.60051,5.37673,-5.28168,3.94786,6.53523,-5.3836,5.32659,-7.04418,2.5124,0.290518,-4.03332,-7.32722,-0.784512,-2.18687,4.05152,-3.96498,1.20458,2.55393,-7.06727,-0.880156,-7.46642,-0.52193,-0.912644,7.19547,1.08813,6.75559,-2.22543,1.05318,2.30361,-3.3269,-5.51354,-3.53144,-2.16989,-1.92478,7.23849
3.21667,0.623197,5.78231,6.4328,4.1118,-6.418,-3.8667,3.77331,0.573624,3.2304,-2.74377,5.31535,-5.33786,4.00112,6.50092,-5.27645,5.43396,-7.00757,2.6163,0.0986458,-4.07756,-7.34483,-0.664759,-1.93246,3.99509,-3.9512,1.31233,2.43386,-7.06143,-0.992994,-7.44689,-0.545643,-0.856369,7.25161,1.03485,6.6152,-2.26594,0.839106,2.46291,-3.44922,-5.42487,-3.54753,-2.06575,-2.21252,7.14215
3.23333,0.676216,6.04724,6.49651,4.056,-6.39124,-3.86665,3.86579,0.350642,3.12084,-2.84161,5.29049,-5.40109,4.07432,6.47311,-5.23827,5.46341,-6.98019,2.64092,0.0752015,-4.35472,-7.30302,-0.653806,-1.66255,3.99677,-3.90679,1.45011,2.38874,-7.08468,-1.04276,-7.44946,-0.120492,-0.597128,7.29551,0.973752,6.48796,-2.27008,1.21108,2.64986,-3.40382,-5.2311,-3.57496,-1.90778,-2.26346,7.12393
3.25,0.701848,6.29957,6.51323,4.00577,-6.3343,-3.98572,3.80521,0.344826,3.11093,-2.82074,5.25213,-5.46441,4.11375,6.42627,-5.30706,5.38599,-7.01281,2.54504,0.145484,-4.47725,-7.3017,-0.778178,-1.37473,4.03564,-3.8504,1.66817,2.35414,-7.13259,-1.0956,-7.47053,0.63383,-0.595539,7.31577,0.932391,6.54149,-2.34158,1.65516,3.23764,-3.23146,-4.93001,-3.78015,-1.72625,-2.32922,7.08059
3.26667,0.806337,6.73664,6.53988,3.93979,-6.26975,-4.04925,4.0167,0.67969,3.21525,-2.74955,5.16112,-5.54,4.17842,6.4033,-5.37356,5.35755,-7.05087,2.47752,0.311479,-4.55179,-7.29175,-0.870573,-0.988954,4.22953,-3.37501,1.7705,2.25107,-7.17346,-1.21519,-7.42428,0.919519,-0.458173,7.26935,0.850321,6.65005,-2.44882,2.1922,3.89114,-3.16002,-4.61016,-3.98007,-1.5131,-2.42119,7.07881
3.28333,0.867157,7.12613,6.55891,3.87331,-6.26616,-4.06033,4.18833,0.872404,3.20752,-2.74242,5.16366,-5.57942,4.2535,6.37517,-5.44148,5.29562,-7.08531,2.4125,0.327815,-4.52951,-7.29025,-0.900583,-0.890079,4.28535,-2.96809,1.63451,2.2061,-7.17948,-1.25757,-7.37669,1.13872,-0.2251,7.27494,0.754551,6.65891,-2.52822,2.34594,3.90342,-3.14186,-4.60664,-3.95296,-1.50551,-2.51335,7.06726
3.3,0.928057,7.27518,6.55174,3.8563,-6.27514,-4.03113,4.1316,0.845772,3.22028,-2.72362,5.10154,-5.54957,4.26644,6.36887,-5.493,5.31012,-7.10556,2.41096,0.365488,-4.44229,-7.29794,-0.891255,-0.84389,4.32472,-2.3122,1.38798,2.17199,-7.16217,-1.27808,-7.34281,1.0896,-0.205816,7.22452,0.716843,6.66454,-2.53451,2.40885,3.81785,-3.15247,-4.54033,-3.98563,-1.49949,-2.55293,7.07733
3.31667,0.838474,7.47177,6.56895,3.8008,-6.25833,-4.0263,4.16849,1.08148,3.23858,-2.75596,5.11775,-5.60283,4.2825,6.3279,-5.47665,5.3236,-7.09937,2.41632,0.399977,-4.41577,-7.29148,-0.879962,-0.985734,4.20778,-1.89484,1.15678,2.16389,-7.16352,-1.28722,-7.37016,1.17374,-0.154885,7.24803,0.650792,6.67291,-2.5714,2.3112,3.84458,-3.10679,-4.50359,-3.98101,-1.52214,-2.51035,7.08652
3.33333,0.709572,7.50125,6.53358,3.76891,-6.30705,-3.99943,4.15276,1.19691,3.18985,-2.78212,5.08472,-5.62598,4.2939,6.34899,-5.48837,5.34264,-7.11399,2.45354,0.371668,-4.43012,-7.31148,-0.828291,-1.02154,4.2121,-1.88083,1.15401,2.11907,-7.16229,-1.32704,-7.37751,1.17109,-0.152348,7.2143,0.600063,6.63454,-2.59053,2.28949,3.87164,-3.17015,-4.4882,-4.00441,-1.51233,-2.49727,7.09849
3.35,0.739339,7.54862,6.55484,3.74202,-6.30981,-3.98039,4.14206,0.994681,3.20768,-2.78188,5.09142,-5.64636,4.32495,6.30714,-5.42523,5.3473,-7.08995,2.47528,0.41095,-4.43316,-7.28957,-0.770778,-0.927339,4.22947,-1.88157,1.20106,2.11816,-7.18857,-1.34576,-7.3712,1.11859,-0.251463,7.20133,0.568799,6.66265,-2.61455,2.38101,3.68773,-3.14285,-4.44908,-3.98277,-1.46162,-2.45187,7.10235
3.36667,0.796392,7.53924,6.55481,3.72275,-6.33714,-3.9702,4.1674,0.411563,3.1865,-2.78907,5.06725,-5.68797,4.35451,6.31905,-5.44815,5.38995,-7.09404,2.50104,0.380652,-4.44087,-7.30624,-0.752438,-0.850833,4.28919,-1.93624,1.24934,2.06831,-7.19564,-1.39172,-7.36471,1.01101,-0.405575,7.18162,0.542649,6.64394,-2.65117,2.41736,3.43699,-3.18063,-4.40755,-3.99319,-1.43205,-2.42459,7.11156
3.38333,0.796509,7.54699,6.55494,3.68284,-6.36391,-3.91326,3.94961,0.471301,3.20911,-2.81078,5.04919,-5.69829,4.38032,6.3159,-5.41297,5.45569,-7.07734,2.56465,0.327957,-4.35796,-7.30486,-0.659757,-0.856429,4.29494,-1.94351,1.29338,2.04329,-7.18434,-1.41847,-7.34648,0.858262,-0.56339,7.25338,0.578569,6.65769,-2.6783,2.3442,3.29597,-3.18497,-4.36857,-3.9963,-1.39693,-2.40421,7.13591
3.4,0.833991,7.56174,6.55087,3.65592,-6.3564,-3.91218,3.65758,0.550803,3.28067,-2.71236,5.02133,-5.6791,4.40035,6.2834,-5.40601,5.45863,-7.07768,2.57401,0.308502,-4.07057,-7.30922,-0.651091,-0.845306,4.31566,-1.94252,1.29463,2.0126,-7.18927,-1.44457,-7.34711,0.721653,-0.805638,7.31629,0.553704,6.75163,-2.73291,2.49927,3.6853,-3.15574,-4.31127,-3.99961,-1.40036,-2.38639,7.14329
3.41667,0.81009,7.62995,6.54648,3.62879,-6.36293,-3.91417,3.61885,0.491224,3.25904,-2.73296,5.04331,-5.71214,4.41074,6.27458,-5.38911,5.44495,-7.07586,2.57104,0.253404,-4.0963,-7.30475,-0.660045,-0.819658,4.3194,-1.99748,1.25134,2.01628,-7.19498,-1.43419,-7.36635,0.653938,-0.812846,7.32499,0.550502,6.72916,-2.73288,2.52251,3.69181,-3.11986,-4.32011,-4.0063,-1.41903,-2.36983,7.14797
3.43333,0.773824,7.22174,6.53638,3.65401,-6.35781,-3.95271,3.74616,0.45216,3.29708,-2.72869,5.0575,-5.71292,4.38323,6.27791,-5.42301,5.42166,-7.09111,2.5447,0.225631,-4.0388,-7.30818,-0.692716,-0.775131,4.37,-2.33425,1.36121,2.02763,-7.20681,-1.416,-7.38049,0.703735,-0.784959,7.30663,0.576833,6.77141,-2.7324,2.53603,3.69069,-3.01201,-4.3471,-4.01229,-1.4384,-2.39438,7.15311
3.45,0.679566,7.22752,6.53204,3.636,-6.33171,-3.96418,4.2049,0.848745,3.40949,-2.6318,5.05666,-5.70523,4.39829,6.28083,-5.47543,5.40642,-7.1188,2.51639,0.412144,-4.04788,-7.30919,-0.729938,-0.8083,4.38017,-2.91701,1.63623,2.01963,-7.19626,-1.42409,-7.36757,0.604756,-0.765287,7.24892,0.555031,6.8905,-2.78042,2.50639,3.71724,-2.92728,-4.38729,-4.01756,-1.40249,-2.45078,7.14805
3.46667,0.866968,7.05573,6.61262,3.57135,-6.31648,-3.96099,4.22876,1.00234,3.55168,-2.55417,5.05833,-5.74163,4.46537,6.2407,-5.44812,5.43669,-7.09424,2.51345,0.637467,-4.1384,-7.30035,-0.740464,-0.856609,4.35344,-3.31464,1.85996,2.01199,-7.19167,-1.42629,-7.3515,0.579037,-0.909646,7.23501,0.469825,7.00966,-2.86092,2.4772,3.71966,-2.9061,-4.40183,-3.98517,-1.34513,-2.44307,7.15592
3.48333,0.873256,7.17397,6.66148,3.5062,-6.34273,-3.92802,4.20917,0.933239,3.52871,-2.43789,4.8786,-5.80823,4.54164,6.18363,-5.41277,5.46904,-7.07279,2.56366,0.65626,-4.08357,-7.31459,-0.702575,-0.76192,4.43149,-3.49629,2.11653,1.84621,-7.21259,-1.59231,-7.31256,0.248407,-0.869333,7.25556,0.297887,6.98119,-2.99567,2.5472,3.61131,-2.8971,-4.34631,-3.97163,-1.0785,-2.36995,7.16549
3.5,0.903737,7.27945,6.71438,3.39554,-6.34544,-3.89762,4.19528,0.74858,3.5087,-2.65081,4.80538,-5.87323,4.65987,6.09565,-5.34535,5.46106,-7.05336,2.59275,0.533175,-4.11943,-7.30945,-0.677685,-0.646365,4.51256,-3.60316,2.41479,1.72712,-7.26161,-1.68207,-7.28853,-0.49131,-1.00147,7.22301,0.161924,6.93401,-3.07459,2.64282,3.49054,-2.91241,-4.31599,-3.9609,-0.864478,-2.31748,7.14405
3.51667,1.06996,7.22497,6.75674,3.29024,-6.38332,-3.88175,4.18096,0.480127,3.30049,-2.88857,4.72763,-6.04985,4.72356,6.01841,-5.33492,5.47613,-7.0604,2.61782,0.273165,-4.18876,-7.33367,-0.651863,-0.569006,4.44833,-3.64561,2.62642,1.58937,-7.30804,-1.82194,-7.25954,-0.799164,-1.14675,7.19424,0.0163318,6.7662,-3.17446,2.75967,3.37497,-2.91654,-4.27115,-3.99109,-0.674778,-2.35173,7.13887
3.53333,1.72954,7.19686,6.8055,3.19535,-6.45408,-3.80269,4.16475,0.380865,3.21253,-2.98872,4.60821,-6.17349,4.77587,5.9393,-5.26011,5.59982,-7.04367,2.68877,0.218908,-4.20935,-7.35569,-0.581192,-0.413919,4.64564,-3.20662,2.59151,1.45632,-7.35821,-1.93647,-7.26355,-0.913725,-1.27843,7.1821,-0.0780155,6.65442,-3.24134,2.86337,3.29061,-3.029,-3.81724,-3.98254,-0.671991,-2.2712,7.15556
3.55,2.00116,7.44554,6.86704,3.12397,-6.43815,-3.82285,4.28954,0.252004,3.19722,-3.02824,4.53183,-6.20553,4.82731,5.90721,-5.31757,5.54041,-7.04228,2.66752,0.243474,-4.226,-7.34309,-0.596582,-0.191857,4.84833,-2.57443,2.48875,1.36507,-7.3923,-2.00493,-7.25588,-0.935177,-1.22128,7.20119,-0.121278,6.64675,-3.32407,2.95177,3.25869,-3.03292,-3.69153,-3.94631,-0.522791,-2.34521,7.12526
3.56667,2.1316,7.43745,6.91892,3.02613,-6.4179,-3.82046,4.26045,0.18572,3.25455,-3.02557,4.48269,-6.26892,4.92001,5.84954,-5.33443,5.53,-7.04571,2.66752,0.275065,-4.20163,-7.34347,-0.593668,-0.123512,4.89999,-2.05036,2.16329,1.29806,-7.36829,-2.09192,-7.22861,-0.966919,-1.16852,7.17605,-0.204724,6.67766,-3.44603,2.96401,3.3333,-3.01969,-3.6809,-3.93299,-0.491916,-2.37349,7.13172
3.58333,2.21449,7.41842,6.93684,2.92861,-6.44039,-3.83832,4.24813,0.145022,3.18692,-2.99689,4.40708,-6.26449,4.97658,5.78308,-5.37085,5.5241,-7.07625,2.64291,0.215108,-4.27596,-7.3524,-0.624047,-0.0848809,4.92165,-1.8226,2.08356,1.24135,-7.36608,-2.18105,-7.21028,-0.914045,-1.15075,7.21307,-0.247929,6.63451,-3.52038,2.94024,3.35484,-3.04917,-3.57552,-3.95002,-0.385322,-2.42284,7.12321
3.6,2.39125,7.37399,6.99959,2.74651,-6.38148,-3.93246,4.23576,0.240961,3.22826,-2.98475,4.2976,-6.37305,5.10727,5.66672,-5.4557,5.45045,-7.13387,2.53529,0.148018,-4.27854,-7.35455,-0.731183,-0.0698611,5.0096,-1.71294,2.16084,1.08666,-7.3689,-2.31822,-7.15206,-0.667063,-1.09153,7.20901,-0.380619,6.60606,-3.68198,2.86102,3.37856,-3.05396,-3.36014,-4.01398,-0.185232,-2.54712,7.09605
3.61667,2.59288,7.31046,7.0751,2.53539,-6.25781,-4.08716,4.27287,0.284161,3.16375,-2.89794,4.07711,-6.51115,5.26406,5.50692,-5.51721,5.35184,-7.1782,2.41152,-0.00858077,-4.30632,-7.31011,-0.906121,-0.0602949,5.12565,-1.55895,2.25082,0.842153,-7.37408,-2.56179,-7.06452,-0.406675,-0.992205,7.21032,-0.612305,6.48178,-3.88303,2.72507,3.26491,-3.13809,-2.95267,-4.15767,0.208162,-2.68276,7.06208
3.63333,2.76197,7.27865,7.13878,2.36346,-6.16777,-4.19131,4.2506,0.188445,3.10753,-3.01946,3.84806,-6.56912,5.39693,5.38746,-5.49592,5.331,-7.18097,2.40004,-0.10938,-4.22197,-7.29756,-0.98893,-0.00180621,5.20912,-1.52672,2.30351,0.625449,-7.42625,-2.75848,-6.99664,-0.30697,-0.898533,7.1889,-0.867553,6.41935,-4.05216,2.26003,2.81776,-3.19531,-2.74001,-4.26361,0.400725,-2.71485,7.07149
3.65,2.90663,7.21974,7.20638,2.18932,-5.98526,-4.31427,4.29733,0.125954,3.03101,-3.07145,3.71961,-6.70955,5.51792,5.22027,-5.13788,5.73858,-7.16741,2.49497,-0.119292,-4.09288,-7.27392,-1.2012,0.187181,5.07866,-1.55044,2.33063,0.453767,-7.41025,-2.92325,-6.93947,-0.302472,-0.785325,7.12845,-1.07951,6.29284,-4.20728,1.5509,2.14799,-3.18039,-2.71871,-4.30341,0.414513,-2.30547,7.28079
3.66667,3.06863,7.14576,7.27464,2.00069,-5.90679,-4.60527,4.31739,0.0424574,2.92828,-3.14152,3.49914,-6.77885,5.60292,5.04879,-4.79968,6.05591,-7.16146,2.54759,-0.210276,-4.16653,-7.23238,-1.53895,0.368965,4.97765,-1.68276,2.27406,0.259716,-7.45432,-3.10968,-6.89419,-0.345303,-0.867328,7.08671,-1.27723,6.15882,-4.37254,1.59055,1.87916,-3.27785,-2.78097,-4.39315,0.35112,-1.91249,7.49927
3.68333,3.10985,7.05553,7.34822,1.89535,-5.73405,-4.83185,4.36742,-0.0924687,2.84791,-3.25322,3.47735,-6.83322,5.65587,4.92786,-4.6181,6.13984,-7.11715,2.66366,-0.351708,-4.20571,-7.19345,-1.69983,0.416567,4.9273,-2.02378,2.52227,0.185724,-7.47968,-3.19862,-6.86671,-0.357161,-1.00312,7.05554,-1.34903,6.11271,-4.44905,1.68352,1.8153,-3.32036,-2.77683,-4.46325,0.371947,-1.71232,7.61142
3.7,3.13935,6.99423,7.36968,1.83363,-5.76431,-4.82378,4.31901,-0.220484,2.80653,-3.37524,3.3923,-6.93038,5.65654,4.86505,-4.52999,5.92719,-7.07823,2.78537,-0.449802,-4.19393,-7.20897,-1.7329,0.433307,4.87583,-2.47831,3.03811,0.0965458,-7.49384,-3.29691,-6.85199,-0.372542,-1.04692,7.01703,-1.38622,6.05032,-4.54005,1.66486,1.76715,-3.40552,-2.71357,-4.4411,0.474807,-1.69995,7.62406
3.71667,3.24635,6.91504,7.42189,1.7118,-5.86176,-4.75928,4.22541,-0.261757,2.80803,-3.36338,3.28993,-6.95951,5.72161,4.74248,-4.75257,6.11742,-7.041,2.85588,-0.448307,-4.15492,-7.22344,-1.62942,0.468313,4.89728,-2.47954,3.43692,-0.0224675,-7.49102,-3.41225,-6.81133,-0.399338,-1.00699,7.07135,-1.46924,5.98944,-4.63058,1.60317,1.79367,-3.42521,-2.67945,-4.52894,0.423719,-1.74697,7.61576
3.73333,3.4277,6.83723,7.49915,1.54689,-5.91527,-4.62442,4.04846,0.101498,2.8259,-3.16222,3.11424,-7.01484,5.83676,4.6028,-5.05009,5.79132,-7.00596,2.91526,-0.356713,-4.09069,-7.23228,-1.52298,0.479464,5.14719,-2.37882,3.66673,-0.194917,-7.52391,-3.55745,-6.75093,-0.35528,-0.977628,7.11258,-1.63015,5.89153,-4.73267,1.33396,1.97982,-3.43189,-2.61939,-4.48437,0.474919,-2.06116,7.5134
3.75,3.54497,6.78854,7.53649,1.37574,-6.01802,-4.52973,4.07789,0.887266,3.01688,-2.9024,3.00288,-7.11734,5.91969,4.43792,-5.2051,5.64486,-7.03703,2.80967,-0.34315,-4.07698,-7.26503,-1.38291,0.467988,5.32026,-2.04038,3.43664,-0.334677,-7.5539,-3.67352,-6.74846,-0.362782,-0.977243,7.11301,-1.80815,5.77733,-4.85198,1.03547,2.10646,-3.4302,-2.65282,-4.41205,0.452982,-2.22908,7.40643
3.76667,3.684,6.69783,7.55131,1.24461,-6.17661,-4.30317,4.09699,1.59369,3.19381,-2.67011,2.86462,-7.17741,6.02742,4.30462,-5.27822,5.57762,-7.08121,2.73959,-0.315827,-4.0901,-7.31061,-1.13045,0.505873,5.45739,-2.15908,3.72672,-0.479001,-7.56346,-3.82312,-6.66783,-0.435257,-0.859121,7.09071,-1.93564,5.66624,-4.94742,0.914944,2.23558,-3.45008,-2.61961,-4.33219,0.519051,-2.30039,7.3691
3.78333,3.72547,6.51739,7.60352,1.14445,-6.16644,-4.27514,4.14736,1.59012,3.48461,-2.46464,2.75946,-7.19583,6.11933,4.21138,-5.36293,5.50716,-7.09774,2.64683,-0.290664,-4.11338,-7.28443,-0.981905,0.495196,5.51336,-2.16908,3.69098,-0.628001,-7.50397,-3.92299,-6.58157,-0.427838,-0.765325,7.09229,-2.0446,5.58526,-4.9852,0.978961,2.27689,-3.42816,-2.5678,-4.22255,0.599024,-2.37133,7.29449
3.8,3.74165,6.23246,7.63419,0.996344,-6.20927,-4.10267,4.21061,1.53659,3.80982,-2.37726,2.64355,-7.27942,6.24782,4.05893,-5.44213,5.39656,-7.10603,2.50797,-0.226043,-4.17886,-7.27408,-0.790097,0.502052,5.66032,-2.23018,3.15493,-0.748884,-7.46634,-4.01812,-6.52522,-0.629048,-0.41731,7.05323,-2.21826,5.48492,-5.08474,1.12919,2.39508,-3.35719,-2.55287,-4.14677,0.575297,-2.46232,7.25455
3.81667,3.84397,6.15536,7.6359,0.900482,-6.31235,-4.08019,4.27354,1.49459,3.81887,-2.40478,2.54606,-7.29331,6.3137,3.96076,-5.45972,5.34193,-7.11259,2.4544,-0.0625448,-4.2695,-7.28787,-0.813728,0.589398,5.86661,-2.12109,2.978,-0.810345,-7.49311,-4.07526,-6.49624,-0.884489,0.053253,7.04883,-2.3278,5.4137,-5.14554,1.19668,2.54963,-3.14096,-2.50864,-4.12697,0.512353,-2.47591,7.23014
3.83333,3.94201,6.25784,7.61316,0.892811,-6.35781,-4.07202,4.13639,1.16341,3.77487,-2.39294,2.48499,-7.29187,6.29786,3.95472,-5.49053,5.36164,-7.14254,2.49077,0.0830345,-4.3249,-7.32181,-0.785694,0.667936,6.16472,-2.06051,2.95553,-0.87511,-7.47,-4.1386,-6.43943,-0.462682,0.1266,7.00112,-2.34242,5.3523,-5.14292,1.34686,2.861,-2.80301,-2.27891,-4.17585,0.535247,-2.49801,7.25402
3.85,3.98573,6.28929,7.5907,0.903023,-6.38305,-4.04918,4.11526,0.856913,3.48411,-2.50523,2.47147,-7.28891,6.29448,3.97367,-5.48144,5.36857,-7.1404,2.51164,0.202456,-4.31238,-7.32358,-0.774333,0.688415,6.24494,-2.06623,2.97531,-0.896778,-7.4781,-4.1645,-6.42571,-0.203089,0.244976,7.0372,-2.31643,5.32554,-5.12785,1.8723,3.18037,-2.5834,-2.12445,-4.19173,0.569172,-2.48568,7.26314
3.86667,4.0385,6.4547,7.59724,0.957758,-6.35674,-4.09027,4.08949,0.70462,3.24992,-2.64641,2.51175,-7.24122,6.25975,4.03025,-5.48938,5.34228,-7.14002,2.48995,0.372268,-4.27913,-7.30716,-0.79575,0.650022,6.19704,-2.057,3.00141,-0.854981,-7.46185,-4.12298,-6.43412,0.599058,0.683051,7.08603,-2.25723,5.35405,-5.09841,2.29338,3.43114,-2.18672,-1.82262,-4.17804,0.54052,-2.4964,7.25511
3.88333,4.10876,6.57192,7.61648,1.00539,-6.28209,-4.10343,3.98509,0.745284,3.32611,-2.63048,2.5638,-7.19776,6.25424,4.06416,-5.49555,5.30991,-7.13212,2.4436,0.47996,-4.37675,-7.29206,-0.837721,0.672555,6.34602,-2.33757,3.08905,-0.761575,-7.47892,-4.04178,-6.48143,0.729357,0.825538,7.11824,-2.21125,5.40585,-5.04971,2.33177,3.57058,-1.86379,-1.77249,-4.12555,0.374988,-2.51158,7.19986
3.9,4.04902,6.5894,7.62284,1.05212,-6.34447,-4.17395,3.91799,0.830944,3.51047,-2.51501,2.65221,-7.2109,6.25033,4.10688,-5.5088,5.25575,-7.14631,2.39129,0.687254,-4.35285,-7.27553,-0.904005,0.699454,6.59675,-2.68178,3.29087,-0.704936,-7.47997,-3.99498,-6.49403,0.639683,0.887969,7.10066,-2.18518,5.42593,-5.03118,2.15965,3.67822,-1.6323,-1.8417,-4.16483,0.410558,-2.52945,7.15234
3.91667,3.97584,6.60357,7.62582,1.09703,-6.34332,-4.18024,3.8525,1.01924,3.83699,-2.30876,2.69414,-7.19958,6.22052,4.13017,-5.54911,5.21891,-7.1622,2.35463,1.00561,-4.10759,-7.26213,-0.9519,0.678872,6.87359,-2.68568,3.36167,-0.649631,-7.49372,-3.94647,-6.53085,0.577534,0.934357,7.12907,-2.14606,5.462,-4.99197,1.95534,3.8139,-1.70193,-2.13265,-4.20258,0.447219,-2.58019,7.11057
3.93333,3.90307,6.63471,7.58633,1.20296,-6.29585,-4.20162,4.18945,1.42045,3.84571,-2.0922,2.76694,-7.15216,6.1635,4.20394,-5.5864,5.19295,-7.19278,2.32523,1.1311,-3.97307,-7.25642,-1.00479,0.604319,7.05248,-2.50272,3.94081,-0.576834,-7.47148,-3.88841,-6.54834,0.939638,0.872706,7.14557,-2.05088,5.49605,-4.91358,1.85101,3.93706,-2.10768,-2.90065,-4.21632,0.412003,-2.6366,7.0969
3.95,3.84228,6.6151,7.59014,1.21549,-6.27183,-4.18372,4.20777,1.54195,3.81206,-2.03473,2.79481,-7.15637,6.14013,4.20694,-5.56614,5.19354,-7.19314,2.32628,1.20253,-3.94845,-7.2489,-0.996823,0.555129,7.06361,-1.9756,3.96591,-0.583657,-7.48664,-3.8857,-6.5601,1.19607,0.358186,7.13521,-2.03837,5.51874,-4.90921,1.79453,3.97882,-2.79912,-3.18749,-4.21971,0.427517,-2.63205,7.08719
3.96667,3.90619,6.54856,7.5956,1.15995,-6.28235,-4.19392,4.19093,1.54671,3.83109,-2.18921,2.82084,-7.16799,6.17423,4.14188,-5.59094,5.22906,-7.19076,2.32398,0.943563,-4.15811,-7.25199,-0.971937,0.540956,6.95809,-1.37096,3.96775,-0.62656,-7.48821,-3.91367,-6.54693,1.39451,-0.0205904,7.08355,-2.09588,5.50583,-4.94601,1.78663,3.89045,-2.83669,-3.17118,-4.22249,0.432231,-2.62478,7.03748
3.98333,3.99986,6.49052,7.59128,1.07735,-6.32307,-4.16797,4.20125,1.54584,3.84904,-2.31793,2.74349,-7.20722,6.22456,4.07497,-5.54187,5.24942,-7.16845,2.36532,0.537709,-4.31467,-7.2542,-0.95643,0.617447,6.95613,-1.35103,3.4633,-0.688919,-7.49347,-3.95882,-6.52426,1.40552,-0.147809,7.07243,-2.17828,5.46178,-5.00651,1.85501,3.8836,-2.88923,-3.17162,-4.2202,0.434605,-2.60758,7.04951
4,4.01693,6.46118,7.60104,1.01674,-6.36451,-4.10964,4.22419,1.53071,3.83364,-2.36082,2.67327,-7.2504,6.26779,4.03475,-5.47702,5.32865,-7.13571,2.43265,0.148481,-4.19029,-7.26583,-0.861751,0.815941,6.99485,-1.34381,2.64159,-0.766035,-7.47018,-4.03447,-6.48379,1.09441,-0.394915,7.07477,-2.24505,5.4155,-5.05213,1.88168,3.9221,-2.93031,-2.97043,-4.17691,0.464035,-2.52287,7.07918
4.01667,4.04979,6.41937,7.58896,0.957656,-6.40887,-4.06772,4.10315,1.15985,3.80425,-2.37462,2.58182,-7.27889,6.2948,4.00517,-5.43715,5.4087,-7.13814,2.49016,-0.0989987,-4.05676,-7.29385,-0.812579,0.782146,6.68249,-1.36221,2.10065,-0.835672,-7.47336,-4.09917,-6.45039,0.795864,-0.839403,7.035,-2.28105,5.34527,-5.10111,2.05105,3.78271,-3.08195,-2.57718,-4.19822,0.48509,-2.49526,7.09252
4.03333,4.10286,6.37995,7.58774,0.897009,-6.44574,-4.0051,4.10378,0.810445,3.46545,-2.58364,2.5381,-7.31874,6.31585,3.96619,-5.30333,5.44307,-7.10919,2.56703,-0.22175,-3.99976,-7.3099,-0.726485,0.883296,6.41846,-1.23801,1.91351,-0.904571,-7.46515,-4.15641,-6.39875,0.699567,-0.79613,7.01401,-2.32587,5.30331,-5.15276,2.31289,3.64682,-3.12195,-2.4697,-4.18117,0.544247,-2.41365,7.11318
4.05,4.14787,6.31333,7.57137,0.847768,-6.47749,-3.98153,4.1887,0.383892,3.0285,-2.8933,2.46837,-7.32415,6.32626,3.92634,-5.29743,5.50347,-7.09437,2.59847,-0.168839,-3.82731,-7.31017,-0.678939,0.901063,5.99885,-1.27896,2.05679,-0.944843,-7.47373,-4.2052,-6.39182,0.705185,-0.70717,7.01913,-2.34895,5.25925,-5.1982,2.51731,3.41786,-3.14545,-2.51652,-4.17694,0.581059,-2.40097,7.11881
4.06667,4.15632,6.31264,7.59443,0.836737,-6.46309,-3.92926,4.31177,0.0811588,2.85429,-3.06725,2.42683,-7.29663,6.35942,3.9169,-5.15047,5.62642,-7.0495,2.65485,-0.305815,-3.98071,-7.2946,-0.613123,0.772288,6.06963,-1.61828,2.5942,-0.99025,-7.46106,-4.23176,-6.35044,0.547913,-0.89326,7.03296,-2.3499,5.27223,-5.20893,2.63192,3.14535,-3.15366,-2.49574,-4.14673,0.663757,-2.27485,7.1608
4.08333,4.20361,6.31477,7.60834,0.813647,-6.42447,-3.90222,4.04742,-0.0243616,2.76502,-3.22373,2.4245,-7.30083,6.37571,3.88733,-4.58476,5.18597,-7.03974,2.67695,-0.448762,-4.10296,-7.3042,-0.566908,0.835504,5.87058,-1.746,3.37743,-0.987732,-7.45416,-4.23263,-6.34667,0.305901,-0.986165,7.03793,-2.4164,5.22532,-5.22525,2.57662,3.2262,-3.16607,-2.48404,-4.17502,0.684356,-2.12681,7.22694
4.1,4.22868,6.27406,7.61146,0.76643,-6.41969,-3.821,3.48676,0.0316239,2.71881,-3.24283,2.35827,-7.29717,6.37622,3.8432,-4.46021,4.98763,-7.03198,2.75129,-0.558963,-4.05986,-7.3339,-0.548489,0.858505,5.9933,-1.43007,3.83223,-1.04796,-7.45211,-4.29293,-6.30717,-0.0976364,-0.952969,7.00963,-2.46281,5.17743,-5.24776,2.7067,3.59056,-3.20896,-2.46776,-4.21003,0.707847,-2.17822,7.25574
4.11667,4.28889,6.21123,7.6234,0.657304,-6.48595,-3.75303,2.91641,0.0634221,2.70975,-3.25056,2.24204,-7.35498,6.43406,3.75179,-4.02128,4.4973,-7.02973,2.75331,-0.52611,-4.05328,-7.34906,-0.477162,0.934933,6.28019,-0.842378,3.65326,-1.18919,-7.44331,-4.39982,-6.26986,-0.487565,-0.927877,6.98469,-2.56217,5.09878,-5.33072,2.53756,3.73482,-3.23116,-2.49934,-4.20403,0.709106,-2.24777,7.29001
4.13333,4.30858,6.17505,7.61864,0.600247,-6.55842,-3.68371,2.73004,-0.094407,2.59327,-3.37392,2.16579,-7.34967,6.46288,3.69397,-3.58532,4.42719,-6.99497,2.84525,-0.569665,-4.00423,-7.31707,-0.379457,0.974135,6.0333,-0.521674,3.28217,-1.25221,-7.43703,-4.4469,-6.25305,-0.516271,-0.878117,6.95799,-2.60875,5.04021,-5.36618,2.65145,3.56354,-3.30143,-2.39489,-4.15131,0.841884,-2.15135,7.40324
4.15,4.30901,6.19177,7.61974,0.624049,-6.62034,-3.54748,2.7626,-0.234986,2.47319,-3.4845,2.20968,-7.39846,6.439,3.70936,-2.92221,4.25506,-6.95036,2.9629,-0.646601,-4.02693,-7.34464,-0.251257,1.01015,5.69357,-0.158732,2.58742,-1.20996,-7.43978,-4.43673,-6.24154,-0.469876,-0.871207,6.91454,-2.60115,5.03884,-5.36298,2.954,3.3583,-3.36293,-2.22408,-4.03895,1.05471,-1.95458,7.51038
4.16667,4.31391,6.20252,7.62683,0.639307,-6.63023,-3.47682,2.70219,-0.30161,2.458,-3.57097,2.24973,-7.353,6.45739,3.72274,-2.8072,4.23224,-6.90903,3.03739,-0.767908,-4.09424,-7.3572,-0.182992,1.10707,5.48914,0.012197,2.63674,-1.17935,-7.41,-4.39168,-6.26335,-0.437058,-0.817139,6.9763,-2.57473,5.08563,-5.34134,3.10412,3.30446,-3.38192,-2.10374,-3.94194,1.20442,-1.78004,7.5411
4.18333,4.25994,6.23762,7.60698,0.688346,-6.65234,-3.45259,2.78511,-0.255023,2.43383,-3.51371,2.27174,-7.36571,6.40639,3.75846,-2.81662,4.24694,-6.89737,3.10903,-0.799673,-4.14159,-7.34686,-0.136211,1.06337,5.52143,-0.00723688,2.66258,-1.13805,-7.40698,-4.36003,-6.28206,-0.481267,-0.836258,7.00225,-2.54186,5.09777,-5.32081,3.04263,3.31287,-3.39019,-2.10545,-3.98847,1.19651,-1.84182,7.56614
4.2,4.18255,6.18101,7.59197,0.690063,-6.67053,-3.35481,3.8804,-0.367791,2.50558,-3.37553,2.19096,-7.33637,6.40964,3.7818,-2.92183,4.08226,-6.86479,3.19513,-0.725412,-4.1582,-7.35697,-0.0656374,0.915697,5.64879,0.0283142,2.64692,-1.22681,-7.34469,-4.43995,-6.2059,-0.502395,-0.858352,6.95782,-2.53743,5.05989,-5.33782,3.21861,3.07755,-3.35086,-2.19561,-4.13634,1.06253,-2.06177,7.43765
4.21667,3.9576,5.84399,7.55168,0.599008,-6.70418,-3.33743,4.29074,-0.556543,2.4615,-3.3842,2.07207,-7.35026,6.41603,3.71191,-2.94037,3.93831,-6.87015,3.2173,-0.739563,-4.18273,-7.4008,-0.0646007,0.590592,5.76111,0.0892366,2.61277,-1.34576,-7.35728,-4.52398,-6.18126,-0.545648,-0.855805,6.88372,-2.65638,4.96785,-5.40757,3.34833,2.85135,-3.3806,-2.28476,-4.16143,0.948558,-2.46354,7.35988
4.23333,3.99667,5.86492,7.53799,0.556336,-6.6866,-3.38058,4.2675,-0.542846,2.45389,-3.38695,2.14025,-7.39157,6.44325,3.69481,-2.94548,3.93851,-6.86825,3.23777,-0.766101,-4.14507,-7.39926,-0.109198,0.54499,5.80041,0.141536,2.62199,-1.31353,-7.3609,-4.49747,-6.18641,-0.330755,-0.805443,6.98312,-2.67228,4.99645,-5.38548,3.44873,2.91077,-3.40205,-2.30742,-4.18628,0.968226,-2.3959,7.34451
4.25,3.75184,5.579,7.52642,0.589562,-6.60613,-3.56947,4.36401,-0.627869,2.42522,-3.44611,2.17443,-7.37095,6.42862,3.72049,-3.16947,3.9376,-6.85853,3.30576,-0.799396,-4.1096,-7.40298,-0.310596,0.50801,5.69462,-0.0945688,2.51848,-1.26617,-7.3917,-4.48941,-6.21603,0.0342659,-0.881066,7.02631,-2.67475,5.03212,-5.36849,3.23243,2.68279,-3.42092,-2.32386,-4.25933,0.978826,-2.36408,7.31189
4.26667,3.56949,5.46438,7.52014,0.631317,-6.494,-3.72032,4.33424,-0.593549,2.45589,-3.42889,2.23208,-7.36261,6.43298,3.76359,-3.55035,4.0055,-6.81901,3.40032,-0.786963,-4.08015,-7.37131,-0.468086,0.382659,5.3739,-0.590852,2.22977,-1.21579,-7.39794,-4.43406,-6.24104,0.278749,-0.926074,7.08073,-2.64921,5.07469,-5.343,2.60864,2.30851,-3.44672,-2.30875,-4.29518,1.0239,-2.34558,7.31333
4.28333,3.62584,5.42943,7.50705,0.584888,-6.63374,-3.47855,4.33977,-0.642216,2.44028,-3.45838,2.1937,-7.36712,6.45023,3.73294,-3.6742,4.16213,-6.87847,3.26568,-0.868084,-4.0276,-7.31804,-0.179558,0.339525,4.99622,-1.04147,2.06059,-1.28325,-7.39081,-4.4835,-6.21261,0.289346,-0.925738,7.02817,-2.6635,5.02887,-5.37332,2.14325,2.02712,-3.54319,-2.28512,-4.13807,1.19808,-2.14189,7.35763
4.3,3.691,5.49303,7.50484,0.545544,-6.63417,-3.49704,4.36339,-0.664646,2.43454,-3.47215,2.19407,-7.37228,6.46791,3.69695,-3.71867,4.15573,-6.90205,3.19282,-0.906023,-4.02014,-7.34407,-0.11379,0.514684,4.8902,-1.05411,2.06032,-1.2742,-7.41728,-4.46327,-6.23927,0.212096,-0.949747,6.9947,-2.65291,5.01061,-5.38041,2.16699,1.85833,-3.56927,-2.31644,-4.16933,1.22433,-2.13774,7.29739
4.31667,3.63063,5.36582,7.51734,0.526424,-6.61044,-3.50838,4.42533,-0.677971,2.46302,-3.52111,2.16441,-7.41192,6.50172,3.67622,-3.77105,4.21448,-6.91368,3.12977,-0.867354,-3.99651,-7.39794,-0.120025,0.439534,5.15981,-1.06323,2.21995,-1.28075,-7.42083,-4.51007,-6.19758,-0.043747,-0.898322,6.96147,-2.65414,5.01732,-5.40394,2.23913,2.04352,-3.58876,-2.29899,-4.11242,1.27588,-2.12199,7.28357
4.33333,3.79918,5.50352,7.53867,0.495699,-6.53042,-3.65254,4.29601,-0.626697,2.4359,-3.56852,2.12532,-7.39183,6.53013,3.63968,-3.8956,4.3359,-6.94897,3.01782,-0.864271,-3.93468,-7.36531,-0.280614,0.580434,5.40559,-1.06118,2.49957,-1.32338,-7.4007,-4.51137,-6.18581,-0.59801,-0.751096,6.99219,-2.71512,4.99509,-5.42915,2.24529,2.6639,-3.61576,-2.23647,-4.01063,1.42384,-2.06908,7.26224
4.35,4.10175,5.84953,7.53957,0.458498,-6.5751,-3.64922,3.34947,-0.212894,2.40493,-3.47657,2.05144,-7.43648,6.53361,3.59418,-4.087,4.49815,-7.02054,2.88763,-1.01345,-3.98699,-7.42763,-0.269774,0.825212,5.83866,-1.12981,3.05366,-1.38443,-7.39653,-4.56875,-6.14666,-0.986446,-0.106914,6.99222,-2.78834,4.93677,-5.45365,2.21696,2.88005,-3.71488,-2.08687,-3.96878,1.62237,-2.05675,7.26935
4.36667,4.43808,6.2203,7.55298,0.482128,-6.55824,-3.62727,2.79176,0.120624,2.628,-3.2086,2.04545,-7.42898,6.52217,3.61629,-4.28775,4.82767,-7.01645,2.90044,-1.39589,-4.03059,-7.41724,-0.246226,1.15357,6.57195,-0.752585,3.84225,-1.38373,-7.36575,-4.56987,-6.13505,-0.741963,0.472915,7.01258,-2.79724,4.94035,-5.44263,2.50512,3.44506,-3.87384,-1.77142,-3.90196,1.92069,-1.92558,7.3077
4.38333,4.44263,6.19554,7.55432,0.435825,-6.5602,-3.59428,2.70869,0.113131,2.75087,-3.17788,2.02158,-7.42998,6.54981,3.56699,-4.50987,5.22084,-6.99426,2.94749,-1.85536,-3.90643,-7.46503,-0.212885,1.39873,7.34164,-0.814078,4.32919,-1.41211,-7.37308,-4.60041,-6.13096,-0.532976,1.05713,7.04663,-2.90103,4.89813,-5.48034,2.50266,3.38411,-4.07829,-1.33641,-3.74604,2.2698,-1.83837,7.26903
4.4,4.49504,6.20856,7.56677,0.426926,-6.57696,-3.54953,3.0411,-0.0361662,2.66303,-3.27416,1.99989,-7.4554,6.5682,3.56214,-4.84788,5.69626,-6.95414,3.02616,-1.99294,-3.57807,-7.45945,-0.133274,1.34192,7.55716,-0.538714,4.44751,-1.41194,-7.39164,-4.6115,-6.10623,-0.364976,1.2407,7.01365,-2.93661,4.88592,-5.51577,2.77279,3.28175,-3.80886,-0.69915,-3.41009,2.77216,-1.88121,7.26797
4.41667,4.45087,6.22606,7.54975,0.412323,-6.54604,-3.5749,4.03921,-0.0613934,2.85748,-3.10868,2.006,-7.46916,6.56478,3.55434,-4.8553,5.90659,-6.93659,3.03582,-1.69136,-3.17397,-7.46868,-0.159842,1.43996,7.51881,-0.0901935,4.62725,-1.42164,-7.40183,-4.61024,-6.12423,0.227653,1.32022,7.03898,-2.91769,4.92547,-5.51874,3.08987,3.07319,-3.45608,-0.305142,-3.06205,3.09701,-1.81571,7.26029
4.43333,4.52558,6.22274,7.55407,0.384905,-6.58514,-3.48676,4.09741,-0.14371,2.78304,-3.14726,1.94042,-7.41025,6.59441,3.54024,-4.74542,6.04887,-6.91693,3.0563,-1.05772,-2.98418,-7.48264,-0.0847917,1.51216,7.49034,0.121428,4.51872,-1.46894,-7.36167,-4.65185,-6.07363,0.513336,1.187,6.97673,-2.96024,4.90186,-5.54268,3.4215,3.05241,-2.94501,-0.173602,-2.98265,3.1929,-1.71325,7.30528
4.45,4.6047,6.18765,7.54643,0.323397,-6.58797,-3.38654,4.04629,-0.15802,2.70231,-3.2084,1.92109,-7.47196,6.63489,3.491,-4.65192,5.94473,-6.88747,3.13937,-0.650065,-3.17112,-7.46826,0.012208,1.58909,7.48392,0.211613,3.91731,-1.50782,-7.34666,-4.69394,-6.01903,1.08208,0.78625,6.94841,-3.04939,4.84347,-5.57412,3.61178,3.0759,-2.27212,-0.244508,-3.09717,2.97549,-1.6893,7.35675
4.46667,4.68759,6.1033,7.52242,0.221593,-6.61666,-3.34655,4.00747,-0.0831732,2.755,-3.18207,1.83634,-7.4756,6.69573,3.41255,-4.35733,5.57331,-6.87212,3.16112,-0.58513,-3.63618,-7.48449,0.0373503,1.70404,7.45952,-0.0420282,3.64051,-1.59381,-7.32589,-4.74197,-5.98739,1.01159,0.650573,7.0209,-3.16511,4.78599,-5.60929,3.39659,3.08457,-2.16231,-0.68427,-3.30088,2.49545,-1.66438,7.3621
4.48333,4.73317,5.98108,7.49781,0.120954,-6.64284,-3.26747,3.99757,-0.00163895,2.8003,-3.15345,1.76877,-7.50715,6.75271,3.32882,-3.86755,5.05945,-6.82149,3.25747,-0.327368,-4.14997,-7.46677,0.138991,1.76966,7.42952,-0.365527,3.47907,-1.6724,-7.30264,-4.80517,-5.93848,0.94929,0.556022,6.96023,-3.26674,4.72646,-5.67739,2.9951,3.12576,-1.96027,-1.25413,-3.42709,1.88974,-1.53137,7.4088
4.5,4.88803,5.83496,7.48842,-0.0651502,-6.70427,-3.1159,4.03493,0.161301,3.0261,-3.07584,1.6178,-7.5614,6.82793,3.15075,-3.4681,5.05057,-6.76036,3.37023,-0.0573209,-4.40269,-7.48476,0.282662,1.93803,7.36382,-0.638634,3.237,-1.82167,-7.28061,-4.93675,-5.82588,0.905733,0.402194,6.91697,-3.45867,4.6317,-5.79502,2.71746,3.2379,-1.94885,-1.49049,-3.54044,1.38731,-1.40102,7.46082
4.51667,5.00855,5.58638,7.48653,-0.301401,-6.77114,-2.93327,4.1726,0.307204,3.34088,-3.00657,1.43742,-7.56814,6.93413,2.94399,-3.61695,5.35335,-6.66107,3.56169,-0.0786711,-4.47571,-7.46263,0.477515,2.1607,7.29313,-0.943871,3.28839,-2.02581,-7.21646,-5.08341,-5.68591,0.922204,0.089426,6.79377,-3.6778,4.46986,-5.92815,2.42307,3.48845,-1.98888,-1.51944,-3.68834,1.29334,-1.23149,7.57682
4.53333,4.96268,5.40024,7.43855,-0.473389,-6.87928,-2.7681,4.2119,0.336526,3.24861,-2.95194,1.22909,-7.5593,6.95457,2.79856,-3.93898,5.90235,-6.59817,3.76054,-0.190027,-4.45618,-7.48094,0.667419,2.25234,7.2414,-1.34089,3.66606,-2.23385,-7.17823,-5.25139,-5.55072,1.08417,-0.504139,6.67174,-3.8305,4.30703,-6.02227,2.05462,3.97368,-2.17676,-1.55437,-3.77282,1.34292,-1.15033,7.6667
4.55,4.90518,5.2797,7.42091,-0.554404,-6.9467,-2.60438,4.22546,0.302274,3.20679,-3.05839,1.09187,-7.56894,6.9749,2.73639,-4.19993,6.46178,-6.5409,3.92576,-0.362864,-4.43036,-7.47157,0.837329,2.32579,7.25008,-1.59759,4.23144,-2.36439,-7.09817,-5.35167,-5.43642,0.793919,-0.740244,6.60887,-3.9092,4.19963,-6.04277,1.86407,4.04669,-2.4635,-1.59319,-3.55101,1.58517,-1.08889,7.64306
4.56667,4.81576,5.08834,7.41975,-0.674342,-6.97071,-2.52317,4.2013,0.106295,3.09823,-3.11414,0.990426,-7.59258,7.00269,2.62645,-4.16704,6.533,-6.50527,3.99323,-0.506374,-4.40501,-7.48419,0.925524,2.38264,7.21405,-1.64432,4.27854,-2.45888,-7.06972,-5.42436,-5.36922,0.438723,-1.20402,6.54131,-3.98743,4.12109,-6.108,1.76151,3.96755,-2.84907,-1.7797,-3.4643,1.56026,-0.986505,7.66239
4.58333,4.84086,5.00043,7.39663,-0.780832,-7.01089,-2.4416,4.16051,-0.149513,2.75247,-3.26359,0.883278,-7.59093,7.03149,2.52489,-4.07704,6.50812,-6.45991,4.08359,-0.565347,-4.48078,-7.49187,1.01144,2.4679,7.17717,-1.58374,4.20207,-2.56492,-7.02841,-5.51041,-5.30408,0.215062,-1.26288,6.45374,-4.09091,4.03687,-6.18826,1.73249,3.94853,-3.03963,-1.96425,-3.47071,1.38496,-0.867172,7.5704
4.6,5.08846,5.12238,7.4085,-0.833636,-7.00171,-2.394,4.19676,-0.31781,2.5842,-3.37592,0.863781,-7.58347,7.04951,2.48608,-4.08679,6.57523,-6.42939,4.12626,-0.590313,-4.52193,-7.47818,1.05881,2.54012,7.16022,-1.37805,4.02166,-2.57955,-7.01685,-5.50828,-5.27263,-0.0738073,-1.14977,6.46953,-4.12721,4.05869,-6.25544,1.92203,3.92944,-3.23476,-2.19535,-3.48255,1.18074,-0.767592,7.36753
4.61667,5.32908,5.27592,7.41739,-0.85636,-6.99521,-2.39178,4.24122,-0.323852,2.59833,-3.39489,0.854613,-7.6034,7.064,2.47316,-4.10612,6.57066,-6.41993,4.15096,-0.665562,-4.44777,-7.47413,1.08272,2.57338,7.14518,-1.05506,3.52996,-2.59825,-7.00909,-5.52182,-5.25609,-0.459848,-1.03985,6.45802,-4.13942,4.06245,-6.29152,2.18803,3.8924,-3.47723,-2.44536,-3.67145,0.945809,-0.665882,6.82909
4.63333,5.37992,5.33498,7.45292,-0.878464,-6.99392,-2.38262,3.81628,-0.169508,2.73338,-3.37137,0.848258,-7.57509,7.08965,2.45355,-4.06323,6.57762,-6.4122,4.12165,-0.583297,-4.38998,-7.4644,1.08561,2.50621,7.16202,-0.891092,2.71399,-2.60225,-7.01808,-5.53171,-5.25813,-0.467021,-0.968003,6.41136,-4.1555,4.06237,-6.34175,2.21819,3.86783,-3.39853,-2.49431,-4.03236,0.779048,-0.575301,6.22614
4.65,5.40832,5.37871,7.47646,-0.858658,-7.00224,-2.36439,3.20356,0.285064,3.00351,-3.08226,0.888748,-7.55518,7.08282,2.4837,-4.02768,6.61372,-6.38419,4.15949,-0.219417,-4.24757,-7.44862,1.0944,2.3197,7.23586,-1.0131,2.35271,-2.56416,-7.02171,-5.50062,-5.26719,-0.309922,-1.08089,6.48036,-4.1543,4.07489,-6.32587,2.30729,3.82159,-3.13157,-2.63946,-4.01258,0.487461,-0.572772,5.81935
4.66667,5.45362,5.38094,7.4558,-0.88018,-7.00774,-2.29794,3.01206,0.742948,3.28444,-2.47886,0.814001,-7.51444,7.09383,2.46501,-3.96659,6.65024,-6.37005,4.20787,0.297271,-4.01986,-7.4428,1.16395,1.98451,7.36898,-1.60302,2.28681,-2.64512,-6.97941,-5.56204,-5.16776,-0.325153,-0.893926,6.45825,-4.17858,4.00158,-6.30927,2.16084,4.10128,-2.77061,-2.93525,-4.07047,0.0414244,-0.52365,5.50736
4.68333,5.49291,5.3012,7.46578,-0.944977,-7.01955,-2.28458,3.2303,0.99423,3.52619,-2.26257,0.759502,-7.47297,7.11104,2.41143,-3.9984,6.63526,-6.34118,4.24058,0.719335,-4.02054,-7.42538,1.18701,1.57119,7.48741,-2.2232,2.3421,-2.70023,-6.99719,-5.54953,-5.10973,-0.793499,-0.592903,6.42774,-4.22846,3.95442,-6.34852,2.16972,4.21922,-2.45491,-3.25076,-4.17285,-0.309578,-0.644893,5.24923
4.7,5.46089,5.28735,7.44701,-0.945498,-7.06713,-2.20032,3.95203,1.21583,3.60363,-2.12888,0.667885,-7.45377,7.07886,2.40185,-3.90186,6.72775,-6.32569,4.29495,0.824993,-4.08733,-7.437,1.26814,1.73228,7.43236,-2.85372,2.7139,-2.79021,-6.99037,-5.59394,-5.03357,-0.952642,0.0348356,6.4007,-4.22534,3.78397,-6.19351,2.17639,4.06814,-2.43618,-3.39184,-4.18061,-0.204942,-0.580408,5.20565
4.71667,5.46785,5.22253,7.44502,-0.969431,-7.07784,-2.17547,4.03222,1.06221,3.51291,-2.3307,0.625574,-7.50879,7.08136,2.35889,-3.90204,6.57201,-6.27591,4.36089,0.632902,-4.14862,-7.42877,1.32341,1.92636,7.34826,-3.10698,3.10751,-2.81792,-7.00703,-5.60478,-5.02785,-0.629799,0.599114,6.41347,-4.2569,3.59207,-5.95761,2.26607,3.94153,-2.61011,-3.11403,-4.19441,-0.221868,-0.565961,5.26181
4.73333,5.44226,5.27174,7.43684,-0.937665,-7.05452,-2.12189,4.36158,0.691741,3.13669,-2.6106,0.616664,-7.47192,7.07482,2.41573,-3.84479,6.6204,-6.24246,4.38011,0.385352,-4.21068,-7.42203,1.36001,2.41016,7.23438,-2.96639,3.55041,-2.84145,-6.9861,-5.60876,-4.95574,0.0439294,1.00825,6.42452,-4.23168,3.52071,-5.80187,2.58346,3.49371,-2.7711,-2.87835,-4.11498,0.0289826,-0.524224,5.58235
4.75,5.42191,5.24254,7.43341,-0.974424,-7.06535,-2.08342,4.45942,0.521452,2.93743,-2.63976,0.597307,-7.45761,7.08993,2.34328,-3.79725,6.64141,-6.23855,4.40768,-0.079811,-4.00832,-7.4775,1.40374,2.80692,7.06024,-2.4039,3.57857,-2.8697,-6.98569,-5.62663,-4.96207,0.300758,1.0348,6.40483,-4.26721,3.49614,-5.86478,2.7019,3.37453,-3.06702,-2.61316,-4.00316,0.49942,-0.463105,5.9782
4.76667,5.49098,5.1286,7.42795,-1.11929,-7.0712,-2.03532,4.46593,0.428156,2.66286,-2.53438,0.459175,-7.5227,7.13253,2.21704,-3.77049,6.65007,-6.20491,4.43922,-0.511628,-3.61287,-7.50354,1.43176,2.93945,6.99962,-1.7427,3.36278,-2.98955,-6.96852,-5.6684,-4.85566,0.414345,0.893882,6.32007,-4.39793,3.27997,-5.79373,2.75213,3.29114,-3.52573,-2.32468,-3.91255,0.984355,-0.467209,6.27701
4.78333,5.53286,5.05485,7.39501,-1.21329,-7.12669,-1.94896,4.42046,0.307057,2.63031,-2.5763,0.341285,-7.52164,7.15318,2.12691,-3.67746,6.70868,-6.15155,4.53134,-0.689752,-3.3047,-7.51441,1.51776,3.06124,6.98402,-1.11526,2.89853,-3.09241,-6.9529,-5.68684,-4.73212,1.11663,0.393757,6.2813,-4.46862,3.22361,-5.93666,2.74618,3.19302,-3.82368,-2.06956,-3.87364,1.30359,-0.369619,6.27388
4.8,5.57723,5.03154,7.38299,-1.26977,-7.12321,-1.84718,4.36662,0.0747318,2.80943,-2.91893,0.299366,-7.50988,7.18231,2.07412,-3.51813,6.84555,-6.12103,4.55594,-0.544855,-3.10319,-7.5219,1.59309,3.10522,6.98257,-0.805203,2.74082,-3.14583,-6.92245,-5.66571,-4.6565,1.13057,-0.0218226,6.24604,-4.51183,3.38487,-6.31797,2.56783,2.89418,-3.90585,-1.62964,-3.88676,1.76223,-0.261046,6.00125
4.81667,5.5404,4.90608,7.36822,-1.34938,-7.13634,-1.78774,4.31104,-0.1062,3.01521,-3.15034,0.299463,-7.46074,7.19828,2.01046,-3.07792,7.05213,-6.08939,4.60661,-0.382937,-3.43889,-7.5252,1.64974,3.15424,7.0276,-0.647596,2.48189,-3.16274,-6.90256,-5.67733,-4.63174,0.987672,-0.484328,6.20309,-4.56849,3.54717,-6.61786,2.4564,2.80864,-3.7032,-1.44731,-3.87218,1.92466,-0.0143491,5.63994
4.83333,5.52056,4.84443,7.35798,-1.45084,-7.1378,-1.82987,4.08765,-0.365948,2.88077,-3.3528,0.305916,-7.49055,7.22325,1.92205,-2.51034,7.34713,-6.08029,4.62795,-0.511249,-4.17832,-7.56267,1.56147,3.21638,6.98262,-0.617274,2.24481,-3.14087,-6.91422,-5.63232,-4.68009,0.756249,-0.789878,6.14413,-4.63499,3.56528,-6.82764,2.43725,2.73175,-2.93417,-1.19346,-3.8789,1.91664,0.221,5.38787
4.85,5.71804,4.84261,7.32695,-1.57027,-7.16909,-1.78935,4.22347,-0.486564,2.8845,-3.38497,0.215077,-7.53256,7.26489,1.80599,-2.38355,7.33299,-6.07515,4.61201,-0.873917,-4.31244,-7.55242,1.60646,3.34897,6.87853,-0.594647,2.21578,-3.20264,-6.90305,-5.64323,-4.71155,0.80469,-0.723122,6.12111,-4.71902,3.47897,-6.89408,2.46971,2.56562,-2.55734,-1.01844,-3.86423,1.90333,0.327923,5.36426
4.86667,5.61586,4.71939,7.31783,-1.61815,-7.18107,-1.73483,4.18349,-0.390377,2.84198,-3.3834,0.178533,-7.4971,7.27385,1.75978,-2.46692,7.29836,-6.06947,4.6282,-0.866169,-4.26541,-7.54513,1.66857,3.32044,6.88288,-0.56905,2.22759,-3.26928,-6.86787,-5.66526,-4.71048,0.731566,-0.772905,6.09153,-4.75559,3.43306,-6.90679,2.4933,2.70984,-2.5804,-1.00574,-3.83609,1.85689,0.314281,5.38397
4.88333,5.511,4.58907,7.31939,-1.62826,-7.1818,-1.66955,4.1873,-0.0706696,2.8125,-3.4044,0.122782,-7.45237,7.25824,1.7666,-2.64368,7.24912,-6.04639,4.68751,-0.931213,-4.20511,-7.53951,1.72645,3.14587,6.99513,-0.574912,2.26635,-3.33295,-6.83585,-5.73691,-4.73616,0.853025,-0.682542,6.08194,-4.74212,3.4067,-6.90187,2.45845,3.04521,-2.45054,-1.11718,-3.8225,1.71314,0.192596,5.44195
4.9,5.70874,4.58775,7.29397,-1.68884,-7.22366,-1.585,4.33504,0.150955,2.74485,-3.46087,0.0204354,-7.45387,7.25897,1.70304,-2.70497,7.23205,-5.98972,4.76415,-1.07403,-4.1922,-7.52595,1.82909,3.1613,6.95272,-0.530097,2.24353,-3.45036,-6.82675,-5.85066,-4.70178,1.02655,-0.534497,6.02383,-4.8144,3.31404,-6.95713,2.48089,3.15299,-2.26247,-0.900228,-3.80151,1.81708,0.188169,5.4575
4.91667,5.57001,4.47382,7.28636,-1.74218,-7.22885,-1.54046,4.31593,0.131046,2.75221,-3.52042,-0.0370481,-7.49205,7.26922,1.64186,-2.65901,7.22571,-5.94702,4.79334,-1.28025,-4.07697,-7.50893,1.84223,3.18499,6.90885,-0.53167,2.17225,-3.47999,-6.80887,-5.89444,-4.71467,1.0441,-0.564658,6.02352,-4.84426,3.28981,-6.99417,2.5359,3.14771,-2.25822,-0.734029,-3.82208,2.04135,0.234189,5.42661
4.93333,5.54197,4.60776,7.28106,-1.74334,-7.24905,-1.44867,4.35802,0.0781148,2.71726,-3.53996,-0.142378,-7.46648,7.26816,1.6463,-2.55989,7.27003,-5.8983,4.85303,-1.39688,-4.09061,-7.48967,1.92038,3.28292,6.84303,-0.493611,2.15557,-3.52087,-6.76208,-5.95186,-4.63586,1.06869,-0.539828,5.99281,-4.83165,3.224,-7.02427,2.6145,3.13083,-2.23745,-0.689528,-3.83726,2.15173,0.303191,5.42423
4.95,5.75065,4.56684,7.27102,-1.73847,-7.24766,-1.39065,4.39896,-0.000765123,2.70482,-3.54439,-0.174548,-7.45406,7.26692,1.6552,-2.36071,7.39004,-5.87528,4.88611,-1.41983,-4.11704,-7.47713,1.94907,3.40641,6.77689,-0.468263,2.17532,-3.51678,-6.71512,-6.01222,-4.60093,1.13067,-0.491238,6.01416,-4.78269,3.21819,-7.02159,2.64333,2.89765,-2.22195,-0.696601,-3.83027,2.14968,0.416087,5.42453
4.96667,5.92321,4.45116,7.24683,-1.90207,-7.22812,-1.3567,4.39955,-0.053906,2.64632,-3.58194,-0.247818,-7.44389,7.34783,1.49788,-2.10128,7.45485,-5.84411,4.91567,-1.05947,-3.92911,-7.46546,1.9582,3.58069,6.70014,-0.434712,2.17436,-3.55886,-6.67367,-6.1037,-4.60272,1.15027,-0.484846,5.92911,-4.89325,3.19165,-7.03232,2.64623,2.798,-2.23846,-0.682374,-3.83511,2.19087,0.583229,5.38578
4.98333,6.01429,4.35963,7.21251,-2.0225,-7.23457,-1.28385,4.4266,-0.102214,2.57265,-3.59432,-0.391213,-7.49316,7.37448,1.38745,-1.95257,7.52763,-5.7877,4.9804,-0.677933,-3.73357,-7.43509,2.00942,3.67559,6.65827,-0.42392,2.17534,-3.64296,-6.61871,-6.20587,-4.51075,1.17018,-0.511212,5.83812,-4.95756,3.08968,-7.05248,2.64737,2.74064,-2.22878,-0.743283,-3.83377,2.14297,0.639809,5.37781
