t,x0,y0,x1,y1,x2,y2,x3,y3,x4,y4,x5,y5,x6,y6,x7,y7,x8,y8,x9,y9,x10,y10,x11,y11,x12,y12,x13,y13,x14,y14,x15,y15,x16,y16,x17,y17,x18,y18,x19,y19,x20,y20,x21,y21
0,18.5462,6.84131,19.1714,14.3369,15.8413,10.4758,19.7395,10.5715,16.0785,4.11209,12.5119,2.58177,8.02688,14.9274,9.97548,19.8605,11.8164,16.1826,8.5483,2.9134,17.0889,17.653,3.01348,8.38916,6.36721,11.4784,13.8307,19.4598,3.51849,15.7254,14.9567,14.3363,11.1608,12.482,2.50181,12.1817,7.66325,7.73526,5.12817,5.05705,13.909,7.09968,6.64393,18.2948
0.0166667,18.4998,6.84246,19.1343,14.3359,15.804,10.4812,19.7023,10.5748,16.0426,4.11823,12.48,2.58694,7.99195,14.9287,9.93907,19.8602,11.7836,16.1754,8.51137,2.91669,17.0532,17.6504,2.97643,8.39322,6.33958,11.4602,13.7954,19.4587,3.4836,15.7287,14.9207,14.3347,11.1221,12.4877,2.48397,12.2361,7.62885,7.73649,5.09287,5.05769,13.8736,7.09781,6.60904,18.2975
0.0333333,18.4516,6.83498,19.0862,14.337,15.7543,10.479,19.6519,10.5749,15.9787,4.11447,12.4285,2.58517,7.94023,14.9292,9.88929,19.8599,11.7346,16.1738,8.46185,2.91383,17.0007,17.649,2.92581,8.38846,6.28514,11.4765,13.7425,19.4593,3.43142,15.7249,14.8706,14.334,11.0728,12.4855,2.43648,12.2359,7.5791,7.73478,5.0451,5.05143,13.8244,7.09971,6.55632,18.3018
0.05,18.4455,6.83111,19.0937,14.3375,15.7485,10.4883,19.6573,10.5773,15.9925,4.11302,12.4452,2.57948,7.98249,14.9243,9.89744,19.8621,11.74,16.1824,8.46885,2.91686,17.0104,17.6529,2.9374,8.39546,6.31158,11.474,13.7525,19.4591,3.43976,15.7284,14.8734,14.3518,11.0845,12.4919,2.42818,12.1892,7.58368,7.73481,5.05311,5.05754,13.8301,7.09941,6.54649,18.3287
0.0666667,18.4446,6.78307,19.075,14.3068,15.7265,10.4892,19.6649,10.5465,15.61,3.99004,12.0435,2.74867,8.07945,14.9604,9.90414,19.8399,11.7081,16.1903,8.29124,2.9589,17.0185,17.641,2.95599,8.3532,6.33083,11.4811,13.7659,19.4357,3.4726,15.6666,14.8725,14.2944,10.8655,12.5364,2.44965,12.2013,7.67632,7.80884,5.09768,5.02336,13.7411,7.06896,6.56782,18.2809
0.0833333,18.3503,6.64959,19.105,14.1918,15.7475,10.1911,19.6593,10.41,15.5305,3.96412,12.0101,2.59286,7.89079,14.9379,9.97813,19.8544,11.5024,16.2343,8.26912,2.87283,17.0919,17.5652,2.97245,8.3424,6.35745,11.4023,13.8741,19.3763,3.83916,15.4847,15.3402,14.0111,10.7599,12.532,2.45446,12.1349,7.90784,8.13527,5.13625,4.97715,13.2347,7.20643,6.65249,18.2909
0.1,18.3763,6.66519,19.1271,14.1406,15.7519,10.1758,19.6719,10.3712,15.5664,3.85209,12.0204,2.6024,7.92143,14.967,10.0444,19.8366,11.5115,16.2114,8.21625,2.87691,17.1359,17.5179,2.97274,8.37185,6.37778,11.4781,13.9375,19.3557,3.86214,15.5277,15.3484,13.9129,10.6952,12.4123,2.47157,12.1733,8.19354,8.33056,5.13014,5.01319,12.9411,7.51852,6.69572,18.3235
0.116667,18.2102,6.6487,19.1362,14.1457,15.7416,10.1436,19.6475,10.3536,15.5804,3.85793,12.0334,2.61645,7.85322,14.9703,10.0572,19.8526,11.4185,16.1812,8.29608,3.05138,17.1427,17.5047,2.96571,8.40112,6.38419,11.4428,13.9432,19.3549,3.75152,15.631,15.3668,13.8623,10.4347,12.2233,2.46503,12.2251,8.4439,8.4916,5.1081,5.05299,12.6622,7.83449,6.71918,18.3432
0.133333,17.976,6.80259,19.0899,14.1902,15.795,10.1235,19.6715,10.4249,15.6591,3.89178,12.1179,2.62079,7.59232,14.8121,9.99012,19.8265,11.3711,16.1649,8.57143,3.80577,17.11,17.5519,2.94666,8.43176,6.33608,11.2516,13.881,19.3604,3.51584,15.7486,15.3368,13.8594,9.89435,11.9203,2.45647,12.2575,8.67036,8.58554,5.06279,5.09712,12.493,8.18252,6.66661,18.292
0.15,17.5391,7.17612,19.0973,14.2517,15.7841,10.5053,19.6589,10.4823,15.6199,3.89781,12.1019,2.62802,7.38023,14.5575,9.90686,19.8395,11.279,16.1639,8.69832,4.22979,17.05,17.5877,2.96331,8.39538,6.16294,10.9429,13.7961,19.3829,3.40987,15.73,14.9383,14.1453,9.8687,11.6729,2.45569,12.2163,8.64664,8.30528,5.08844,5.08595,12.4241,8.54909,6.58045,18.2949
0.166667,17.1576,7.57664,19.0751,14.2917,15.8042,11.0645,19.6496,10.5158,15.7686,3.97991,12.3077,2.58316,7.21927,14.2968,9.85507,19.8378,11.041,16.0635,8.76992,4.1758,17.0341,17.6271,3.0092,8.31068,6.02976,10.5661,13.7397,19.4632,3.40095,15.6532,14.5463,14.5646,10.0918,11.671,2.47039,12.1368,8.88002,8.19581,5.1711,5.05538,12.6996,8.84755,6.52568,18.3437
0.183333,16.7744,7.8359,19.1039,14.2594,15.8907,11.4691,19.6246,10.4316,15.9405,4.06283,12.3207,2.78333,7.04982,13.9573,9.72307,19.8221,10.5408,15.9278,8.84778,4.18503,16.9153,17.4929,3.03282,8.17768,6.18074,10.3167,13.6702,19.4887,3.34099,15.5506,14.1749,14.797,10.2541,11.7257,2.36605,11.9486,9.26219,8.17611,5.23384,4.98162,13.0082,9.0087,6.44384,18.2975
0.2,16.6459,8.01749,19.094,14.1949,16.033,11.7186,19.6458,10.4753,16.0945,4.16049,12.4684,3.04817,6.90025,13.6948,9.66815,19.8217,10.1223,15.8611,8.83932,4.10409,16.8752,17.4106,3.06678,8.12912,6.38396,9.92123,13.5683,19.1829,3.32087,15.5117,13.6846,14.6768,10.1819,11.599,2.34414,11.9236,9.57622,8.02494,5.24777,4.9627,13.2183,9.19234,6.43296,18.2941
0.216667,16.6969,8.00372,19.0878,14.2365,16.0765,11.8156,19.6436,10.4901,16.0752,4.17051,12.4832,3.19724,6.71062,13.4596,9.72028,19.825,9.8258,15.8401,8.71224,3.93247,17.0471,17.5636,3.03965,8.18334,6.56354,9.62355,13.5265,18.9319,3.33939,15.5795,13.2021,14.3571,10.0837,11.4729,2.32447,11.9962,9.76534,7.76538,5.2207,5.03401,13.2329,9.26152,6.47574,18.3521
0.233333,16.639,7.94176,19.131,14.1317,16.0519,11.7219,19.6548,10.3775,16.0008,4.11678,12.3428,3.50282,6.4737,13.2364,9.82528,19.8384,9.76083,15.8639,8.4614,3.32684,17.1382,17.4885,3.02907,8.22761,6.69531,9.36153,13.588,18.8268,3.38926,15.6747,12.8504,13.8997,10.0244,11.4826,2.41898,12.0297,9.90541,7.38884,5.19281,5.061,13.1714,9.2505,6.54403,18.4398
0.25,16.5194,7.72439,19.2461,13.8703,16.1495,11.5289,19.6051,10.0682,15.7448,3.94167,12.0608,3.81563,6.46156,13.3008,10.1326,19.7676,9.55965,15.8547,8.14044,2.88969,17.3293,17.263,3.01274,8.30003,6.87128,9.24179,13.57,18.0842,3.51971,15.842,12.9707,13.8784,10.1914,11.6277,3.07391,12.0604,10.0141,6.99691,5.14411,5.10974,13.0899,9.17376,6.74472,18.5316
0.266667,16.4834,7.57452,19.3322,13.5884,16.1881,11.3157,19.5678,9.8595,15.5979,3.80379,11.9354,3.60583,6.64274,13.4167,10.5841,19.7509,9.62939,16.088,7.9122,2.88073,17.5189,17.0462,2.96301,8.4366,7.01586,9.3036,13.6947,17.683,3.6349,15.9856,13.0728,13.8234,10.3034,11.6972,3.26965,12.1995,9.97455,6.88201,5.02604,5.22051,13.0708,9.08138,6.85553,18.5802
0.283333,16.3582,7.40161,19.3656,13.382,16.1709,11.2044,19.4483,9.58739,15.3306,3.64309,11.7394,2.55731,6.74752,13.4449,10.7075,19.7871,9.72862,16.1621,7.84171,3.08725,17.6469,16.8817,2.88226,8.59704,7.03347,9.71645,13.859,17.7615,3.70604,16.1294,13.214,13.8366,10.3642,11.8693,3.27784,12.338,9.72497,7.15188,4.88511,5.34629,12.9856,9.02695,6.98388,18.6528
0.3,16.2918,7.32025,19.4177,13.177,16.1672,11.1293,19.3696,9.43526,15.1955,3.54758,11.5717,2.52232,6.81934,13.4964,10.81,19.7808,9.7825,16.1616,7.86096,3.57418,17.8027,16.7212,2.79934,8.80812,6.89031,9.76824,14.125,17.9441,3.74236,16.2498,13.5403,14.0476,10.2158,11.7417,2.74447,12.5192,9.60076,7.2237,4.70594,5.5224,12.928,8.97698,7.07972,18.7117
0.316667,16.267,7.23707,19.4538,13.0763,15.966,11.4224,19.3734,9.26241,15.0872,3.50764,11.4171,2.52734,6.89407,13.5909,10.9452,19.818,9.85049,16.2078,7.92497,4.03103,17.892,16.6487,2.77175,8.99682,6.56972,9.78946,14.466,18.4291,3.78428,16.3323,13.8167,14.5231,10.0816,11.5609,2.67391,12.6941,9.48746,7.58517,4.60637,5.65693,12.925,8.97087,7.13806,18.7577
0.333333,16.2486,7.16915,19.4533,13.0327,15.7382,12.0203,19.4148,9.17495,15.0163,3.44072,11.3671,2.49001,6.93607,13.628,11.1798,19.797,9.92444,16.2337,7.97147,4.31837,17.9529,16.6227,2.74083,9.04512,6.49738,9.84799,14.8294,18.9383,3.81653,16.3823,13.6986,15.1131,10.0985,11.5815,2.68927,12.8098,9.51643,7.81133,4.5408,5.71699,13.1113,9.13452,7.19779,18.7889
0.35,16.1642,7.1785,19.4663,13.0242,15.7488,12.1507,19.4218,9.14855,14.995,3.46697,11.3506,2.45868,6.96478,13.6761,11.2083,19.8327,9.96804,16.2822,7.99959,4.40859,17.9833,16.6163,2.76527,9.08432,6.56142,9.96279,14.8655,18.9384,3.83358,16.4235,13.6371,15.2063,10.2134,11.6654,2.67192,12.8957,9.54696,7.87958,4.54103,5.76119,13.1656,9.21472,7.21089,18.8267
0.366667,16.0989,7.14447,19.4653,13.0048,15.776,12.1705,19.4355,9.12636,15.0503,3.50085,11.3235,2.42076,6.9504,13.6193,11.182,19.8166,9.94346,16.2584,8.08407,4.50625,17.9113,16.5474,2.79348,9.00766,6.57099,9.96722,14.825,18.9346,3.81366,16.3838,13.6427,15.2442,10.2566,11.7832,2.63165,12.8677,9.65069,7.97665,4.56203,5.71997,13.141,9.2502,7.17012,18.8008
0.383333,16.143,7.13631,19.4501,13.0734,15.7818,12.2573,19.4661,9.18888,15.0797,3.52156,11.4277,2.36311,6.87344,13.476,11.0892,19.8272,9.83299,16.1561,8.13568,4.47159,17.7964,16.5673,2.82185,8.9393,6.58082,9.89822,14.713,18.9516,3.77624,16.3486,13.585,15.3152,10.1934,11.7919,2.60702,12.8255,9.7201,7.90479,4.60105,5.68106,13.1455,9.30624,7.12615,18.789
0.4,16.0953,7.18982,19.4592,13.0247,15.7715,12.5033,19.514,9.13869,15.1722,3.54648,11.5835,2.41894,6.65175,13.2085,11.0608,19.8044,9.56006,15.8709,8.1219,4.40795,17.544,16.36,2.8085,8.87153,6.60614,9.61621,14.7031,18.9448,3.78115,16.3263,13.4119,15.4538,9.95865,11.7256,2.53346,12.783,9.85943,7.75533,4.60656,5.65957,13.1439,9.44743,7.1295,18.7587
0.416667,16.0548,7.35115,19.4532,13.0757,15.764,12.7516,19.5418,9.19119,15.3669,3.68833,11.7529,2.83095,6.37678,13.1131,10.96,19.8297,9.29559,15.7178,8.06031,4.3133,17.328,16.2891,2.82987,8.88363,6.5043,8.96611,14.6344,18.9709,3.77255,16.3425,13.1408,15.4767,9.6578,11.5524,2.48741,12.815,10.0225,7.56223,4.58511,5.69964,13.0688,9.64492,7.11684,18.7734
0.433333,16.137,7.46018,19.4422,13.1424,15.7591,12.7732,19.5712,9.25862,15.5385,3.76149,11.7766,3.50769,6.32837,12.9776,10.8841,19.809,9.20426,15.636,7.75187,3.2174,17.289,16.3399,2.94279,8.58066,6.61217,8.62303,14.6089,18.969,3.68309,16.1766,13.0003,15.4574,9.48124,11.2146,2.4476,12.5093,10.3024,7.36582,4.75352,5.4425,12.9891,9.68305,6.9733,18.6676
0.45,16.1449,7.56972,19.4393,13.18,15.7509,12.8949,19.5853,9.29794,15.6516,3.82699,11.8864,3.91885,6.25141,12.8088,10.7759,19.8102,9.03391,15.5686,7.9647,2.92254,17.3729,16.4341,3.07297,8.22191,6.66366,8.45086,14.5586,18.9956,3.58397,16.0194,12.8114,15.4496,9.39899,11.1414,2.39074,12.105,10.4212,7.39539,4.96613,5.17103,12.9517,9.80581,6.78762,18.6365
0.466667,16.2187,7.70573,19.4313,13.3267,15.7389,13.1324,19.6384,9.43957,15.8378,3.91747,12.0606,3.92938,6.2246,12.6841,10.4732,19.7945,8.94406,15.5201,8.22221,2.94448,17.4909,16.6618,3.15734,8.04661,6.78449,8.28982,14.2357,19.1934,3.44635,15.7993,12.7129,15.6314,9.4239,11.1302,2.38083,11.9102,10.6549,7.43862,5.09041,5.03944,13.0759,9.99276,6.53245,18.5573
0.483333,16.1639,7.81718,19.4833,13.2205,15.7765,13.4854,19.6229,9.34344,15.9224,3.9782,12.192,3.99287,6.20464,12.6006,9.83463,19.7096,8.85969,15.5116,8.3873,2.93983,17.7645,16.9702,3.19466,7.95394,6.98991,8.05052,13.6229,19.4407,3.31961,15.5878,12.5774,15.8379,9.48265,11.1852,2.39127,11.8153,10.9214,7.61008,5.13297,4.94811,13.2044,10.2957,6.34673,18.4432
0.5,15.8964,7.86502,19.5565,12.8529,15.9402,13.7348,19.5417,8.96562,16.0249,4.02038,12.362,4.01644,6.15475,12.488,9.61953,19.6603,8.76329,15.4582,8.52589,2.90419,17.1135,17.6114,3.22377,7.81557,7.43348,7.73522,13.47,19.4956,3.21957,15.3702,12.4543,15.6799,9.49334,11.0864,2.37373,11.6535,11.317,7.68239,5.1692,4.78063,13.2832,10.5933,6.19001,18.281
0.516667,15.6475,7.94195,19.6503,12.3624,16.1961,13.7907,19.4266,8.50362,16.1817,4.13406,12.4768,4.22305,6.15043,12.405,9.46035,19.6215,8.68868,15.4036,8.79449,2.85925,16.8552,17.8315,3.28517,7.67092,7.66962,7.71232,13.2976,19.174,3.1596,15.2344,12.5332,15.3531,9.54286,11.2029,2.34961,11.4468,11.5652,7.85259,5.36777,4.65485,13.358,10.8555,6.09864,18.1566
0.533333,15.4012,7.98652,19.7078,11.6751,16.5444,13.7489,19.2272,7.89291,16.4514,4.30195,12.6317,4.01986,6.15687,12.2706,9.35088,19.5787,8.58516,15.3439,9.08756,2.79091,16.8099,17.8487,3.3668,7.52805,7.61019,8.09647,13.1233,18.9798,3.10957,15.0987,12.939,15.0559,9.58468,11.5204,2.36682,11.2349,11.5082,8.1168,5.84798,4.78945,13.5304,11.125,6.0165,18.0551
0.55,15.2145,8.02103,19.7161,11.3657,16.8606,13.8403,19.0942,7.63112,16.6278,4.48719,12.9182,3.37908,6.22985,12.2255,9.25415,19.5777,8.60051,15.2972,9.24897,2.76905,16.7414,17.9475,3.40271,7.47596,7.6825,8.77186,13.0345,19.2748,3.06639,15.0573,13.3537,15.2881,9.72177,11.8339,2.44822,11.1532,11.2711,8.29593,6.35377,5.14712,13.7847,11.3448,5.93358,18.0196
0.566667,15.2306,8.08541,19.6883,11.2886,17.0368,14.001,19.0272,7.53397,16.7006,4.60634,13.1668,3.0892,6.2866,12.3079,9.1493,19.6003,8.6246,15.429,9.37955,2.73998,16.6227,18.0564,3.42278,7.40585,7.69646,8.77882,12.8908,19.3936,3.02251,15.0087,13.555,15.409,9.9594,11.9455,2.57279,11.032,11.2856,8.38593,6.54813,5.1469,13.9824,11.5181,5.86001,17.9802
0.583333,15.2117,8.09863,19.712,11.376,17.0922,14.1566,19.0722,7.65573,16.7886,4.64964,13.281,2.99634,6.53346,12.5432,9.02415,19.585,8.83635,15.7261,9.42736,2.75052,16.5304,18.1601,3.47366,7.32989,7.73437,8.94935,12.7721,19.5518,2.99646,14.9307,13.4683,15.4576,10.0998,12.1094,2.50447,10.9385,11.3515,8.48366,6.70835,5.27793,14.0934,11.6145,5.76431,17.8914
0.6,15.309,8.13769,19.7102,11.4738,17.1366,14.2837,19.1028,7.74591,16.877,4.76138,13.173,3.51862,6.77336,12.931,8.93256,19.6003,9.35699,15.7267,9.38335,2.76647,16.3953,18.2455,3.50626,7.26555,7.51547,9.21211,12.6815,19.6347,2.94448,14.8397,13.2479,15.7313,10.1669,12.1226,2.59574,10.8703,11.2895,8.38924,6.90807,5.43565,14.1893,11.7006,5.66453,17.8496
0.616667,15.2979,8.30762,19.6963,11.5159,17.3218,14.4831,19.1084,7.78858,16.8567,4.79906,13.0056,4.60488,6.76263,12.8981,8.75369,19.5612,9.31372,15.7289,9.58214,2.74335,16.2376,18.3431,3.58635,7.11874,6.80299,9.10518,12.5155,19.6426,2.84776,14.6539,13.2404,15.6297,10.4174,12.1647,2.61066,10.7237,10.9816,8.28949,7.02457,5.34294,14.3211,11.9888,5.54504,17.6827
0.633333,15.2803,8.46762,19.6859,11.5836,17.8087,14.8751,19.1469,7.81859,16.8672,4.77046,12.9006,5.64818,6.73039,12.8342,8.56558,19.4975,9.23669,15.741,9.82044,2.68351,16.0789,18.4414,3.72086,6.86406,6.79112,9.05882,12.3731,19.6556,2.74759,14.3856,13.1884,15.5982,10.9438,12.3124,2.60553,10.4766,10.4717,8.39978,7.25144,5.30924,14.7334,12.2068,5.41986,17.4287
0.65,15.4163,8.736,19.6554,11.8652,18.506,15.5015,19.2462,8.10291,17.0323,4.95399,13.0403,6.01352,6.69759,12.9019,8.42994,19.4393,9.18009,15.8006,9.9992,2.64581,16.0057,18.4995,3.92421,6.49555,6.5978,9.11281,12.2706,19.6841,2.6302,14.0222,13.2096,15.5264,11.2102,12.3343,2.59177,10.1165,10.3277,8.57455,7.61864,5.40407,15.3991,12.4926,5.52821,17.0142
0.666667,15.2057,9.14703,19.5953,12.277,18.3518,15.8335,19.319,8.38526,17.2409,5.2325,13.0639,6.21138,6.61116,12.8811,8.1241,19.3476,9.12688,15.7398,10.1331,2.62734,15.6933,18.6853,4.12676,6.13729,6.39744,9.04932,11.9595,19.7708,2.47552,13.5739,13.1294,15.4984,11.2756,12.192,2.59193,9.69213,10.1531,8.51967,7.94064,5.54136,15.731,12.8357,5.29036,16.8235
0.683333,14.1925,9.62597,19.5413,12.7075,18.0997,16.2116,19.4456,8.88054,17.3891,5.48156,13.076,6.14481,6.50099,12.7881,7.6866,19.176,8.95047,15.673,10.4273,2.62746,15.2905,18.93,4.33054,5.89348,6.46476,8.94075,11.4821,19.8418,2.39635,13.2807,13.0176,15.5324,11.376,12.0347,2.62874,9.39244,10.2376,8.4449,8.14889,5.48074,15.7082,13.0008,5.05448,16.4065
0.7,13.7656,9.79341,19.4855,13.0313,17.8252,16.5812,19.5407,9.24652,17.6249,5.77608,13.1615,6.09119,6.46606,12.6383,7.28153,18.9982,8.84186,15.5697,10.7294,2.60912,14.8833,19.1001,4.53298,5.65972,6.53606,8.81553,11.0367,19.9142,2.3523,13.0048,12.8327,15.5985,10.9333,12.2559,2.6996,9.0927,10.3743,8.44088,8.3593,5.40649,15.6208,13.1138,4.68032,16.1388
0.716667,13.9002,9.88445,19.3879,13.4373,17.6676,16.8481,19.5124,9.62753,17.93,6.05932,13.0776,5.76428,6.45977,12.458,7.00305,18.7982,8.72461,15.4279,11.1212,2.62242,14.5988,19.1936,4.76786,5.38024,6.64445,8.6542,10.7192,19.8871,2.29784,12.6224,12.692,15.6444,10.9369,12.269,2.80361,8.72796,10.4068,8.37271,8.61845,5.28973,15.54,13.2126,4.46131,15.8378
0.733333,13.9374,9.98487,19.3331,13.6176,17.5841,16.9422,19.3761,9.81326,18.0747,6.26694,13.1908,5.80501,6.43914,12.3237,6.74826,18.6548,8.61153,15.3494,11.3383,2.58964,14.4613,19.2182,4.96926,5.18007,6.71304,8.5177,10.4944,19.1673,2.25175,12.3324,12.5052,15.8024,10.9663,12.255,2.88123,8.47499,10.4649,8.38447,8.79744,5.24166,15.4786,13.331,4.29763,15.5828
0.75,14.1635,9.59007,19.297,13.7885,17.4666,17.0879,19.5818,9.99228,18.2532,6.39011,13.4154,5.88074,6.44302,12.2092,6.5994,18.5448,8.6609,15.1628,11.5955,2.60897,14.2971,19.2608,5.11458,5.03214,6.8008,8.36779,10.3189,19.0374,2.21927,12.0996,12.441,15.8247,11.077,12.1994,2.96426,8.27977,10.5532,8.32393,9.00006,5.16149,15.4734,13.4148,4.24602,15.3781
0.766667,14.3388,9.57753,19.2595,13.9802,17.3643,17.2277,19.5087,10.1923,18.397,6.54023,13.6878,5.87464,6.45229,12.1439,6.46428,18.4737,8.70796,14.9849,11.8636,2.64578,14.1352,19.3212,5.22021,4.91955,6.89001,8.23799,10.1815,18.9566,2.20747,11.8934,12.406,15.8334,11.2026,12.1387,3.04713,8.12335,10.6499,8.29422,9.15432,5.16164,15.4478,13.4199,4.23615,15.2025
0.783333,14.7132,9.68014,19.2253,14.1275,17.2544,17.3788,19.6556,10.3558,18.5211,6.69777,13.7877,5.96582,6.40515,12.0118,6.30555,18.3642,8.74155,14.8256,12.1314,2.65029,13.9714,19.3968,5.42038,4.76086,6.99531,8.13024,10.033,18.8355,2.21199,11.6522,12.3747,15.8366,11.3059,12.1203,3.17734,7.92337,10.7614,8.24086,9.26707,5.16362,15.4456,13.3815,4.19237,15.0079
0.8,15.6076,9.56595,19.1533,14.3236,17.101,17.5203,19.8015,10.5806,18.6468,6.93912,14.0102,6.0617,6.34271,11.88,6.13036,18.2722,8.76352,14.6605,12.4255,2.67288,13.7894,19.4535,5.5663,4.65917,7.11152,8.00405,9.87499,18.7491,2.21375,11.4132,12.3637,15.8327,11.6072,12.0164,3.25324,7.73597,10.8796,8.19428,9.3186,5.09004,15.4002,13.3721,4.12412,14.8555
0.816667,16.0088,9.55321,19.0865,14.513,16.9458,17.6478,19.642,10.7822,18.6811,7.0146,14.3399,6.16328,6.26288,11.6549,5.96705,18.1474,8.83638,14.3725,12.842,2.69506,13.5857,19.5024,5.81398,4.45703,7.2829,7.83572,9.69675,18.5972,2.23762,11.1684,12.357,15.8121,11.8328,11.9723,3.5646,7.5629,11.0563,8.14398,9.4427,4.88499,15.3588,13.3263,4.16299,14.6138
0.833333,16.1688,9.72531,19.0576,14.6334,16.8481,17.7295,19.8573,10.9656,18.7074,7.04535,14.8418,6.30186,6.33098,11.3778,5.88566,18.0648,8.88926,14.2056,13.216,2.77672,13.4461,19.5067,5.99118,4.35009,7.58789,7.6316,9.62988,18.524,2.26171,11.0386,12.3333,15.8205,11.835,11.9808,4.04224,7.54358,11.4793,8.16181,9.59789,4.58009,15.3296,13.3231,4.34678,14.4078
0.85,16.2324,9.79937,18.9921,14.7919,16.7049,17.8397,19.8783,11.1497,18.7796,7.12931,15.1172,6.37506,6.72659,11.0835,5.77098,17.9409,8.80455,14.2765,13.5384,2.74121,13.2693,19.5247,6.10903,4.2617,7.97788,7.39863,9.47651,18.4181,2.28945,10.9228,12.3019,15.8648,11.8356,11.9861,4.51452,7.68578,11.8891,8.18367,9.7147,4.23869,15.2822,13.3506,4.64286,14.1307
0.866667,16.1559,9.84345,18.9838,14.8337,16.6367,17.86,19.8615,11.1642,18.9449,7.48382,15.3048,6.37819,6.98768,10.8413,5.70288,17.8801,8.65587,14.194,13.7163,2.74189,13.1912,19.5182,6.01054,4.34436,8.17187,7.30528,9.39136,18.4271,2.33666,10.961,12.2653,15.8749,11.8732,12.0132,4.85491,7.9781,12.1884,8.22839,9.7663,3.91334,15.2208,13.4352,4.91471,13.9849
0.883333,15.9578,9.84137,18.8697,14.9909,16.5359,18.0005,19.861,11.356,18.989,7.68503,15.3576,6.3099,6.98053,10.79,5.59806,17.8592,8.64277,14.2115,13.7363,2.74896,13.0446,19.5635,6.02298,4.31174,8.35636,7.30524,9.26677,18.4461,2.32393,10.907,12.1901,15.9321,11.8409,12.0507,4.82374,7.87586,12.4227,8.30126,9.78656,3.82554,15.1282,13.4841,4.84962,13.9564
0.9,16.1229,9.99499,18.8665,15.0011,16.5238,17.9897,19.8653,11.3686,18.9987,7.71463,15.4009,6.12027,6.90915,10.7406,5.58995,17.8485,8.59723,14.1507,13.6662,2.72438,13.0197,19.5439,6.11294,4.27421,8.80972,7.35056,9.24994,18.4799,2.34296,10.8823,12.1133,16.0294,11.8926,12.1103,4.62793,7.63171,12.5785,8.33551,9.65557,3.68002,15.0998,13.6057,4.86277,13.9453
0.916667,16.1059,10.0785,18.84,15.0402,16.538,18.0265,19.9006,11.3749,19.0067,7.74289,15.4333,6.15084,6.90327,10.8131,5.56444,17.8145,8.50478,14.1314,13.6907,2.68715,12.9751,19.5425,6.11536,4.30191,8.8356,7.38768,9.17357,18.5244,2.39787,10.7592,11.9847,16.167,11.8649,12.1151,3.6527,7.16264,12.5297,8.37539,9.69645,3.47398,15.0455,13.7225,4.81753,13.9246
0.933333,16.0579,10.2013,18.8663,14.9914,16.5862,17.9973,19.9101,11.3134,19.0066,7.66236,15.3126,6.30737,6.66951,10.7263,5.63243,17.8238,8.4636,13.9425,13.8463,2.70042,12.9841,19.4978,6.22434,4.17018,8.57385,7.21935,9.14803,18.8234,2.47963,10.7765,11.7949,16.2221,11.9558,12.1179,3.66467,7.0321,12.2282,8.30338,9.8802,3.469,14.9834,13.8892,4.77731,13.9663
0.95,15.915,10.4067,18.9044,15.0034,16.5925,17.9767,19.834,11.2914,19.0233,7.59705,15.1947,6.80769,6.44074,10.7518,5.75057,17.9005,8.4659,13.8201,14.1603,2.93373,12.9851,19.5261,6.58227,3.9362,8.32319,7.2218,9.12685,19.3568,2.57372,10.8639,11.7089,16.1472,12.0851,12.1339,3.89974,6.67699,11.89,8.31883,10.2397,3.86765,14.9596,14.1504,4.8087,14.0552
0.966667,15.5289,10.5847,18.864,15.007,16.6139,18.013,19.393,11.2357,18.9382,7.47849,15.0692,6.87091,6.35298,10.7264,5.77746,17.9794,8.47168,13.752,14.2659,2.97476,12.9781,19.5281,6.91596,3.7155,8.14536,7.25632,9.15362,19.5627,2.56051,10.9764,11.6263,16.0999,12.1494,12.0632,4.03338,6.28537,11.6735,8.26886,10.4867,4.49474,14.8897,14.2804,4.79761,14.1277
0.983333,15.433,10.5636,18.9087,14.9306,16.6362,17.9965,19.2233,11.1988,18.8727,7.39397,15.0182,6.81659,6.33768,10.8058,5.83644,18.0605,8.45496,13.8302,14.3058,2.89566,13.0413,19.541,7.22906,3.58151,7.96168,7.25937,9.24756,19.6098,2.5751,11.0693,11.655,16.0311,12.1551,12.0949,4.26144,5.98709,11.4538,8.33048,10.7256,4.73744,14.9157,14.3003,4.78014,14.2186
1,15.4236,10.562,18.9351,14.8752,16.6171,18.0072,19.2091,11.1676,18.8686,7.35261,14.9785,6.80471,6.42317,10.8217,5.80918,18.0376,8.45496,13.8196,14.3437,2.90044,13.0355,19.5532,7.27438,3.56339,7.97788,7.25148,9.25236,19.5898,2.58335,11.0412,11.6497,16.0154,12.1517,12.1139,4.29223,5.95298,11.4888,8.34151,10.7603,4.73718,14.9453,14.2985,4.81686,14.1679
1.01667,15.4328,10.5879,18.9004,14.9041,16.5649,18.0251,19.2201,11.1978,18.8682,7.37517,14.9785,6.85181,6.43892,10.8236,5.75597,18.0124,8.49376,13.8298,14.3851,2.93622,12.9778,19.5664,7.28421,3.54748,8.00409,7.19257,9.21747,19.5764,2.56743,11.0074,11.5809,15.9893,12.1425,12.1217,4.32998,5.90685,11.5321,8.34508,10.7784,4.73535,14.923,14.317,4.80297,14.1234
1.03333,15.494,10.625,18.8803,14.9025,16.4225,18.0979,19.3193,11.1809,18.8332,7.34736,14.9491,6.90714,6.33787,10.843,5.63984,17.9125,8.46791,13.7735,14.4276,2.95613,12.8145,19.5848,7.34825,3.50282,8.00402,7.17005,9.09054,19.5618,2.55121,10.8766,11.5327,15.9523,12.1472,12.1308,4.319,5.8603,11.5464,8.36619,10.8414,4.72548,14.8916,14.3691,4.79102,13.9992
1.05,15.5285,10.6196,18.9297,14.8213,16.3916,18.1202,19.3713,11.131,18.8375,7.29072,14.9708,6.91187,6.24653,10.8139,5.62212,17.8744,8.47413,13.7287,14.4782,2.97711,12.7564,19.5884,7.38098,3.47943,8.03593,7.1378,9.05037,19.6003,2.57445,10.8227,11.5362,15.8687,12.171,12.13,4.29457,5.83536,11.6174,8.36921,10.9134,4.70311,14.9004,14.3731,4.75088,13.9712
1.06667,15.5006,10.6543,18.8619,14.9694,16.3546,18.1461,19.268,11.2462,18.892,7.40362,15.0174,6.92695,6.28149,10.7107,5.59509,17.7989,8.49003,13.7224,14.5699,2.97156,12.6659,19.6085,7.4744,3.42143,8.1477,7.13859,8.93356,19.5994,2.59378,10.7279,11.5498,15.8292,12.1447,12.1279,4.2073,6.25044,11.7006,8.37181,11.0209,4.6719,14.8578,14.3995,4.77851,13.8947
1.08333,15.4468,10.6564,18.834,15.0302,16.373,18.1092,19.2802,11.2216,18.8706,7.37807,15.0064,6.93417,6.15099,10.5855,5.5761,17.7767,8.43459,13.7207,14.5592,2.9756,12.6647,19.6299,7.47399,3.41879,8.07171,7.21491,8.98227,19.6603,2.62227,10.6603,11.5536,15.8299,12.1239,12.1216,4.2687,7.44647,11.6849,8.41579,11.0143,4.69421,14.816,14.3901,4.73669,13.8779
1.1,15.2949,10.5684,18.8173,15.0464,16.5121,17.9801,19.0846,11.2484,18.9398,7.41803,15.1098,6.81603,6.16659,10.5329,5.60518,17.8138,8.35673,13.7546,14.4715,2.91818,12.8079,19.6305,7.42078,3.44315,7.95226,7.25956,9.10834,19.3358,2.60542,10.701,11.4524,16.0708,12.0839,12.1767,4.21932,7.48955,11.5952,8.42558,10.9743,4.77355,14.8215,14.3114,4.66476,13.9191
1.11667,15.1538,10.5844,18.8328,15.0252,16.5575,17.9121,18.8778,11.196,18.9083,7.3748,15.0714,6.80836,6.21056,10.6467,5.7152,17.8866,8.31324,13.9266,14.4143,2.93021,12.9032,19.6652,7.41181,3.47046,7.92348,7.20914,9.15641,19.3854,2.5963,10.7942,11.555,16.1117,12.0024,12.2652,3.88076,7.28845,11.5292,8.5072,10.95,4.81678,14.7374,14.3544,4.63121,14.0445
1.13333,15.0656,10.6399,18.906,14.8814,16.6595,17.8223,18.8427,11.0547,18.832,7.22918,14.9009,6.88964,6.32156,10.6652,5.84251,17.9958,8.22113,14.0508,14.4391,2.94106,13.0441,19.6336,7.31831,3.51073,7.93863,7.18025,9.23274,19.5894,2.60907,10.9098,11.5374,16.1339,11.904,12.2713,3.55826,7.39502,11.4872,8.50176,10.8351,4.87085,14.5869,14.4141,4.52866,14.2384
1.15,14.7545,10.6726,18.9363,14.828,16.698,17.7731,18.559,11.0263,18.7865,7.18282,14.8439,6.95312,6.35753,10.6925,5.93611,18.0808,8.01861,14.1925,14.3344,3.01961,13.0956,19.6381,7.15247,3.60444,7.91261,7.24921,9.32165,19.7672,2.56275,11.0479,11.356,16.3036,11.6955,12.4205,3.52864,7.36069,11.4667,8.58881,10.8976,4.9118,14.4046,14.5081,4.34942,14.4707
1.16667,14.6047,10.6527,18.9572,14.8178,16.7271,17.7553,18.4376,10.9709,18.7534,7.1489,14.8625,6.9914,6.40764,10.7669,5.97755,18.1449,7.89835,14.2056,14.3394,3.02209,13.1503,19.6584,6.94218,3.74109,7.87619,7.32293,9.36641,19.7152,2.53414,11.1667,11.3117,16.2597,11.5278,12.3697,3.75196,6.81711,11.6097,8.53724,10.9271,4.87703,14.3798,14.5452,4.07072,14.6869
1.18333,14.589,10.661,18.9739,14.7376,16.742,17.7074,18.4402,10.9805,18.7198,7.13799,14.8242,7.01162,6.38381,10.7637,5.8972,18.104,7.92132,14.1141,14.3234,3.0339,13.1928,19.6543,7.19347,3.6101,7.7398,7.2122,9.4452,19.7466,2.50876,11.2503,11.1906,16.3845,11.4948,12.3329,4.207,6.01367,11.5733,8.5279,10.8699,4.77523,14.3262,14.5491,3.51572,14.9188
1.2,14.5438,10.6881,18.9747,14.7261,16.7458,17.7073,18.3922,10.9717,18.7233,7.13806,14.8683,6.98209,6.36777,10.7433,5.96448,18.1593,7.84942,14.0527,14.3499,3.01677,13.2252,19.6731,7.22996,3.60999,7.77197,7.18457,9.45451,19.7167,2.52251,11.3814,11.0938,16.3732,11.4099,12.3324,4.2662,6.00805,11.6029,8.52228,10.8951,4.77523,14.3001,14.6213,3.46921,15.0633
1.21667,14.4913,10.6932,18.9993,14.6595,16.746,17.6923,18.3579,10.9661,18.7272,7.12362,14.9234,6.98861,6.29892,10.7669,6.04215,18.1918,7.74207,14.0647,14.3605,3.01793,13.2669,19.6999,7.20751,3.61141,7.78456,7.15091,9.49893,19.7034,2.53413,11.4488,11.0674,16.3818,11.3609,12.3703,4.32008,6.04208,11.5549,8.47774,10.9207,4.75672,14.3031,14.5958,3.51675,15.1307
1.23333,14.5246,10.6971,19.0031,14.6325,16.7561,17.6671,18.3741,10.9378,18.6848,7.0932,14.9025,6.98302,6.22896,10.862,6.08196,18.2432,7.8511,14.1361,14.3176,2.96702,13.2931,19.652,6.97368,3.7213,7.67744,7.20456,9.52618,19.6735,2.53289,11.5296,11.147,16.4673,11.4369,12.3996,4.20037,6.35809,11.5119,8.58449,10.7746,4.58954,14.345,14.5381,3.53315,15.1966
1.25,14.6785,10.6396,18.9892,14.6275,16.7157,17.6876,18.522,10.9128,18.6586,7.05626,14.8614,6.9335,6.23722,10.7944,6.07641,18.2389,8.11557,14.3171,14.2794,2.92306,13.312,19.7069,6.76699,3.84121,7.70238,7.27263,9.56505,19.6755,2.53789,11.5318,11.264,16.4659,11.63,12.4163,4.20789,6.67383,11.5609,8.76486,10.6036,4.13804,14.4236,14.4427,3.50872,15.1971
1.26667,14.7095,10.6351,18.9558,14.6996,16.6549,17.7326,18.5051,10.9785,18.6786,7.11688,14.9088,6.94098,6.35153,10.9248,6.00246,18.2074,8.12949,14.2975,14.2807,2.95232,13.26,19.7604,6.39632,4.07102,7.67472,7.3497,9.54614,19.6591,2.51421,11.4534,11.2272,16.3888,11.6454,12.3881,4.21657,7.0732,11.6008,8.80693,10.4853,3.43783,14.4182,14.445,3.45701,15.1337
1.28333,14.7673,10.6696,18.968,14.729,16.6609,17.7729,18.5442,11.0038,18.7206,7.14637,14.9655,6.99695,6.30752,10.9456,6.02019,18.193,7.95483,14.531,14.3509,3.02088,13.2561,19.7846,6.03043,4.35352,7.70421,7.51986,9.5432,19.6571,2.55163,11.4204,11.1937,16.3624,11.3193,12.4291,4.35851,8.1117,11.6342,8.85947,10.6275,2.80662,14.4733,14.5304,3.47656,15.1177
1.3,14.8497,10.6156,18.9605,14.7052,16.6706,17.7511,18.6342,10.9563,18.6964,7.11107,14.9553,6.9621,6.44067,11.0537,6.05273,18.2278,7.85947,14.7569,14.2403,3.01386,13.2932,19.7611,5.83949,4.47203,7.64899,7.60643,9.60314,19.6716,2.5603,11.4664,11.2028,16.3234,11.0507,12.4674,4.33754,8.28793,11.6607,8.91215,10.5353,2.63099,14.4957,14.4903,3.51862,15.176
1.31667,14.8225,10.5588,18.9995,14.5682,16.7182,17.7082,18.5925,10.8429,18.643,6.99579,14.8907,6.91924,6.26965,11.1504,6.10232,18.3079,7.84689,14.8108,14.189,2.99632,13.3696,19.7218,5.57029,4.69793,7.53785,7.8104,9.69306,19.6852,2.55233,11.5586,11.2504,16.2835,11.0219,12.4608,4.14769,8.26261,11.627,8.89626,10.4398,2.5905,14.5252,14.4545,3.57939,15.2396
1.33333,15.0139,10.5487,19.0657,14.4789,16.8072,17.6555,18.8424,10.7451,18.551,6.91704,14.8553,6.96701,6.35235,11.3096,6.21727,18.4082,7.90773,14.9039,14.1499,3.05329,13.5072,19.7154,5.50282,4.86079,7.60963,7.86361,9.82193,19.7411,2.5276,11.7096,11.3263,16.274,10.9993,12.5248,3.70614,8.10391,11.4418,8.87656,10.397,2.55922,14.5913,14.3966,3.65376,15.3834
1.35,15.552,10.6209,19.1034,14.4139,16.8769,17.615,19.3788,10.6889,18.5739,6.92345,14.7696,7.05723,6.38709,11.4289,6.29616,18.4645,7.94787,14.9369,14.2974,3.14742,13.5998,19.718,5.2481,5.0101,7.60948,7.85389,9.93252,19.7585,2.5448,11.7774,11.4104,16.2547,11.005,12.5404,3.22434,8.14472,11.2097,8.82305,10.5069,2.67182,14.6511,14.3565,3.77702,15.3987
1.36667,15.7785,10.6395,19.2231,14.1264,16.9944,17.5012,19.6181,10.4605,18.4549,6.77492,14.8339,7.16588,6.4069,11.5049,6.25804,18.4345,8.00733,14.9411,14.5347,3.2508,13.7844,19.683,5.26649,4.99454,7.63432,7.9097,9.88448,19.827,2.53347,11.7251,11.4565,16.2719,11.0858,12.565,3.2043,8.17648,11.1891,8.85094,10.7462,3.22838,14.6367,14.3341,3.77509,15.373
1.38333,15.8086,10.6486,19.2004,14.1792,17.0599,17.4463,19.6951,10.4932,18.4742,6.81312,14.7933,7.18032,6.45311,11.5705,6.07924,18.3303,8.02312,14.9332,14.5087,3.25467,13.8949,19.6797,5.4454,4.81957,7.62203,7.95382,9.64213,19.8175,2.47527,11.5689,11.4528,16.285,11.1167,12.6231,3.25249,7.93659,11.172,8.89596,10.727,4.03256,14.6016,14.3342,3.70405,15.1992
1.4,15.6332,10.7161,19.1116,14.2793,16.9709,17.5337,19.5363,10.5586,18.4518,6.83248,14.7163,7.21216,6.40697,11.5372,5.88778,18.2245,7.9501,14.9137,14.4687,3.25563,13.8187,19.739,6.01088,4.38844,7.51584,7.85508,9.38737,19.8652,2.38478,11.4157,11.3714,16.3088,11.08,12.6669,3.51222,7.27415,11.111,8.8954,10.3136,4.69134,14.5241,14.4068,3.6149,15.0213
1.41667,15.4054,10.7987,19.1894,14.223,17.0512,17.4789,19.2803,10.478,18.347,6.72853,14.6772,7.23487,6.35879,11.5489,5.64721,18.0761,7.88889,14.8964,14.4216,3.25398,13.9364,19.7339,6.3706,4.17833,7.44789,7.77778,9.08965,19.8964,2.34432,11.1496,11.3223,16.4393,11.161,12.8179,3.65549,6.89578,11.1208,9.01041,10.0342,5.0464,14.3676,14.5054,3.5043,14.8012
1.43333,15.2727,10.8112,19.2227,14.083,17.1851,17.3719,19.1364,10.3441,18.2476,6.59635,14.6255,7.19935,6.39606,11.4459,5.46488,17.9165,7.91123,14.8833,14.3667,3.23327,14.1166,19.6654,6.51387,4.1001,7.48147,7.69412,8.82093,19.8616,2.36946,10.9159,11.3585,16.5449,11.2783,12.9292,3.73465,6.7531,11.1777,9.10666,10.1597,5.07109,14.3196,14.493,3.4081,14.5887
1.45,15.2012,10.9238,19.2975,13.9128,17.3148,17.2639,19.0117,10.171,18.1054,6.44037,14.4907,7.15519,6.92926,11.3332,5.35958,17.8133,7.97039,14.9071,14.2259,3.23986,14.2814,19.6006,6.78069,3.91873,7.63655,7.55229,8.6027,19.8109,2.38707,10.7349,11.4132,16.6717,11.2732,12.9279,3.92666,6.53692,11.0624,9.08645,10.3724,5.00742,14.315,14.535,3.35113,14.4418
1.46667,15.2488,11.0173,19.3007,13.8079,17.3697,17.1816,19.0091,10.0922,18.0368,6.38054,14.4192,7.02941,7.29329,11.2948,5.19832,17.6794,7.98551,14.9372,14.0284,3.17771,14.3788,19.5662,6.83126,3.7991,7.68269,7.48914,8.38284,19.7292,2.38791,10.5263,11.4088,16.7807,11.2388,12.8677,3.98497,6.44734,11.0698,9.10298,10.5034,4.9022,14.3255,14.5672,3.29066,14.287
1.48333,15.3452,11.2149,19.3731,13.6453,17.5016,17.0383,19.0213,9.94875,17.8988,6.27595,14.2495,6.9866,7.651,11.3425,5.08863,17.6133,8.03429,15.0445,13.8164,3.187,14.5789,19.5075,6.84637,3.80703,7.64043,7.50232,8.20653,19.7081,2.45148,10.4142,11.4257,17.0066,11.1711,12.8926,3.98654,6.41412,11.0053,9.17268,10.6388,4.97525,14.3738,14.7133,3.26305,14.2198
1.5,15.6427,11.4609,19.4299,13.3165,17.6749,16.802,19.0095,9.66004,17.6947,6.0464,14.0387,6.97278,7.65666,11.5373,4.91653,17.4473,8.13936,15.2537,13.8214,3.20232,14.8602,19.374,6.61668,3.92168,7.44081,7.6831,7.97263,19.5633,2.52482,10.1638,11.4686,17.292,11.2077,12.9265,3.82289,6.64069,10.8734,9.27347,10.4153,4.69603,14.4117,14.8683,3.16003,14.0394
1.51667,16.0261,11.6396,19.4809,12.9507,17.8698,16.5387,19.0094,9.33014,17.4691,5.79291,13.9207,6.98529,7.21402,11.8547,4.85897,17.3736,8.26015,15.5604,14.0749,3.29051,15.1679,19.1968,6.67029,3.88303,7.3949,7.60725,7.91935,19.5013,2.53578,10.0899,11.5709,17.5581,11.268,13.0575,3.84888,6.56719,10.8679,9.37736,10.3842,4.24204,14.5094,15.0685,3.15284,13.9694
1.53333,16.0382,11.6379,19.5165,12.755,18.0146,16.364,18.7793,9.16929,17.3098,5.59408,13.8927,6.99486,6.15497,12.1277,4.7988,17.3095,8.29411,15.5907,14.323,3.39691,15.1925,19.1891,6.75898,3.84803,7.38321,7.51707,8.03775,19.5039,2.64191,10.0114,11.5986,17.5461,11.3326,13.1303,3.90786,6.4804,10.8496,9.44054,10.4563,3.85246,14.632,15.0738,3.18187,13.924
1.55,16.0255,11.6493,19.5143,12.7382,18.0145,16.3631,18.7246,9.15943,17.2751,5.57334,13.8456,6.9962,6.0903,12.0473,4.77597,17.3206,8.2807,15.6028,14.2776,3.38956,15.1836,19.1893,6.75701,3.85652,7.35384,7.50381,8.04721,19.4959,2.66262,10.0056,11.5536,17.5348,11.3131,13.1653,3.89799,6.47939,10.8295,9.46955,10.364,3.72478,14.6646,15.1295,3.18889,13.8672
1.56667,16.0209,11.6792,19.5207,12.7781,18.004,16.42,18.7431,9.19431,17.3111,5.60484,13.9221,6.99207,6.08028,11.9735,4.74574,17.2666,8.27888,15.5637,14.3141,3.40308,15.1019,19.2332,6.80069,3.82464,7.36888,7.45567,7.96831,19.4717,2.58799,9.94197,11.4693,17.5279,11.3139,13.1652,3.93158,6.45016,10.8518,9.45834,10.4053,3.67866,14.6751,15.2347,3.19986,13.8185
1.58333,15.9762,11.7568,19.5149,12.8413,17.9837,16.4984,18.7397,9.27545,17.3469,5.67592,13.9291,7.04997,6.11163,11.5779,4.60998,17.1542,8.20527,15.574,14.3669,3.46405,14.995,19.3055,6.90457,3.79259,7.44033,7.39416,7.91551,19.4841,2.38744,9.79471,11.3824,17.5703,11.2792,13.2435,3.99964,6.37104,10.852,9.5197,10.5508,4.08953,14.645,15.3306,3.1516,13.6801
1.6,15.9593,11.7441,19.5006,12.6711,18.0617,16.3441,18.5397,9.12979,17.227,5.49269,13.8839,7.22329,6.26779,10.985,4.43208,16.9745,8.0694,15.455,14.1327,3.36475,14.8192,19.3592,7.1088,3.6632,7.58197,7.30033,7.92292,19.4783,2.39676,9.58199,11.2559,17.4549,11.2679,13.3589,4.08934,6.18394,10.8341,9.60057,10.635,4.80569,14.6637,15.3589,2.98365,13.5513
1.61667,15.9448,11.6313,19.5183,12.483,18.1738,16.1484,18.4297,8.93464,17.1241,5.32935,14.4248,7.99642,6.15415,11.1441,4.27614,16.787,7.9921,15.3923,13.9762,3.28227,14.7354,19.3114,7.51901,3.75822,7.64534,7.45857,7.98652,19.4571,2.48811,9.36827,11.186,17.2573,11.234,13.5019,4.23954,5.95592,10.9958,9.63006,10.8909,5.40333,14.7245,15.2819,2.95237,13.3296
1.63333,15.9378,11.6767,19.5308,12.5478,18.1511,16.1981,18.3769,8.97854,17.1079,5.29636,14.6644,8.16524,6.16179,11.5113,4.14158,16.6151,7.93171,15.3949,13.7882,3.19025,14.6415,19.3461,7.78772,3.71118,7.61168,7.73802,8.01839,19.4367,2.68319,9.17067,11.1018,17.2297,11.1639,13.4837,4.46198,5.75203,11.0943,9.61662,11.0061,5.79976,14.6823,15.3347,2.93092,13.13
1.65,15.9279,11.6415,19.5383,12.4728,18.0774,16.2373,18.3143,8.86911,17.0187,5.18432,14.7136,8.15526,6.61627,11.9389,4.07769,16.52,7.94359,15.512,13.7495,3.17758,14.7089,19.2855,7.76698,3.31281,7.58711,8.14606,7.99944,19.3768,2.88453,9.09933,11.1758,17.2705,11.1376,13.5581,4.69652,5.67525,11.1422,9.66987,10.697,5.96616,14.648,15.3075,2.8636,13.0503
1.66667,15.9301,11.5632,19.546,12.5863,18.1195,16.1793,18.4007,8.81438,16.9724,5.1453,14.5855,8.05868,6.30752,12.0845,4.03327,16.4632,7.93387,15.6435,13.7405,3.17356,14.963,19.1363,7.75324,3.21398,7.48579,8.42093,8.24749,19.4541,3.04303,9.07006,11.2789,17.3027,11.0654,13.516,4.79731,5.6146,11.0758,9.6657,10.6508,5.91187,14.7209,15.2245,2.88668,13
1.68333,15.9453,11.3652,19.5689,12.3364,18.2689,15.9591,18.5799,8.69452,16.9022,5.05184,14.3438,7.90438,6.28038,12.266,3.93177,16.3318,7.86994,15.8479,13.6507,3.16747,15.2454,18.9755,7.92899,3.15768,7.37249,8.66049,8.61387,19.5579,3.15144,8.96417,11.56,17.3606,10.9608,13.668,5.10058,5.59806,11.1088,9.75837,10.6489,6.05831,14.8693,15.0706,2.8722,12.8693
1.7,16.0511,11.1193,19.5724,12.3289,18.2465,15.9503,19.0451,8.61897,17.0172,5.16581,14.1693,7.74852,6.3468,12.4601,3.83291,16.153,7.79163,16.0938,13.6821,3.18475,15.706,18.8456,8.06136,3.11926,7.09178,8.77405,9.0195,19.6606,2.99496,8.73965,11.9459,17.3847,10.8325,13.8606,5.17382,5.42295,11.1845,9.94067,10.4371,6.32528,14.9451,14.8277,2.85099,12.6668
1.71667,16.1492,10.8579,19.5919,12.2612,18.3245,15.8731,19.2297,8.48873,17.0204,5.19609,14.0271,7.57128,6.45355,12.7144,3.69452,15.9174,7.63581,16.446,13.8792,3.23884,15.8199,18.8122,8.22232,3.06892,6.80657,8.82581,9.40409,19.7521,2.67815,8.46386,12.0959,17.1706,10.332,13.9385,5.2303,5.28098,11.2743,10.0567,10.1602,6.58693,15.0424,14.5091,2.79639,12.4176
1.73333,16.1657,10.7688,19.5992,12.2321,18.3502,15.8252,19.2751,8.3898,17.0322,5.16425,13.9694,7.43061,6.24009,13.1126,3.5208,15.6249,7.29393,16.7899,13.828,3.20446,15.8516,18.7865,8.44811,3.00246,6.81863,8.94511,9.50537,19.7772,2.72762,8.13769,12.1019,17.0623,10.1535,13.984,5.48938,5.11972,11.3243,10.2022,9.93468,6.74282,14.8848,14.3532,2.75659,12.0845
1.75,16.1847,10.7858,19.612,12.3091,18.3046,15.8695,19.3188,8.47663,17.103,5.20897,14.0375,7.46896,6.25446,12.9154,3.38327,15.3161,7.08057,16.6775,14.018,3.24564,15.8156,18.8081,8.90385,2.8725,6.87716,8.91089,9.31529,19.7223,2.86794,7.83624,12.0593,17.0528,10.0309,13.918,5.97941,5.20625,11.3144,10.1612,9.96472,6.7429,14.6815,14.2957,2.73131,11.7248
1.76667,16.1704,10.9101,19.5811,12.4956,18.2268,16.0309,19.3639,8.66008,17.1725,5.4037,14.0115,7.62039,6.15985,12.5658,3.22641,15.0211,6.86923,16.3918,13.8039,3.31221,15.6829,18.8877,9.38581,2.7905,6.95528,8.86371,8.96748,19.6371,3.01373,7.55881,11.941,17.1608,9.77747,13.9215,6.20356,5.05259,11.2075,10.1184,10.0615,6.73016,14.2484,14.262,2.72238,11.4346
1.78333,16.2225,11.0663,19.5893,12.6884,18.1529,16.1987,19.4347,8.85772,17.2257,5.57602,13.9937,7.79562,6.07082,12.2571,3.13239,14.7579,6.67722,16.009,13.8546,3.23114,15.5193,18.9641,9.60426,2.77291,7.06334,8.56889,8.48352,19.4841,3.1739,7.32219,11.7714,17.4571,9.75268,14.0056,6.34859,4.75799,11.1281,10.1683,10.3679,6.68675,13.764,14.0708,2.73615,11.1435
1.8,16.2454,11.1524,19.5612,12.811,18.0106,16.3625,19.4913,8.99924,17.4618,5.54512,14.1516,7.78277,6.09693,12.0384,3.09274,14.5117,6.60208,15.558,13.6223,3.28483,15.2597,19.0201,9.70122,2.75764,7.18606,8.25356,8.08705,19.3529,3.32182,7.12797,11.5398,17.6297,9.84371,13.9376,6.45154,4.43524,11.3102,10.1437,10.6674,6.61805,13.7888,14.13,2.73728,10.8599
1.81667,16.2605,11.2893,19.5143,13.0097,17.9601,16.4709,19.5234,9.19584,17.6286,5.7394,14.2365,7.86796,6.20293,11.7075,3.05684,14.2843,6.60469,15.4256,13.7493,3.10148,15.0746,18.9793,9.75744,2.74575,7.20568,8.05618,7.78225,19.2303,3.44705,6.97505,11.352,17.7429,9.96941,13.9822,6.39353,4.0988,11.3332,10.138,10.7884,6.58953,13.8406,14.3462,2.80365,10.6504
1.83333,16.2686,11.4914,19.4524,13.3427,17.7724,16.7207,19.5968,9.42721,17.8322,5.96474,14.3534,7.98182,6.22382,11.5932,3.0485,14.2543,6.68061,15.2605,13.8429,3.15011,14.6277,18.8561,9.86516,2.73907,7.30219,7.84648,7.37484,19.0714,3.52319,6.93491,10.9624,17.6919,10.1184,14.0499,6.46938,4.03207,11.3952,10.1177,10.9586,6.56287,13.975,14.6436,2.81314,10.5769
1.85,16.2242,11.7121,19.3695,13.6213,17.566,16.9346,19.6741,9.78377,18.13,6.2201,14.5574,8.07923,6.17214,11.5302,3.20596,14.1746,6.84161,15.0506,13.8434,3.15093,14.3123,18.8618,9.84174,2.73437,7.80172,7.92437,7.08772,18.9199,3.5562,6.92553,10.6364,17.6172,10.3956,14.0061,6.48423,4.06722,11.4466,9.96901,11.2696,6.41848,14.2475,15.1137,2.82144,10.5698
1.86667,16.2233,11.8589,19.2783,13.8848,17.3846,17.1299,19.7161,10.0711,18.3068,6.42712,14.6732,8.15455,6.14127,11.4269,3.42617,14.1406,6.98902,14.9076,13.8179,3.08924,14.0884,19.0107,9.82699,2.74351,8.13735,7.96332,6.91131,18.7951,3.59912,6.95186,10.4596,17.5258,10.5369,13.9324,6.46465,4.09444,11.439,9.83355,11.476,6.27539,14.2807,15.3086,2.84436,10.5699
1.88333,16.2323,11.8898,19.264,13.9427,17.3445,17.1901,19.7116,10.1281,18.3861,6.48423,14.7176,8.17146,6.1027,11.3066,3.39663,14.0577,6.99445,14.7943,13.9233,3.11284,13.9942,18.9871,9.94086,2.72052,8.18847,7.88528,6.80452,18.7183,3.66323,6.90163,10.3302,17.4951,10.4945,13.9012,6.53606,4.09787,11.4932,9.82484,11.5208,6.25093,14.2123,15.2932,2.83266,10.5136
1.9,16.2224,11.9925,19.2201,14.0643,17.2544,17.2799,19.7559,10.2712,18.2173,6.2793,14.6842,8.26782,6.19664,11.1628,3.27406,14.0003,6.92944,14.7767,13.9981,3.14512,13.9188,19.0775,10.0253,2.7119,8.16081,7.78873,6.77548,18.7149,3.72579,6.82109,10.2918,17.5342,10.4287,13.8819,6.57669,4.03669,11.4284,9.8197,11.5454,6.25096,14.0734,15.3308,2.81008,10.4199
1.91667,16.1742,12.0864,19.2356,14.0772,17.2645,17.3036,19.7393,10.2788,17.8075,5.88462,14.6305,8.36217,6.39033,11.1608,3.29186,14.0074,6.94728,14.8125,14.001,3.1809,13.9745,19.1802,10.061,2.73897,8.13746,7.71489,6.84209,18.7759,3.76812,6.81986,10.3292,17.5743,10.4248,13.8852,6.5549,4.05281,11.3701,9.86899,11.5379,6.23696,14.0236,15.3897,2.8028,10.4266
1.93333,16.2293,12.0122,19.2403,14.0906,17.2571,17.2886,19.6834,10.1679,17.2162,5.17252,14.79,8.23256,6.12213,11.4031,3.47646,13.8753,7.05622,14.8999,14.0831,3.2069,14.1084,19.4375,10.1369,2.7201,8.15519,8.00763,7.10884,18.8909,3.80595,6.76859,10.5279,17.5429,10.433,13.8099,6.59709,3.95124,11.5532,9.86996,11.6314,6.13431,14.0096,15.2408,2.80507,10.3665
1.95,16.2356,11.9358,19.2558,14.0249,17.3073,17.2402,19.7331,10.2002,17.1687,5.11201,14.7892,8.16293,6.06721,11.5246,3.40913,14.065,7.14331,14.9998,14.0503,3.19427,14.2701,19.5672,10.0953,2.75401,8.13281,8.15217,7.29057,18.9873,3.84367,6.78616,10.7019,17.527,10.4737,13.7836,6.56284,3.92864,11.5333,9.8267,11.5896,6.07127,14.0354,15.1503,2.69814,10.3636
1.96667,16.2101,11.9766,19.3,13.9317,17.3967,17.1788,19.7097,10.1514,17.2196,5.16883,14.8231,8.15504,6.06561,11.6265,3.19659,14.0219,6.84674,15.2383,14.0759,3.19722,14.3889,19.4848,10.1318,2.7547,7.8648,8.06374,7.54183,19.1023,3.88347,6.81882,10.8507,17.4834,10.5622,13.721,6.61515,3.97045,11.2664,9.82569,11.6285,5.98116,14.012,15.2186,2.61692,10.4299
1.98333,16.1749,12.0324,19.3115,13.9218,17.4075,17.1565,19.7278,10.0916,17.1739,5.19177,14.9056,8.17012,6.02737,11.6985,2.89723,13.9907,6.53208,15.4104,14.1021,3.21846,14.409,19.4443,10.1607,2.77538,7.45232,8.09215,7.61153,19.1351,3.92048,6.79078,10.9323,17.4304,10.5954,13.6994,6.62431,3.91397,10.881,9.80324,11.6945,5.94229,13.9669,15.271,2.50239,10.3672
2,16.0879,12.1047,19.3449,13.8112,17.4782,17.0711,19.6957,9.75349,17.2121,5.28709,14.917,8.2212,6.01311,11.7524,2.88428,13.8563,6.41282,15.5238,14.183,3.25535,14.4763,19.3523,10.2822,2.75147,7.41438,8.17727,7.66064,19.1526,4.01588,6.65391,11.0176,17.4185,10.5945,13.6466,6.70913,3.84024,10.8603,9.79494,11.7453,5.91824,13.9149,15.3402,2.46738,10.2341
2.01667,16.0786,12.0745,19.355,13.6582,17.5399,16.9734,19.6619,9.77341,17.23,5.31948,14.8944,8.2062,6.10538,11.7645,2.86099,13.7796,6.3474,15.5816,14.2135,3.29784,14.5263,19.2865,10.3394,2.70861,7.42774,8.21364,7.67595,19.1573,4.10193,6.58223,11.0526,17.418,10.6443,13.573,6.71337,3.75427,10.8289,9.78138,11.7273,5.91176,13.9339,15.3271,2.44348,10.1283
2.03333,16.0208,12.1048,19.3864,13.5877,17.5971,16.8946,19.6209,9.45856,17.2716,5.42969,14.8206,8.23286,6.14503,11.7593,2.871,13.7429,6.32335,15.627,14.3284,3.30956,14.6276,19.1868,10.452,2.705,7.42316,8.21193,7.65774,19.1577,4.17271,6.52955,11.0435,17.4957,10.6505,13.6304,6.85226,3.84315,10.7931,9.86635,11.6712,5.97238,13.9425,15.374,2.44426,10.0777
2.05,16.0089,12.0953,19.4066,13.5338,17.6101,16.847,19.4833,9.26394,17.4709,5.69752,14.6735,8.28104,5.98898,11.5619,2.79885,13.6573,6.25811,15.5431,14.5649,3.3583,14.6425,19.1255,10.6893,2.69307,7.47998,8.00606,7.54377,19.0741,4.2636,6.36449,10.963,17.5849,10.5857,13.7283,7.26131,4.21467,10.7109,9.95579,11.5142,6.13397,13.9291,15.3687,2.43563,9.91312
2.06667,16.0975,11.9867,19.3717,13.4683,17.5908,16.8589,19.5846,9.61755,17.9863,6.2141,14.3825,8.32132,6.02402,11.4753,2.74128,13.4304,6.16469,15.2998,14.7796,3.41661,14.5832,19.0752,10.9355,2.7328,7.5454,7.92054,7.22627,18.9617,4.3604,6.10117,10.8092,17.9211,10.2989,14.1459,7.45924,4.14277,10.5162,10.1695,11.1422,6.41349,14.0115,15.178,2.44859,9.65415
2.08333,16.1037,12.0756,19.366,13.5759,17.5618,16.9251,19.6568,9.79047,18.1281,6.34014,14.6523,8.31902,6.07477,11.3754,2.72827,13.3191,6.17772,15.0735,14.8633,3.39127,14.463,19.1097,11.0389,2.66192,7.66314,7.85002,6.95901,18.8541,4.43182,6.01509,10.724,18.2866,10.0363,14.5657,7.4999,3.95913,10.416,10.2683,11.3492,6.53863,13.9788,15.2562,2.44027,9.54022
2.1,16.0706,12.1858,19.2898,13.8925,17.3223,17.1976,19.7018,10.1078,18.3773,6.5892,14.9947,8.29072,6.23599,10.9831,2.70623,13.2728,6.24169,14.7272,14.7771,3.91408,14.1361,19.2617,11.0606,2.764,7.8508,7.5705,6.54541,18.5925,4.49597,5.95871,10.3858,18.808,10.1675,14.9778,7.38068,3.61238,10.2099,10.2609,11.6788,6.47522,13.8512,15.2951,2.48035,9.47822
2.11667,16.1782,12.212,19.1079,14.308,16.9846,17.4931,19.7057,10.5575,18.6348,6.94355,15.1086,8.34847,6.30793,10.7768,2.69958,13.2908,6.29207,14.5512,14.874,3.5761,13.7177,19.4113,11.0557,3.01879,7.91964,7.42298,6.23585,18.41,4.48547,5.94646,9.98535,19.1665,10.2373,15.3036,7.25941,3.4843,10.0384,10.2485,11.7608,6.54634,13.737,15.227,2.46444,9.43816
2.13333,16.2586,12.2964,19.0867,14.5426,16.8346,17.6784,19.745,10.8109,18.7421,7.1779,15.1582,8.48649,6.29419,10.7019,2.71376,13.2349,6.31761,14.4146,15.0121,3.56383,13.52,19.5003,11.254,2.86947,7.98056,7.37819,6.10713,18.3297,4.53395,5.93924,9.75424,19.4536,10.1929,15.5806,7.49711,3.38629,10.0326,10.2468,11.8429,6.62785,13.707,15.2435,2.45857,9.35647
2.15,16.1377,12.3641,18.9871,14.7254,16.6749,17.8156,19.7404,11.0114,18.8202,7.33786,15.2319,8.51338,6.34438,10.5974,2.70481,13.147,6.25588,14.2785,15.3072,3.69868,13.3257,19.5599,11.476,2.90012,8.08224,7.30584,5.93447,18.2139,4.55957,5.88216,9.52052,19.5161,10.1288,15.5986,7.7385,3.27354,10.0823,10.2104,11.9355,6.59117,13.6104,15.3176,2.47873,9.27213
2.16667,16.2372,12.3384,18.8751,14.8307,16.5907,17.923,19.7003,11.1861,18.8688,7.45046,15.2152,8.49472,6.33943,10.5422,2.68055,13.0425,6.31493,14.2468,15.2459,3.72497,13.1933,19.6253,11.5284,2.64768,8.13873,7.27788,5.81719,18.1446,4.64949,5.80274,9.38607,19.3862,10.1571,15.5297,7.83989,3.29,10.0875,10.2451,12.0153,6.4378,13.6814,15.2279,2.51394,9.15723
2.18333,16.2818,12.4082,18.9282,14.8985,16.5759,17.9705,19.7051,11.2772,18.8393,7.48981,15.1697,8.59589,6.37078,10.4927,2.66995,12.9396,6.24262,14.1818,15.2835,3.74686,13.1681,19.6499,11.462,2.57498,8.27865,7.27196,5.76565,18.1016,4.76257,5.73051,9.39311,18.9869,10.1672,15.2221,7.73597,3.39492,10.1408,10.3444,12.1538,6.26053,13.7063,15.2381,2.57184,9.0596
2.2,16.2875,12.4349,18.8159,14.9773,16.4835,18.0434,19.6937,11.3611,19.0408,7.51472,15.3162,8.57064,6.38534,10.4224,2.66085,12.9594,6.21473,14.1427,15.1976,3.7106,13.0301,19.6699,11.3326,2.61138,8.38652,7.28074,5.67343,18.0263,4.74228,5.75084,9.36284,18.6646,10.1859,14.9103,7.63912,3.4608,10.1411,10.4138,12.3538,6.15162,13.7269,15.2152,2.58367,9.05554
2.21667,16.3061,12.4972,18.8719,15.0367,16.486,18.0574,19.7225,11.2708,18.9946,7.45061,15.2794,8.63982,6.40615,10.388,2.64916,12.9634,6.20829,14.117,15.142,3.71416,13.0453,19.6772,11.2642,2.64148,8.43932,7.23145,5.62435,17.962,4.76912,5.7702,9.39664,18.542,10.1937,14.7042,7.66895,3.47445,10.2092,10.3774,12.3818,6.16145,13.751,15.233,2.61964,9.04728
2.23333,16.3776,12.4937,19.0469,14.8745,16.6647,17.9367,19.7372,11.199,18.9741,7.3923,15.279,8.67159,6.42794,10.4103,2.68278,13.0246,6.25528,14.1267,15.0485,3.66452,13.2575,19.6305,11.22,2.70693,8.477,7.28253,5.66769,17.9753,4.76141,5.82631,9.59823,18.4863,10.2314,14.5889,7.64676,3.52739,10.155,10.4392,12.4112,6.19057,13.8738,15.2428,2.67528,9.09665
2.25,16.2272,12.4949,19.1613,14.6017,16.8972,17.7139,19.7226,10.816,18.8336,6.99743,15.2914,8.63837,6.43006,10.3537,2.67658,13.0443,6.24966,14.1254,15.0522,3.67536,13.5544,19.5448,11.1539,2.71966,8.4881,7.25691,5.64915,17.9466,4.73561,5.87185,9.84617,18.5857,10.1879,14.6774,7.5937,3.55093,10.1502,10.4337,12.4346,6.21138,13.9001,15.351,2.67054,9.11478
2.26667,16.0713,12.5793,19.303,14.2167,17.1507,17.4758,19.4059,10.4413,18.4971,6.55059,15.2754,8.68745,6.46893,10.275,2.69615,13.1425,6.2908,14.0804,15.1511,3.72242,13.8277,19.4633,11.111,2.73961,8.56763,7.24861,5.64941,17.9001,4.69328,5.94981,9.98505,18.9869,10.1116,15.0629,7.52001,3.57341,10.1888,10.4758,12.503,6.20974,13.9202,15.5403,2.74125,9.16564
2.28333,16.0147,12.6096,19.2502,14.3553,17.1241,17.5067,19.6347,10.2124,18.1632,6.16022,15.2445,8.69694,6.51793,10.219,2.77173,13.3,6.45988,14.056,15.2763,3.78357,13.7979,19.4776,11.0283,2.70825,8.64701,7.25937,5.55644,17.7861,4.62868,6.05567,9.97053,19.6777,10.0145,15.6543,7.40001,3.63717,10.2685,10.6142,12.585,6.18301,13.9115,15.5683,2.85258,9.32534
2.3,15.9775,12.6605,19.248,14.3455,17.152,17.4724,19.6127,9.85138,17.7793,5.80691,15.3102,8.71485,6.43162,10.2304,2.8509,13.5564,6.53368,14.0593,14.7925,3.54315,13.8179,19.4608,10.7979,2.91961,8.5852,7.29664,5.44477,17.7186,4.42672,6.30413,10.0442,19.9271,9.90582,15.9279,7.11662,3.77196,10.2155,10.6926,12.529,6.27587,13.8398,15.5914,2.85451,9.55917
2.31667,16.0285,12.6178,19.3096,14.3102,17.2256,17.4385,19.2736,9.67043,17.4442,5.34971,15.6863,8.63212,6.50084,10.1556,2.94636,13.8685,6.62554,14.0188,14.274,3.31393,13.8839,19.4475,10.5091,2.74007,8.66823,7.25163,5.30756,17.5582,4.25317,6.57021,10.1162,19.9065,9.96115,15.915,6.89802,3.91963,10.2339,10.8931,12.6554,6.51149,13.9523,15.648,2.9108,9.83593
2.33333,15.9424,12.5819,19.3619,14.1673,17.2739,17.4126,19.5801,9.45209,17.2248,5.08584,15.9051,8.55188,6.45925,9.94465,3.08667,14.2032,6.70604,13.8446,13.9879,3.22472,13.9562,19.4071,10.173,2.78332,8.77733,7.18941,5.1829,17.4388,4.08744,6.87754,10.1906,19.9099,9.89093,15.9291,6.61884,4.10703,10.0033,11.0407,12.8,6.63544,13.9199,15.6808,2.94709,10.211
2.35,15.7112,12.4405,19.2516,13.9746,17.3511,17.3189,19.6138,9.60787,17.0055,4.89192,16.0002,8.43731,6.36535,9.87369,3.16732,14.4465,6.88461,13.6783,13.7649,3.11228,14.0779,19.3558,9.92503,2.87283,8.78049,7.10738,5.362,17.5806,3.94551,7.09625,10.2985,19.9176,9.83664,15.9343,6.38757,4.26527,9.75107,11.3359,12.8186,6.62669,13.8505,15.6752,2.97106,10.5441
2.36667,15.3464,12.2834,19.5293,13.3917,17.4551,17.2112,19.6228,9.72482,16.8916,4.79124,16.0648,8.39125,6.28492,9.76478,3.20984,14.5619,6.8842,13.5262,13.6408,3.05668,14.257,19.2792,9.82126,2.93724,8.78135,7.02454,5.45672,17.6693,3.87193,7.19462,10.4557,19.9035,9.69191,15.9738,6.26161,4.33408,9.78972,11.246,12.8242,6.64427,13.6801,15.6765,2.91324,10.7188
2.38333,14.8101,12.061,19.504,13.5022,17.539,17.1004,19.6248,9.75416,16.8114,4.7492,16.0758,8.34918,6.39454,9.80067,3.19866,14.6516,6.86253,13.4839,13.555,3.06122,14.3711,19.2366,9.75014,3.05822,8.8003,6.87031,5.94255,17.8936,3.82773,7.26719,10.5725,19.9118,9.57969,16.0443,6.15896,4.39373,9.74419,11.2268,12.8418,6.62271,13.5326,15.696,2.92057,10.8721
2.4,13.8517,11.8391,19.3969,13.6188,17.5999,17.0526,19.5834,9.84677,16.9059,4.85975,16.0303,8.56644,6.45973,9.88806,3.19594,14.6536,6.86778,13.4768,13.6547,3.11154,14.4872,19.2177,9.9002,3.32546,8.81077,6.83237,5.60674,17.7923,3.83954,7.25006,10.6846,19.9303,9.55113,16.1163,6.15914,4.42486,9.77222,11.3354,12.8651,6.6166,13.4878,15.665,2.89144,10.9266
2.41667,13.7178,11.6765,19.4757,13.665,17.6532,16.9795,19.6139,9.73551,16.9983,4.93746,16.0483,8.53315,6.2936,9.95318,3.14917,14.5481,6.89548,13.4718,13.7823,3.14948,14.5806,19.1853,10.0775,3.51321,8.8101,6.97144,5.53127,17.7893,3.88429,7.12529,10.7688,19.9253,9.52756,16.1521,6.22963,4.32678,9.61394,11.2127,12.8407,6.60949,13.383,15.5381,2.90155,10.8476
2.43333,13.7007,11.7544,19.0204,13.5192,17.7124,16.9502,19.6135,9.67635,17.1022,5.04987,16.0313,8.63856,6.24344,9.91185,3.1297,14.4665,6.93953,13.442,13.9243,3.18508,14.6086,19.1634,10.1226,3.56774,8.85131,7.00473,5.64796,17.5879,3.89386,7.05459,10.7908,19.9175,9.49353,16.153,6.32953,4.16522,9.60095,11.1563,12.864,6.5641,13.3236,15.6639,2.90758,10.7835
2.45,13.7525,11.8725,17.2565,13.2501,17.701,16.9445,19.6221,9.65006,17.2667,5.27346,16.0192,8.82573,6.22788,9.80786,3.11595,14.3819,6.95908,13.4231,14.2167,3.26185,14.626,19.131,10.4228,3.63055,8.9005,6.92903,5.46633,17.6925,3.91374,6.96753,10.8064,19.8975,9.47878,16.1324,6.58007,3.95072,9.63487,11.1355,12.8877,6.55751,13.2837,15.8049,2.87628,10.7179
2.46667,13.7627,11.9919,17.206,13.2441,17.7673,16.8595,19.6185,9.7233,17.3785,5.43204,16.0203,8.97523,6.19537,9.73477,3.07694,14.2539,6.94985,13.3524,14.4091,3.30996,14.6968,19.0676,10.5906,3.66301,9.04441,6.93101,5.56634,17.8154,3.96185,6.84622,10.9022,19.878,9.20299,16.2883,6.74871,3.84278,9.63282,11.0943,12.9932,6.55256,12.9462,15.8891,2.84074,10.611
2.48333,13.7047,12.1442,17.2882,13.125,17.8052,16.7874,19.632,9.80361,17.6825,5.75944,16.0573,9.22719,6.20021,9.57868,3.01748,14.0465,6.93056,13.3893,14.8026,3.46953,14.7626,19.0248,10.9164,3.72248,9.17748,6.92684,5.17214,17.4091,4.0686,6.65004,10.9734,19.8365,9.04545,16.4791,7.08836,3.77371,9.61011,11.0966,13.1311,6.59698,12.6984,16.0179,2.80056,10.411
2.5,13.7382,12.3364,17.359,12.9501,17.822,16.7483,19.654,9.89472,18.2702,6.3191,16.0827,9.42881,6.30257,9.67415,2.99033,13.8657,6.89757,13.4556,15.0648,3.54135,14.7931,19.0138,11.2721,2.55204,9.25024,7.16305,4.88764,17.0196,4.14664,6.45884,10.9917,19.7778,8.86077,16.6449,7.61786,3.84412,9.65244,11.2104,13.2695,6.6312,12.4319,16.2072,2.78662,10.2124
2.51667,13.7811,12.4064,17.3569,12.9506,17.8542,16.7541,19.6723,10.0637,18.3832,6.45936,16.1751,9.60378,6.3808,9.74985,2.93983,13.6927,6.8377,13.579,15.1183,3.58146,14.8363,19.0231,11.3651,2.64914,9.42018,7.41512,4.77739,16.8757,4.28355,6.31031,11.0331,19.7849,8.80001,16.8337,7.92456,4.09355,9.67683,11.334,13.4099,6.71631,12.3581,16.2724,2.80281,10.0421
2.53333,13.7945,12.458,17.373,13.0248,17.8288,16.8105,19.6901,10.0981,18.3837,6.52445,16.1867,9.66596,6.42555,9.75722,2.9138,13.5636,6.79786,13.6283,14.8785,3.45048,14.8008,19.0654,11.1361,2.67229,9.46705,7.42357,4.69235,16.7763,4.39302,6.19556,10.9877,19.7852,8.72304,16.9777,7.67889,4.29178,9.6823,11.4381,13.4646,6.7474,12.2489,16.3097,2.8455,9.90105
2.55,13.84,12.4682,17.3817,13.0511,17.8475,16.8143,19.7031,10.062,18.4314,6.44916,16.1591,9.65899,6.47098,9.70796,2.91348,13.5243,6.79034,13.6596,15.0345,3.5666,14.8246,19.0759,11.3816,3.67032,9.40294,7.25088,4.68088,16.7627,4.45412,6.15691,11.0258,19.797,8.67572,17.0979,7.49603,4.20961,9.70096,11.5009,13.3971,6.70481,12.232,16.2911,2.88259,9.85533
2.56667,13.8489,12.4472,17.399,13.0869,17.8464,16.8232,19.7114,10.039,18.4126,6.49112,16.1593,9.66961,6.52229,9.73257,2.90879,13.4905,6.80158,13.6015,15.1426,3.59457,14.8244,19.0858,11.4616,3.73796,9.46932,7.25315,4.66572,16.7766,4.4692,6.13353,11.017,19.7825,8.60564,17.1067,7.57262,4.22208,9.72348,11.5583,13.4358,6.67848,12.219,16.2525,2.88219,9.82055
2.58333,13.8119,12.4073,17.3216,13.1174,17.8153,16.83,19.7094,10.0506,18.4132,6.49101,16.1563,9.68517,6.5396,9.71965,2.89801,13.4582,6.79019,13.5738,15.0985,3.57801,14.7876,19.0934,11.3768,3.65902,9.49494,7.35302,4.64789,16.7273,4.46931,6.10918,10.9735,19.7704,8.51747,17.069,7.6532,4.2932,9.73465,11.5195,13.4219,6.66173,12.1533,16.1988,2.87024,9.80644
2.6,13.8181,12.4064,17.3261,13.1282,17.8211,16.8377,19.7522,10.0771,18.4715,6.49779,16.1936,9.70818,6.57844,9.68081,2.92329,13.4773,6.81893,13.5282,15.1035,3.57008,14.7985,19.0986,11.3687,3.7323,9.55541,7.25528,4.68077,16.7412,4.49188,6.12347,10.9809,19.7742,8.51543,17.0232,7.63681,4.24282,9.75145,11.522,13.4749,6.73612,12.1608,16.2085,2.89105,9.81977
2.61667,13.7812,12.3995,17.2217,13.0938,17.8079,16.8333,19.7538,10.1277,18.4747,6.51797,16.1536,9.72296,6.57739,9.64637,2.90928,13.4618,6.81413,13.5043,15.237,3.62148,14.7661,19.0879,11.5121,3.60961,9.58252,7.21089,4.71539,16.7657,4.46581,6.11677,10.9529,19.7558,8.46758,16.9582,7.57996,4.22174,9.7596,11.4928,13.4675,6.7531,12.1265,16.2125,2.87634,9.81683
2.63333,13.797,12.3272,17.2399,13.0311,17.8435,16.7672,19.7498,10.0389,18.4399,6.41274,16.0349,9.58069,6.57572,9.62407,2.92703,13.4735,6.84745,13.5065,15.4836,3.72884,14.8288,19.0387,11.7322,2.99821,9.46084,7.06218,4.78573,16.8298,4.45587,6.11524,11.0167,19.7319,8.50485,16.8865,7.45262,3.95816,9.76076,11.4723,13.3561,6.64047,12.1949,16.1885,2.88858,9.8204
2.65,13.8025,12.2065,17.3005,12.9839,17.8744,16.7291,19.7544,9.95508,18.3891,6.33228,15.8244,9.31387,6.56321,9.59994,2.93911,13.5001,6.85985,13.5301,15.6742,3.82811,14.8654,19.0038,11.8182,2.5291,9.3504,6.9424,4.8586,16.8982,4.43085,6.14023,11.0547,19.726,8.50009,16.7622,7.25096,3.78138,9.79594,11.4469,13.2065,6.55278,12.3268,16.0594,2.8813,9.86624
2.66667,13.8129,12.1109,17.2812,12.9662,17.8892,16.7008,19.7685,9.95393,18.3775,6.33574,15.5062,9.02851,6.57114,9.58233,2.93151,13.4664,6.86395,13.5579,15.7043,3.81053,14.8933,18.99,11.0343,2.60422,9.22116,6.7432,4.96002,17.0614,4.44712,6.11632,11.0694,19.7256,8.56089,16.6002,7.12496,3.54018,9.80603,11.4617,12.9195,6.34494,12.4296,15.9755,2.89263,9.84368
2.68333,13.8182,12.0752,17.2838,12.9123,17.8813,16.659,19.7598,9.91699,18.3613,6.30827,15.4779,8.97821,6.55792,9.62329,2.93452,13.5212,6.86868,13.5869,15.6588,3.78935,14.9112,18.9805,10.7439,2.78429,9.23624,6.84652,5.05195,17.2549,4.4014,6.16484,11.0915,19.7352,8.67028,16.5244,7.1063,3.57788,9.81981,11.4536,12.803,6.33265,12.5067,15.9548,2.87573,9.89778
2.7,13.8347,12.1138,17.3037,12.8586,17.911,16.6507,19.7406,9.90042,18.3321,6.27781,15.5611,9.04705,6.56663,9.57064,2.96304,13.5652,6.86923,13.5775,15.6364,3.7619,14.9364,18.9664,10.8595,3.17052,9.19141,6.8298,4.96226,17.0716,4.38308,6.1918,11.1144,19.7296,8.68685,16.5129,7.08188,3.59206,9.84621,11.4375,12.7923,6.38031,12.4735,15.9914,2.8814,9.92794
2.71667,13.8281,12.2043,17.2852,12.8849,17.8973,16.6722,19.7481,9.94004,18.3651,6.3353,15.7685,9.21353,6.57803,9.60445,2.96039,13.5898,6.86313,13.5848,15.6654,3.80461,14.9194,18.9814,10.841,3.30807,9.22775,6.73605,4.87129,17.099,4.3734,6.22039,11.0857,19.7439,8.68052,16.5413,7.0423,3.61908,9.83105,11.4333,12.882,6.51484,12.3823,16.0905,2.85725,9.95489
2.73333,13.7632,12.2627,17.176,12.9213,17.8768,16.751,19.7432,10.1071,18.4329,6.44953,16.0962,9.5614,6.5011,9.46095,3.01859,13.7068,6.84697,13.4534,15.7554,3.92302,14.8738,19.0384,11.8255,3.08338,9.44203,6.67268,4.72377,17.0319,4.34168,6.30406,11.0425,19.7871,8.67259,16.6101,6.96723,3.73912,9.8223,11.2538,13.1276,6.73981,12.2981,16.1658,2.86672,10.0374
2.75,13.6723,12.2819,17.1057,12.9507,17.8092,16.8087,19.7816,10.2873,18.5825,6.58406,16.2098,9.65293,6.47411,9.18579,2.98746,13.5979,6.78542,13.0876,15.9049,3.9976,14.7999,19.0662,12.3636,2.56232,9.51616,6.5281,4.64022,16.9923,4.40702,6.21574,10.9548,19.7827,8.68343,16.5942,7.07882,3.6994,9.85027,10.8696,13.2787,6.79499,12.2382,16.1836,2.9051,9.94622
2.76667,13.657,12.2224,17.0772,12.9761,17.6758,16.9042,19.7868,10.4,18.6558,6.66072,16.2356,9.6915,6.57438,9.10845,2.96043,13.4181,6.90092,12.8697,16.0793,4.06886,14.643,19.1127,12.1846,2.69348,9.58054,6.503,4.53284,16.9145,4.51359,6.06386,10.775,19.7591,8.62218,16.5521,7.21856,3.6252,10.0492,10.4116,13.339,6.80154,12.2316,16.0536,2.90693,9.76634
2.78333,13.6593,12.2751,17.0826,13.0101,17.5892,16.9625,19.7926,10.5049,18.7082,6.71765,16.2661,9.68904,6.61887,9.02832,2.90453,13.2662,7.5689,12.6385,16.1543,4.09102,14.5258,19.1319,11.0144,2.5711,9.5862,6.32893,4.41261,16.736,4.59234,5.90908,10.6522,19.7079,8.56394,16.5259,7.39178,3.50726,10.1496,10.3064,13.3982,6.80311,12.1266,16.0721,2.9152,9.59026
2.8,13.7251,12.327,17.1764,13.0156,17.5452,16.9949,19.7588,10.4632,18.6857,6.71609,16.3195,9.70457,6.74126,8.94418,2.83999,13.129,7.95464,12.858,16.1507,4.09485,14.4789,19.1502,11.2011,2.90354,9.66104,6.14228,4.28582,16.631,4.66863,5.8046,10.5991,19.7026,8.46706,16.5907,7.43884,3.46703,10.4204,10.1298,13.4251,6.83654,12.0855,16.09,2.92023,9.46754
2.81667,13.7732,12.4275,17.3133,12.9301,17.5971,16.9215,19.7548,10.2891,18.5755,6.58551,16.3224,9.65132,6.7149,8.88401,2.81679,12.9718,8.15165,13.029,15.9998,3.9884,14.5684,19.1095,11.4862,3.09388,9.65192,6.20751,4.20398,16.4985,4.76987,5.66899,10.7108,19.6802,8.35867,16.7702,7.56119,3.39835,10.5375,10.1927,13.3785,6.83155,12.0292,16.1389,2.97363,9.30691
2.83333,13.8206,12.4132,17.402,12.9265,17.6466,16.875,19.7374,10.1362,18.4968,6.49872,16.2859,9.6151,6.61172,8.89983,2.75866,12.8038,8.41817,13.2784,15.8664,3.90894,14.6334,19.0837,11.8194,3.41161,9.62831,6.33735,4.0794,16.3626,4.86876,5.54292,10.7905,19.7015,8.16822,17.0581,7.68984,3.32803,10.5435,10.2785,13.2952,6.79026,12.0366,16.0968,3.0126,9.15183
2.85,13.7875,12.2987,17.306,12.8418,17.714,16.7982,19.7355,10.147,18.4797,6.50188,16.2899,9.51456,6.68426,9.08001,2.74087,12.6037,8.60255,13.7414,15.7688,3.84572,14.7126,19.0396,12.1421,3.24042,9.56397,6.44227,3.98825,16.2054,5.00083,5.36114,10.8815,19.7058,7.89574,17.489,7.86107,3.21157,10.3274,10.3781,13.2797,6.73817,12.2299,16.005,3.07463,8.9603
2.86667,13.7784,12.2782,17.2944,12.8276,17.6967,16.818,19.7651,10.1921,18.5793,6.53856,16.3307,9.485,6.69152,9.03194,2.75234,12.5108,8.05175,14.3251,15.9149,3.90101,14.6892,19.0349,12.165,2.5231,9.58523,6.50091,3.97652,16.1427,5.05642,5.27294,10.8612,19.6871,7.50173,18.138,7.96034,3.13091,10.345,10.17,13.338,6.73903,12.2548,15.9639,3.08716,8.86126
2.88333,13.7069,12.3772,17.3339,12.9725,17.546,16.9457,19.7759,10.2764,18.562,6.59162,16.31,9.58691,6.68504,9.01272,2.72401,12.3464,7.71955,14.4471,15.8817,3.86519,14.4855,19.0974,12.1731,2.57107,9.64939,6.54709,3.92261,15.9879,5.08852,5.14522,10.6605,19.656,7.08832,18.4661,8.44978,2.90545,10.3661,10.2778,13.3975,6.76334,12.0566,16.0296,3.1248,8.7137
2.9,13.6842,12.5589,17.3129,13.1762,17.3447,17.1316,19.7714,10.4387,18.5201,6.7321,16.2501,9.7189,6.67219,9.13932,2.6901,12.1414,7.43285,13.8781,16.0202,3.98159,14.2092,19.1894,12.382,3.18949,9.73976,6.76543,3.82896,15.8373,5.23332,5.00068,10.3966,19.6205,6.81882,18.5096,8.49037,2.91376,10.341,10.6167,13.46,6.74461,11.8053,16.1275,3.17099,8.52719
2.91667,13.6873,12.8182,17.3124,13.4154,17.1092,17.3659,19.6745,10.7172,18.4788,6.95003,16.19,9.93631,6.71538,9.36112,2.64459,11.8429,6.97974,13.2865,16.1274,4.06518,13.8837,19.2869,12.5562,3.42766,9.9028,7.23368,3.68724,15.5806,5.57397,4.83469,10.0835,19.5843,6.52452,18.4291,8.56964,2.88045,10.1676,11.0395,13.5361,6.76435,11.4854,16.2497,3.2453,8.24045
2.93333,13.6675,12.8976,17.3239,13.5829,16.993,17.5061,19.7687,10.9144,18.6112,7.16632,16.2972,10.1042,6.81618,9.34973,2.65359,11.6947,6.94296,13.267,16.3254,4.21184,13.7235,19.3734,12.7614,3.56823,10.1332,7.44353,3.64139,15.4226,5.83796,4.85908,9.90973,19.5749,6.32789,18.411,8.80235,2.79519,10.1444,11.2176,13.7458,6.84652,11.3894,16.2591,3.30817,8.09148
2.95,13.5535,12.8903,17.2087,13.7285,16.8237,17.6183,19.7694,11.1029,18.7376,7.2988,16.308,10.1831,6.77459,9.23944,2.62013,11.4888,6.8657,13.2011,16.48,4.33717,13.5271,19.425,12.9375,3.49553,10.1173,7.31466,3.54263,15.2085,6.12388,4.8971,9.71138,19.5355,6.10817,18.3071,9.03983,2.70365,10.1388,11.1837,13.8204,6.85132,11.2508,16.2371,3.31228,7.87042
2.96667,13.5228,12.914,17.1689,13.8507,16.7051,17.7157,19.7601,11.2946,18.8727,7.45396,16.3055,10.2629,6.71728,9.18318,2.60581,11.1989,6.86402,13.1956,16.6569,4.45341,13.3638,19.4615,13.1124,3.47493,9.74839,7.05615,3.43569,14.9211,6.53495,5.06681,9.58415,19.5018,6.0741,17.8628,9.31279,2.6173,10.1041,11.079,13.9157,6.88115,11.0897,16.1846,3.35148,7.59716
2.98333,13.4272,12.94,17.044,13.9762,16.631,17.7786,19.7464,11.4813,18.9586,7.61853,16.2297,10.3104,6.72439,9.12346,2.6209,11.0335,6.81867,13.2192,16.7955,4.57521,13.2763,19.4864,13.2464,3.5043,9.94,7.2122,3.37483,14.7655,6.72499,5.0852,9.50269,19.5191,6.39584,17.1315,9.48295,2.59249,10.1455,11.0531,13.8342,7.02834,10.9279,16.1338,3.42993,7.4248
3,13.4302,12.9488,17.0813,14.1266,16.5258,17.8513,19.806,11.5561,18.9125,7.72986,16.3136,10.3861,6.87884,8.84026,2.63904,10.9649,6.71345,12.9425,16.8617,4.59788,13.1456,19.5015,13.2555,3.69838,10.1629,7.04572,3.38885,14.6864,6.79491,5.13632,9.39199,19.4807,6.60755,16.6536,9.53229,2.56975,10.164,11.0463,13.8289,7.20185,10.8917,16.1691,3.44159,7.36132
3.01667,13.4083,13.0856,17.0772,14.3128,16.3443,18.0071,19.8155,11.7065,18.9569,7.8928,16.3426,10.5496,7.20747,8.49282,2.65261,10.8665,6.57144,12.5095,16.9623,4.69666,12.9127,19.5642,13.2418,3.93326,10.2595,6.33779,3.40535,14.6122,6.73504,4.87755,9.15239,19.445,6.82228,16.2654,9.63461,2.55605,10.2399,11.117,13.8186,7.37465,10.7159,16.1614,3.4985,7.24872
3.03333,13.3262,13.1139,16.9732,14.4094,16.182,18.1047,19.7823,11.9267,19.0786,8.06899,16.3851,10.6487,7.30901,8.41009,2.62118,11.0282,6.15065,12.365,17.105,4.86251,12.7232,19.5863,13.4213,3.96498,10.395,6.31411,3.43347,14.7071,6.90464,4.75103,8.96856,19.3878,6.94046,16.0243,9.85447,2.5143,10.1651,11.1739,13.9611,7.37026,10.6302,16.1911,3.68398,7.15512
3.05,13.347,13.1436,16.9623,14.4867,16.067,18.1746,19.7917,12.0674,19.2,8.1976,16.4757,10.713,7.56465,8.34366,2.65901,10.7551,6.09793,12.1676,17.2403,4.98851,12.5626,19.5848,13.6552,3.87707,10.6664,6.25521,3.39485,14.6794,7.06226,4.7161,8.79818,19.292,6.87936,15.7793,10.1057,2.45186,10.0443,11.4627,14.2443,7.24712,10.6186,16.1818,3.94327,7.11543
3.06667,13.4374,13.269,17.0323,14.6382,15.9493,18.2477,19.783,12.0899,19.1667,8.24298,16.4663,10.7533,7.84633,8.41002,2.65583,10.8263,6.08334,12.1335,17.2388,5.00269,12.4381,19.62,13.7476,3.71327,10.8258,6.23521,3.32846,14.4989,7.21298,4.80587,8.68968,19.2581,6.7897,15.6658,10.1048,2.43854,10.1025,11.688,14.4562,7.14648,10.565,16.1936,4.30426,7.27054
3.08333,13.4637,13.3277,17.0644,14.6999,15.9402,18.279,19.7887,12.138,19.2016,8.27072,16.481,10.7818,7.95531,8.4706,2.64761,10.8416,6.09711,12.1475,17.2714,5.0266,12.4244,19.6208,13.7522,3.82438,10.8379,6.22579,3.3284,14.5156,7.32055,4.89393,8.69005,19.2684,6.77176,15.6399,10.1646,2.42904,10.1046,11.8274,14.4446,7.15996,10.5542,16.2016,4.45557,7.34013
3.1,13.4982,13.3564,17.1164,14.6843,15.9842,18.2434,19.801,12.0641,19.4333,8.12316,16.4546,10.8065,7.99434,8.52581,2.64783,10.8657,6.14019,12.1744,17.2539,4.99137,12.4768,19.6112,13.7563,3.79787,10.832,6.19485,3.32568,14.557,7.35629,4.9407,8.73451,19.2733,6.77656,15.677,10.1418,2.42149,10.1039,11.874,14.4089,7.15854,10.5598,16.2025,4.45193,7.37919
3.11667,13.5007,13.3459,17.1062,14.6861,15.9923,18.2205,19.7928,12.0016,19.4358,8.05112,16.4127,10.8101,7.9714,8.51762,2.62686,10.8838,6.15356,12.1897,17.2231,4.9649,12.4879,19.5951,13.7146,3.79865,10.7898,6.19805,3.31441,14.5851,7.33704,4.95045,8.74527,19.2726,6.77146,15.683,10.1128,2.41388,10.0988,11.8786,14.3354,7.16729,10.5613,16.193,4.42903,7.39714
3.13333,13.7093,13.5665,17.2983,14.8303,15.9692,18.2404,19.7992,11.9166,19.4413,7.96898,16.3581,10.8497,7.99623,8.53296,2.62017,10.8608,6.17877,12.2085,17.1796,4.90521,12.4609,19.6162,13.6601,3.77032,10.7717,6.22479,3.28838,14.5698,7.27777,4.96978,8.71865,19.2851,6.75891,15.687,10.0341,2.42986,10.0911,11.8815,14.303,7.20903,10.5446,16.2063,4.24185,7.28462
3.15,14.3883,14.4827,17.955,15.3449,15.8929,18.2667,19.816,11.9028,19.3275,7.94619,16.047,11.1612,8.21584,8.61577,2.6135,10.8443,6.15676,12.1176,17.1475,4.83771,12.363,19.6252,13.7026,3.33825,10.9044,6.19887,3.28371,14.5489,7.28577,5.02257,8.62407,19.2534,6.77514,15.5661,9.99916,2.47327,10.0206,12.0634,14.422,7.44819,10.5826,16.1208,4.11302,7.18207
3.16667,14.4638,14.7182,18.4374,15.6784,15.7575,18.3135,19.7381,12.0451,18.5451,8.3138,16.0589,11.2718,8.57392,8.67155,2.59346,10.7794,6.17128,11.9675,17.0894,4.7753,12.2195,19.6143,13.8407,2.77226,11.0041,6.10009,3.26676,14.4822,7.42488,5.08677,8.47626,19.1872,6.77272,15.4011,10.0748,2.47466,10.0272,12.2465,14.6527,7.64087,10.5764,16.0662,4.19732,7.15847
3.18333,14.4724,14.7313,18.1739,15.7739,15.611,18.3568,19.7673,12.1727,18.3499,8.46955,16.0441,11.2268,8.67818,8.60799,2.5782,10.7215,6.17411,11.8383,17.1293,4.80416,12.0593,19.6146,13.8416,2.87529,11.0364,5.94393,3.23953,14.4256,7.46878,5.0336,8.29846,19.1039,6.78028,15.2342,10.092,2.3995,10.0302,12.2261,14.6434,7.65215,10.5542,16.018,4.3397,7.20341
3.2,14.5029,14.7507,18.1112,15.8439,15.4935,18.4125,19.7205,12.2099,18.3886,8.51368,16.1299,11.2847,8.74121,8.55582,2.60135,10.6111,6.17728,11.7248,17.2123,4.879,11.9567,19.6093,13.9203,3.25421,11.1827,5.86708,3.25003,14.3121,7.50422,4.97979,8.20098,19.0741,6.8056,15.1308,10.1414,2.34496,10.0262,12.1688,14.7082,7.71389,10.5378,15.9623,4.36536,7.10392
3.21667,14.4903,14.8712,18.0168,16.094,15.2826,18.5523,19.7289,12.5638,18.4442,8.6857,16.1095,11.4167,8.80589,8.53356,2.62126,10.5166,6.15062,11.626,17.3074,4.99309,11.7247,19.6411,14.1284,3.25273,11.3116,5.83189,3.18328,14.2231,7.44744,4.99223,7.95494,19.0898,6.77969,15.0151,10.154,2.33298,10.0486,12.1632,14.7668,7.81967,10.4737,15.9518,4.23362,6.87646
3.23333,14.4531,14.9403,18.0329,16.2069,15.1788,18.6032,19.6839,12.6168,18.4572,8.7818,16.0843,11.4898,8.83262,8.51386,2.6268,10.3734,6.14931,11.5457,17.3259,5.01032,11.5996,19.6546,14.2583,2.98858,11.4957,5.7731,3.14436,14.1213,7.30234,4.99841,7.81866,19.0409,6.78374,14.9397,10.0589,2.39194,10.0358,12.1405,14.8138,7.86204,10.3949,15.9603,4.05073,6.72797
3.25,14.4121,15.0036,17.9919,16.2432,15.0988,18.6406,19.5944,12.608,18.4236,8.85496,16.0329,11.5046,8.8089,8.46259,2.6282,10.2857,6.10977,11.538,17.3183,5.02101,11.5325,19.6394,14.2235,3.05952,11.6079,5.70615,3.10806,14.0324,7.33403,4.97175,7.763,19.027,6.75887,14.9173,10.12,2.34479,10.0093,12.1082,14.7816,7.84491,10.3362,15.9717,4.09206,6.73541
3.26667,14.3154,15.0342,17.9924,16.3323,15.0486,18.6452,19.7559,12.8093,18.4066,8.89056,15.9312,11.5145,8.77711,8.44494,2.63573,10.1114,6.06189,11.4791,17.3063,4.9878,11.4708,19.643,14.1477,2.82897,11.691,5.76066,3.05535,13.8919,7.41713,4.91865,7.7083,18.9928,6.6974,14.8928,10.213,2.33625,9.97746,12.063,14.7777,7.83672,10.2559,16.0222,4.1434,6.67457
3.28333,14.207,15.0811,17.9403,16.3676,15.0061,18.6332,19.5453,12.7492,18.4018,9.00382,15.9002,11.5679,8.73909,8.4328,2.63388,9.92243,5.93593,11.4361,17.2754,4.98914,11.42,19.6233,14.2124,2.79234,11.7221,5.85479,2.99118,13.7349,7.53989,4.85699,7.66124,18.9776,6.64903,14.9027,10.3702,2.27404,9.92012,12.0276,14.7957,7.84555,10.1367,16.0267,4.20223,6.53111
3.3,14.1171,15.1466,17.832,16.3589,14.9466,18.6643,19.7066,12.8426,18.4006,9.11147,15.8324,11.6405,8.78772,8.44461,2.64602,9.81828,6.00853,11.3662,17.3327,5.08442,11.3408,19.6326,14.0563,2.86663,11.8216,5.90208,2.95209,13.599,7.62091,4.8294,7.58726,18.9249,6.6102,14.9093,10.4749,2.27165,9.97213,11.9893,14.8327,7.88844,10.0277,16.0442,4.21448,6.45988
3.31667,13.9762,15.177,17.8992,16.5085,14.8934,18.709,19.7071,12.9741,18.4323,9.20251,15.8444,11.7175,8.90098,8.4589,2.67613,9.68841,6.15032,11.3209,17.3438,5.15032,11.2818,19.6542,14.2327,3.17549,11.8957,5.98507,2.90927,13.4819,7.73478,4.86165,7.51755,18.9258,6.51905,14.9591,10.5824,2.29303,10.0828,12.0113,14.8685,7.9768,9.92272,16.105,4.23947,6.36899
3.33333,13.8584,15.1171,17.863,16.5826,14.8487,18.7148,19.6594,13.0102,18.4938,9.2231,16.0196,11.8403,9.06038,8.47443,2.70736,9.40908,6.43311,11.3857,17.4628,5.35627,11.2373,19.6283,14.5263,3.23807,11.9689,6.01259,2.81131,13.221,7.91693,4.85744,7.46948,18.891,6.28161,15.0153,10.7403,2.25529,10.339,12.011,14.9424,8.10626,9.86214,16.1084,4.33386,6.16145
3.35,13.8124,15.1414,17.8416,16.6346,14.8092,18.7235,19.6381,13.0696,18.5225,9.25307,16.0674,11.8682,9.12562,8.62474,2.82251,8.99798,6.40009,11.6651,17.7201,5.59401,11.1673,19.6229,14.7665,3.35703,11.9498,6.09115,2.74714,12.8174,8.25456,4.91713,7.40105,18.8532,5.80549,15.179,11.0319,2.21515,10.7069,12.0858,15.0062,8.1451,9.88999,16.0977,4.49329,5.78866
3.36667,13.708,15.3317,17.7392,16.7991,14.6528,18.8277,19.5934,13.2882,18.6617,9.45473,16.0247,12.0932,8.91606,8.88639,2.89164,8.66001,6.53748,12.1269,17.8692,5.75836,10.9724,19.6271,15.1199,3.26277,12.2097,6.00909,2.66443,12.5318,8.51658,5.04912,7.21514,18.7952,5.17374,15.426,11.1739,2.21886,10.7932,12.0899,15.163,8.32319,9.76206,16.0366,4.67503,5.51674
3.38333,13.5244,15.4398,17.4615,17.1137,14.2764,18.9958,19.4728,13.6955,18.7626,9.80674,15.9927,12.2839,8.24425,9.28252,3.01891,8.33774,6.59865,12.7852,18.2026,6.06248,10.5259,19.5755,15.5196,3.40707,12.4448,6.03035,2.67522,12.2051,8.72427,5.4406,6.77563,18.5866,4.25317,15.6823,10.9967,2.27589,10.8223,12.146,15.3035,8.4643,9.56543,16.0334,4.88894,5.23019
3.4,13.4748,15.587,17.2631,17.3578,13.9851,19.1772,19.355,14.0614,18.8156,10.1293,15.9843,12.4308,7.48687,9.40893,3.26157,8.07893,6.92497,13.1132,18.4279,6.3296,10.1709,19.5421,15.819,3.70843,12.5859,6.00604,2.62979,12.0041,8.85645,5.77746,6.47846,18.3049,3.96531,15.4697,10.8602,2.51431,10.8558,12.1625,15.386,8.59358,9.47316,15.9557,5.13305,4.81157
3.41667,13.5371,15.6646,17.0612,17.5358,13.7182,19.2745,19.2346,14.2928,18.8819,10.3779,15.9806,12.4553,6.73352,9.43235,3.30193,7.44543,6.98574,13.1455,18.5675,6.53692,9.86933,19.496,15.9782,3.89773,12.6416,5.9376,2.5784,11.5707,8.9177,6.16067,6.39807,17.8373,3.75282,15.1272,10.4773,2.78949,10.7344,12.0861,15.338,8.5925,9.48433,15.8425,5.47784,4.48689
3.43333,13.6565,15.6977,16.9296,17.6765,13.5052,19.3412,19.1662,14.5119,19.1918,10.6257,16.0573,12.4702,6.61902,9.5019,3.42942,7.1858,7.01501,13.2689,18.7327,6.79123,9.63349,19.444,16.2793,4.06663,12.8135,5.78807,2.60987,11.2836,9.12737,6.44659,6.4079,17.4292,3.59107,14.8619,10.1176,3.00707,10.6175,12.033,15.3,8.56953,9.55359,15.7721,5.96568,4.43722
3.45,13.6792,15.4959,16.7296,17.7814,13.2726,19.4086,19.0515,14.7221,19.6101,10.9068,16.161,12.404,6.51655,9.5588,3.52414,6.9959,6.97852,13.3491,18.8788,7.05622,9.3943,19.3882,16.4767,4.28586,12.8053,5.68124,2.59368,11.0332,9.20697,6.66322,6.36315,17.1223,3.47263,14.6408,10.0326,3.30883,10.5502,11.9903,15.2411,8.48601,9.56725,15.7431,6.35957,4.48607
3.46667,13.6997,15.3441,16.5156,17.9045,13.0277,19.467,18.9471,14.9424,19.7683,11.1987,16.2447,12.3567,6.52359,9.55262,3.48806,7.09171,6.91187,13.4193,18.9953,7.31534,9.16058,19.3308,16.7601,4.56847,12.9153,5.58045,2.59656,10.7753,9.43593,6.95733,6.31333,16.8723,3.37894,14.4296,10.098,3.21185,10.4791,11.9732,15.2353,8.46598,9.60084,15.7232,6.61653,4.83112
3.48333,13.705,15.2317,16.4305,17.9621,12.912,19.48,18.9007,15.0304,19.7839,11.2771,16.2562,12.2878,6.58264,9.29176,3.59046,6.81837,6.78832,13.2462,19.0603,7.39557,9.01157,19.2746,16.9398,4.4972,13.0632,5.4342,2.79084,10.5665,9.84617,7.51655,6.27595,16.7066,3.3809,14.3138,10.1911,2.94787,10.5127,11.8982,15.2522,8.38149,9.64097,15.6669,7.13695,5.25618
3.5,13.7435,15.0729,16.2974,18.0781,12.737,19.5187,18.8347,15.2106,19.7553,11.4647,16.1123,12.0098,6.61031,9.10812,3.76049,6.5049,6.75816,13.1049,19.1449,7.56227,8.86003,19.2439,17.025,4.58038,12.8602,5.3369,2.86215,10.3709,10.099,7.96537,6.22803,16.5503,3.34938,14.1944,10.157,2.54078,10.6109,11.8985,15.238,8.08359,9.76049,15.7245,7.47715,5.34215
3.51667,13.7691,15.0211,16.1502,18.1326,12.5769,19.5508,18.7801,15.3651,19.7542,11.6364,16.0356,11.9188,6.49596,9.06988,4.02921,6.1126,7.11133,12.8795,19.1736,7.78165,8.70461,19.2008,17.0342,4.4943,12.6684,5.37704,2.81682,10.352,10.1241,8.1859,6.19239,16.383,3.29192,14.1122,10.1871,2.32591,11.1205,12.0487,15.2206,7.9841,9.80987,15.7263,7.85333,5.3986
3.53333,13.9708,15.0099,16.0369,18.2662,12.4141,19.552,18.6511,15.494,19.7352,11.7608,16.0007,11.8689,6.45199,8.97962,4.05374,6.03434,7.73314,12.6622,19.2401,7.93137,8.51744,19.1309,16.7891,4.3031,12.6244,5.44842,2.54996,10.0174,10.0505,8.28141,6.26165,16.0709,3.24425,14.0327,10.1776,2.292,11.2762,12.1689,15.2335,7.93729,9.93818,15.682,7.95878,5.42385
3.55,14.0646,14.8968,15.9276,18.384,12.2575,19.559,18.5927,15.6667,19.7359,11.9327,15.9829,11.7139,6.52232,8.93211,4.05296,6.07019,7.93941,12.6381,19.3757,8.04356,8.34616,19.091,16.4442,4.06596,12.7714,5.44034,2.39661,10.0498,10.1046,8.18743,6.18443,15.9234,3.20928,13.9172,10.1879,2.28609,11.4606,12.0313,15.3874,7.77417,10.0206,15.724,7.95989,5.41551
3.56667,14.2418,14.8455,15.7022,18.5225,11.9946,19.6061,18.4334,15.9205,19.6959,12.2273,15.9514,11.6451,6.45623,9.1022,4.00128,6.30905,8.36831,12.7452,19.4301,8.39207,8.04721,19.0713,16.1245,3.89785,12.7533,5.42407,2.59706,9.87335,10.1196,8.14688,6.11279,15.6782,3.10155,13.7642,10.0303,2.33033,11.877,11.7635,15.4754,7.66589,10.2131,15.8112,7.90322,5.40813
3.58333,14.2059,14.8019,15.6548,18.5516,11.9469,19.5892,18.3805,15.9239,19.6691,12.2508,15.8775,11.6773,6.63671,9.40394,3.96297,6.27338,8.47037,12.8652,19.4159,8.41839,7.98227,19.0905,16.1798,3.95254,12.7188,5.41249,2.47457,9.80979,10.1874,8.11281,5.9462,15.8459,3.04269,13.678,9.99961,2.33825,11.9676,11.7334,15.4819,7.69993,10.3418,16.1083,7.90873,5.45657
3.6,14.2224,14.8308,15.6549,18.5704,11.9289,19.6009,18.4025,15.9705,19.6675,12.2985,15.8745,11.701,6.77544,9.46009,3.9824,6.22538,8.05935,13.0668,19.4262,8.45176,7.97274,19.1191,16.2424,3.99469,12.6481,5.41126,2.49376,9.7539,10.2369,8.09736,5.74946,16.1552,3.01583,13.6475,10.0194,2.3284,12.0009,11.7702,15.4936,7.72376,10.3384,16.1089,7.97382,5.44853
3.61667,14.1863,14.8595,15.6015,18.6488,11.8353,19.5978,18.3635,16.0036,19.6658,12.371,15.8326,11.7187,6.61377,9.77893,4.03382,6.15535,7.5867,13.4442,19.3619,8.5187,7.88289,19.0954,16.3239,4.05397,12.6821,5.42042,2.54399,9.68171,10.3273,8.07484,5.38121,16.496,3.01796,13.5835,10.1547,2.32963,12.0234,11.8129,15.4531,7.73958,10.3088,16.1024,8.05957,5.42329
3.63333,14.1501,14.9326,15.334,18.7934,11.5313,19.6096,18.2187,16.1717,19.6061,12.6044,15.8004,11.7753,6.4718,10.094,4.08081,6.06111,7.22661,13.801,19.3884,8.7672,7.61194,18.9783,16.4307,4.1338,12.769,5.45378,2.529,9.59633,10.3498,8.10053,4.76279,16.8009,2.96374,13.5017,10.2235,2.33647,12.0666,11.8427,15.5076,7.78434,10.2169,16.038,8.14223,5.41941
3.65,14.2213,14.9738,15.0444,18.9311,11.2423,19.6126,17.9926,16.3955,19.5282,12.8502,15.8033,11.7723,6.50196,10.0437,4.2767,5.88599,7.24031,13.7105,19.4248,9.00777,7.36404,18.8667,16.3607,4.07828,12.8252,5.55268,2.61785,9.29358,10.2974,8.16718,4.55845,16.574,2.86072,13.2438,10.5828,2.3002,12.1663,11.8653,15.6323,7.76386,10.2237,15.9275,8.35174,5.30373
3.66667,14.2772,15.0432,14.7141,19.0735,10.9102,19.5825,17.7705,16.6429,19.4789,13.1865,15.8631,11.8197,6.59638,10.0364,4.51928,5.53998,7.26157,13.6434,19.6499,9.34094,7.04814,18.7148,16.3485,4.08908,12.9805,5.8743,2.77171,8.89205,10.2178,8.31715,4.28296,16.3739,2.78397,12.9079,11.0033,2.39598,12.2203,11.9473,15.9702,7.81304,10.2453,15.8228,8.59756,5.26095
3.68333,14.2494,15.0746,14.5478,19.151,10.7052,19.5842,17.6719,16.84,19.4247,13.3975,15.8812,11.8428,6.5504,10.1086,4.69205,5.35995,7.28264,13.6626,19.6797,9.56643,6.87419,18.6242,15.7422,3.70645,12.9064,6.11729,2.84077,8.68369,10.0182,8.49945,4.11287,16.2286,2.78423,12.7032,11.3401,2.51806,12.2221,11.9764,16.1503,7.89362,10.2237,15.7774,8.79371,5.3009
3.7,14.2171,15.0953,14.5221,19.1722,10.6524,19.5743,17.6692,16.8705,19.4367,13.4164,15.8838,11.8819,6.44004,10.1407,4.92167,5.08744,7.27996,13.6564,19.6877,9.59804,6.81052,18.5914,15.4659,3.55209,12.943,6.00317,2.94462,8.3478,9.97291,8.53173,3.9569,16.0389,3.11995,12.323,11.7279,2.58478,12.2151,11.9568,16.1347,7.99925,10.1936,15.7579,9.01715,5.21466
3.71667,14.1355,15.1328,14.4842,19.1889,10.5756,19.5693,17.522,16.9712,19.379,13.5364,15.8785,11.8791,6.41665,10.1053,5.05951,4.93668,7.23402,13.6224,19.6915,9.71499,6.76297,18.5656,15.66,3.70747,13.0552,5.98079,3.00988,8.16811,9.96666,8.59831,3.78026,15.8168,3.10658,12.1028,12.1679,2.43524,12.1469,11.9673,16.1644,8.03823,10.1189,15.7269,9.06053,4.68937
3.73333,13.9617,15.229,14.2021,19.273,10.2271,19.5375,17.2905,17.1735,19.2744,13.8172,15.8455,11.9986,6.40906,9.91747,5.26098,4.75933,7.12704,13.4859,19.7102,9.99797,6.48032,18.3998,16.0527,3.92056,13.263,6.0493,3.07368,7.9657,10.0533,8.60509,3.68002,15.6931,3.13068,11.8907,12.5803,2.39832,12.086,11.9908,16.2407,8.1684,9.95366,15.6269,8.82856,3.65823
3.75,13.7852,15.3061,13.8634,19.3324,9.88359,19.4702,17.0607,17.4151,19.165,14.1425,15.8034,12.1463,6.40481,9.6648,5.48841,4.68084,6.97148,13.3112,19.7214,10.3122,6.16249,18.2338,16.7132,4.36011,13.5006,6.18465,3.14967,7.76177,10.1481,8.54871,3.58952,15.5638,3.26953,11.6797,12.9612,2.39149,12.0356,11.9914,16.3828,8.34772,9.76251,15.5851,9.0243,2.78115
3.76667,13.6399,15.3801,13.5703,19.3935,9.5798,19.4266,16.8195,17.6038,19.0682,14.4301,15.7774,12.3106,6.40645,9.4691,5.52509,4.45647,6.91228,13.2034,19.7793,10.6,5.91936,18.0531,17.1783,4.93347,13.6947,6.3582,3.23788,7.52396,10.2162,8.54223,3.43761,15.2884,3.25522,11.4395,13.3992,2.47881,12.0041,12.0475,16.5506,8.53661,9.60851,15.5251,9.45432,2.59938
3.78333,13.4851,15.4536,13.3196,19.3929,9.33517,19.3964,16.6658,17.7802,18.9278,14.6563,15.7479,12.4276,6.39863,9.33234,5.8733,4.26821,6.85185,13.1186,19.7738,10.843,5.72931,17.899,17.4525,5.00098,13.7989,6.45232,3.35911,7.23309,10.2206,8.53762,3.29467,15.0543,3.14196,11.2226,13.8217,2.60316,11.934,12.0883,16.6718,8.71697,9.53191,15.4608,9.87175,2.5103
3.8,13.3577,15.5331,13.181,19.3934,9.16002,19.3873,16.5677,17.8698,18.8447,14.7869,15.7248,12.5295,6.39532,9.24711,6.0633,4.16787,6.83907,13.0409,19.7681,10.9659,5.60808,17.7991,17.3567,5.02455,13.8494,6.50103,3.40465,7.09934,10.2368,8.55862,3.2135,14.9058,3.09973,11.0677,13.9281,2.67296,11.8404,12.1134,16.6862,8.78601,9.48742,15.4005,10.0421,2.79471
3.81667,13.2445,15.6015,13.0632,19.3979,9.02985,19.3916,16.4461,17.9593,18.8049,14.9466,15.7757,12.593,6.42686,9.17328,5.92085,4.03721,6.82269,12.9729,19.7422,11.117,5.51626,17.7348,17.1679,4.91087,13.9346,6.49027,3.47344,6.98972,10.2723,8.61559,3.14579,14.7624,3.1385,10.9417,14.0622,2.80354,11.3951,12.3497,16.7539,8.94593,9.43578,15.3854,10.1993,3.7819
3.83333,13.1784,15.6306,12.992,19.3866,8.97869,19.3689,16.3942,17.9547,18.795,14.9835,15.4893,12.4722,6.48222,9.07181,6.0286,4.18332,6.75023,12.8629,19.7129,11.1341,5.48204,17.6992,17.0516,4.89103,13.9602,6.4158,3.46681,6.98243,10.3124,8.60348,3.14869,14.7359,3.31766,10.9052,13.8354,2.72395,11.4343,12.352,16.8076,8.94086,9.42345,15.3335,9.93777,4.61028
3.85,13.211,15.6326,13.0174,19.4109,9.01913,19.4265,16.4313,17.9747,18.8486,15.0069,15.1359,12.3565,6.42816,9.13757,5.83361,4.13618,6.79767,12.9165,19.7018,11.1516,5.53942,17.7485,16.9848,4.84553,13.9092,6.46174,3.44961,7.03973,10.2762,8.68279,3.1437,14.7376,3.22294,10.9147,13.7714,2.75855,11.3944,12.4011,16.8132,8.9177,9.42274,15.4065,9.69947,4.86712
3.86667,13.3105,15.5434,13.158,19.3466,9.15801,19.459,16.537,17.8625,18.9276,14.8544,15.1773,12.2901,6.42332,9.23952,5.73073,4.23329,6.83978,13.0046,19.661,10.992,5.65306,17.8166,17.1953,4.98683,13.7746,6.48189,3.37433,7.17664,10.2428,8.68264,3.20038,14.817,3.12968,11.0062,13.6693,2.68636,11.4185,12.3511,16.7704,8.83694,9.60519,15.4352,9.62169,4.88842
3.88333,13.3757,15.5126,13.2973,19.3009,9.30427,19.4991,16.6428,17.7605,19.0184,14.7307,15.2015,11.9822,6.40254,9.35237,5.56198,4.39425,6.84053,13.0912,19.6288,10.8396,5.76744,17.9181,16.9396,4.66066,13.67,6.41814,3.22648,7.39476,10.1637,8.70822,3.33521,15.069,3.07473,11.212,13.6916,2.72874,11.4089,12.347,16.7518,8.61737,9.72657,15.4892,9.52484,4.98188
3.9,13.4552,15.4854,13.4375,19.2531,9.45238,19.5342,16.7437,17.631,19.1346,14.5726,15.2008,11.8148,6.44019,9.42632,5.43345,4.50979,6.82816,13.1322,19.6282,10.6816,5.88212,18.0054,16.803,4.39876,13.6485,6.37279,3.17481,7.57046,10.1446,8.73846,3.40965,15.1953,3.17567,11.3635,13.4571,2.66176,11.4052,12.3503,16.7078,8.46791,9.78284,15.5383,9.43183,5.05999
3.91667,13.4383,15.525,13.5398,19.2445,9.55824,19.5532,16.7791,17.5469,19.1882,14.4692,15.0558,11.5557,6.45683,9.44255,5.47672,4.50554,6.78885,13.1261,19.6287,10.5746,5.97201,18.0822,16.5065,4.20961,13.6552,6.33385,3.16464,7.57188,10.1439,8.77834,3.46305,15.3105,3.27546,11.428,13.2498,2.61574,11.3547,12.3376,16.6943,8.25118,9.78511,15.5971,9.46251,4.70616
3.93333,13.4592,15.4655,13.6148,19.2136,9.63971,19.5769,16.8146,17.4752,19.2045,14.4103,14.9256,11.4039,6.44674,9.48936,5.5446,4.49739,6.81606,13.2031,19.6063,10.5085,6.05049,18.157,16.3286,4.13734,13.5893,6.37853,3.166,7.49719,10.0652,8.77305,3.47239,15.3843,3.24685,11.5187,12.9867,2.63429,11.3194,12.3324,16.6424,8.08574,9.84658,15.647,9.49866,4.16087
3.95,13.5552,15.4417,13.8253,19.1644,9.86293,19.5911,16.9412,17.2877,19.2974,14.1902,14.9469,11.4365,6.42738,9.53303,5.5628,4.4603,6.87735,13.2613,19.6226,10.291,6.2281,18.2476,16.2775,4.07705,13.4801,6.37573,3.19508,7.44759,10.0347,8.76381,3.60078,15.5354,3.33985,11.6804,12.9121,2.55135,11.3529,12.3269,16.5245,8.01787,9.92187,15.7211,9.1767,3.57863
3.96667,13.5408,15.3677,13.975,19.0977,10.0291,19.6066,17.0514,17.1313,19.3599,14.0235,15.066,11.4818,6.45281,9.56662,5.58671,4.38866,6.90341,13.3155,19.5789,10.128,6.37815,18.3491,16.1631,3.99927,13.3096,6.37141,3.22922,7.37878,9.97228,8.79118,3.69202,15.6505,3.26871,11.8733,12.7673,2.50865,11.2795,12.3359,16.4068,7.90721,9.94082,15.7886,8.86688,2.85323
3.98333,13.6437,15.3288,14.1032,19.053,10.1626,19.6522,17.2179,17.0469,19.3837,13.9166,15.6023,11.7745,6.37495,9.71734,5.65537,4.36443,6.94765,13.4382,19.5495,10.0266,6.48051,18.4512,16.2311,4.08446,13.132,6.47083,3.24463,7.32744,9.85209,8.89666,3.77509,15.7955,3.27945,11.9844,12.8758,2.56259,11.3021,12.3547,16.2383,7.96436,9.99369,15.8464,8.89525,2.79121
4,13.7591,15.2862,14.2701,19.0247,10.3479,19.7015,17.3628,16.9122,19.4086,13.7465,15.8057,12.0082,6.2281,9.9317,5.76472,4.29193,6.98202,13.619,19.505,9.85377,6.66899,18.5687,16.3999,4.24643,12.8554,6.6064,3.31516,7.22039,9.67865,9.00416,3.91125,15.988,3.09081,12.1858,13.0932,2.64533,11.3438,12.3866,15.9947,8.07901,10.1229,15.9002,9.08909,2.72857
4.01667,13.7293,15.1727,14.4504,18.934,10.5454,19.6967,17.5139,16.7151,19.4803,13.4901,15.6514,12.1441,6.09644,9.94443,6.06267,4.11537,6.8686,13.6346,19.4461,9.60288,6.8333,18.6566,16.6096,4.41544,12.6215,6.6309,3.43739,6.96318,9.55463,9.03592,4.03185,16.1459,2.60547,12.5651,13.3334,2.69332,11.1802,12.4136,15.8035,8.15924,9.95251,16.0239,9.36321,2.58005
4.03333,13.4529,15.1629,14.5134,18.8965,10.6173,19.6791,17.5396,16.6185,19.5248,13.395,15.6003,12.3054,5.94319,9.85216,6.22319,3.83578,6.74346,13.5673,19.4493,9.51307,6.90792,18.6613,16.84,4.63653,12.5717,6.62584,3.63367,6.6879,9.46102,8.94239,4.11094,16.1586,2.66229,12.6466,13.6728,2.78429,11.0236,12.3786,15.7421,8.28979,9.86806,15.9928,9.6794,2.56628
4.05,13.3873,15.1797,14.5982,18.8947,10.7125,19.6958,17.6366,16.625,19.5519,13.347,15.6001,12.4287,5.89124,9.78611,6.30361,3.80997,6.60022,13.5447,19.4495,9.46158,7.00164,18.7055,16.9742,4.81771,12.5411,6.56336,3.71016,6.58774,9.44199,8.91618,4.1812,16.2628,2.70482,12.7321,13.9093,2.87114,11.0437,12.3318,15.7019,8.39233,9.77006,15.87,9.99391,3.05006
4.06667,13.3582,15.1671,14.7258,18.8151,10.8608,19.6863,17.7398,16.4872,19.5864,13.1817,15.599,12.4555,5.86038,9.68591,6.37279,3.73208,6.45482,13.4711,19.4389,9.31827,7.14439,18.7429,17.0171,4.88715,12.5093,6.51678,3.76023,6.48032,9.43429,8.86248,4.28165,16.3634,2.74027,12.7371,13.9913,2.85643,11.0685,12.2605,15.6583,8.41009,9.70237,15.7533,10.2081,3.4749
4.08333,13.293,15.184,14.8706,18.7378,11.0275,19.6882,17.8529,16.347,19.5995,13.0176,15.5775,12.5188,5.80371,9.64898,6.43743,3.67606,6.36006,13.4509,19.3816,9.13924,7.3013,18.8198,17.0803,5.01513,12.4535,6.45229,3.80856,6.39234,9.37419,8.8426,4.39931,16.5213,2.69779,12.6829,14.1237,2.90074,11.0687,12.2064,15.5647,8.46657,9.64079,15.6485,10.2997,3.33573
4.1,13.1946,15.2908,15.1145,18.6035,11.3197,19.692,18.0373,16.0931,19.6609,12.711,15.58,12.6841,5.78948,9.61018,6.50509,3.62745,6.16261,13.4369,19.299,8.85239,7.57162,18.9454,17.1425,5.28273,12.4334,6.41654,3.84453,6.35365,9.37374,8.86453,4.5904,16.7557,2.65357,12.5436,14.2635,2.95243,11.0956,12.1941,15.4658,8.61421,9.53925,15.5508,10.4049,3.32122
4.11667,13.1702,15.3945,15.3557,18.5155,11.5839,19.6809,18.2047,15.9046,19.728,12.4823,15.7221,12.9322,5.88343,9.63114,6.48945,3.64118,6.06066,13.4523,19.255,8.63755,7.83002,19.0182,17.0508,5.67644,12.571,6.46554,3.86393,6.41915,9.47893,8.86796,4.77999,16.9251,2.65034,12.2124,14.2848,2.96405,11.1608,12.2366,15.462,8.81516,9.47975,15.511,10.4585,3.45344
4.13333,12.9949,15.6835,15.6116,18.3782,11.8324,19.6763,18.3965,15.6889,19.7231,12.1871,15.5624,13.1864,5.99881,9.67757,6.26407,3.78566,5.79544,13.4022,19.1591,8.34616,8.05722,19.1211,16.5811,5.79198,12.9714,6.54124,3.73949,6.66877,9.6743,8.94075,4.97786,17.0975,2.615,11.7391,13.8512,2.86223,11.2012,12.3455,15.4611,9.04098,9.30304,15.4763,10.3164,3.37728
4.15,12.8165,15.9176,15.5728,18.4037,11.9426,19.6338,18.4042,15.7123,19.4338,12.0471,15.3739,13.3703,6.13271,9.60709,6.13301,3.9378,5.62733,13.1824,19.1413,8.2377,8.14268,19.1313,16.7206,5.41171,13.1775,6.61716,3.6538,6.84838,9.9034,8.97229,5.07921,17.1585,2.60775,11.3715,13.8396,2.86506,11.2176,12.4626,15.5525,9.32151,9.13176,15.4249,9.9193,2.71362
4.16667,12.6648,15.9438,15.4079,18.4284,11.8184,19.6349,18.3161,15.8072,18.8911,12.0235,15.318,13.4238,6.20256,9.5127,6.05072,4.0953,5.52453,13.0841,19.1547,8.26961,8.01184,19.0896,16.8789,5.21463,13.3247,6.5969,3.53312,7.05801,10.0527,8.91119,4.98218,17.0774,2.60887,11.0746,13.8659,2.87277,11.1472,12.4526,15.6063,9.46955,8.97947,15.3802,9.63561,2.80193
4.18333,12.48,15.9722,15.2748,18.216,11.6612,19.643,18.3374,15.752,18.7113,11.9974,15.2444,13.4993,6.36978,9.32173,5.957,4.31855,5.46808,12.8843,19.1551,8.25188,7.87746,19.0349,17.2254,4.90819,13.4897,6.54076,3.52096,7.12987,10.2774,8.81721,4.59866,16.7765,2.62283,10.7375,13.6542,2.75679,10.9876,12.4537,15.7163,9.64179,8.78027,15.3049,9.63516,2.79815
4.2,12.3866,16.032,15.0889,18.3276,11.6244,19.6385,18.2336,15.8949,18.78,12.1019,15.2011,13.5348,6.5654,9.03223,6.09,4.28445,5.60685,12.6597,19.1663,8.33581,7.82332,19.027,17.2349,5.01665,13.686,6.4874,3.5485,7.04677,10.4809,8.75704,4.17602,16.3768,2.62272,10.6179,13.5275,2.70277,10.9086,12.4024,15.7452,9.72438,8.65658,15.2617,9.76589,2.77993
4.21667,12.3641,16.0811,15.1166,18.5782,11.6086,19.6547,18.1901,15.9243,18.6775,12.1479,15.2126,13.5233,6.57691,8.97955,6.2558,4.5144,5.64505,12.648,19.1857,8.43872,7.78936,19.041,17.2813,5.11693,13.7018,6.48621,3.50333,7.11516,10.5187,8.77078,3.89565,16.2571,2.60537,10.7168,13.4891,2.69422,10.9194,12.418,15.7478,9.74746,8.66611,15.2741,9.69802,2.78944
4.23333,12.3779,16.0966,15.0618,18.553,11.5733,19.6552,18.1338,15.9907,18.7137,12.2569,15.2139,13.512,6.56868,8.96279,6.44506,4.73304,5.65581,12.6555,19.1882,8.53393,7.75861,19.0342,17.3227,5.1892,13.6972,6.48219,3.4858,7.13427,10.535,8.77484,3.83302,16.2221,2.59217,10.7451,13.4384,2.69622,10.9213,12.423,15.7239,9.7278,8.6689,15.2652,9.6072,2.72999
4.25,12.3566,16.1402,15.0563,18.841,11.4604,19.6801,18.0429,16.1736,18.7657,12.4763,15.2108,13.5473,6.59151,8.85891,6.68277,5.01986,5.71047,12.5808,19.2576,8.74654,7.6313,19.0013,17.4539,5.37905,13.7697,6.51402,3.50639,7.16022,10.6201,8.79189,4.01122,16.1895,2.60792,10.7602,13.5027,2.72144,10.9789,12.4627,15.75,9.75517,8.68164,15.2463,9.65918,2.67152
4.26667,12.3878,16.227,15.007,18.9047,11.3683,19.6879,17.9896,16.2792,18.8203,12.6096,15.2312,13.5452,6.64047,8.82689,6.74372,5.15792,5.77373,12.5252,19.3176,8.84714,7.53453,18.9251,17.5342,5.46346,13.8201,6.54359,3.49013,7.20393,10.6827,8.80704,4.93157,16.3551,2.62163,10.8179,13.5617,2.74636,11.0795,12.477,15.7762,9.7567,8.71515,15.2362,9.70602,2.59547
4.28333,12.4101,16.1833,15.045,18.9456,11.3833,19.6965,17.9879,16.2933,18.8181,12.6771,15.259,13.5114,6.67081,8.76281,6.76036,5.08613,5.89575,12.4252,19.3226,8.8827,7.52798,18.95,17.5622,5.47999,13.8237,6.54589,3.39376,7.39893,10.7327,8.82328,4.91851,16.3867,2.61531,11.0225,13.4791,2.74004,11.0872,12.4997,15.7593,9.74344,8.74099,15.2759,9.60009,2.62937
4.3,12.4514,16.1593,15.0303,18.956,11.3712,19.6824,17.9677,16.305,18.8424,12.6914,15.2835,13.4852,6.69353,8.63178,6.38262,5.01286,6.0302,12.304,19.3482,8.89655,7.49231,18.9541,17.6049,5.49761,13.8491,6.52232,3.31389,7.58014,10.7901,8.80038,4.83596,16.2801,2.63982,11.2317,13.4834,2.70955,11.1325,12.4974,15.7854,9.71287,8.78332,15.2536,9.66819,3.20825
4.31667,12.154,16.1057,14.9597,18.9365,11.3267,19.7094,17.9263,16.317,18.6401,12.6703,15.181,13.6372,6.60085,8.0589,5.8431,4.34104,6.49183,11.8375,19.3196,8.90262,7.42812,18.9904,17.5497,5.50371,13.8224,6.6271,3.02897,8.20877,10.6464,8.71098,4.48186,16.6787,2.63728,11.9444,13.2889,2.74832,10.969,12.4207,15.7435,9.87253,8.52153,15.1691,9.5496,4.0371
4.33333,11.8478,15.9604,15.1238,18.9248,11.4377,19.6949,17.9771,16.2034,18.8194,12.5112,15.0804,13.8021,6.53368,7.80016,6.23711,3.91885,6.84466,11.4467,19.2698,8.72826,7.51826,19.0287,17.3928,5.39592,13.8658,6.75668,2.94606,8.45391,10.4733,8.55653,4.53835,16.8112,2.6469,12.2671,13.4402,3.03925,10.7615,12.3141,15.8592,10.1334,8.24593,15.0688,9.90005,4.68311
4.35,11.7329,15.9466,15.2282,18.8,11.5646,19.691,18.0928,16.0788,19.0506,12.3544,14.9754,13.9079,6.45828,7.53885,6.64345,3.63742,7.62576,11.0712,19.2564,8.63256,7.64612,19.0748,17.0729,5.10263,13.8252,6.81271,2.89853,8.61424,10.2833,8.5441,4.641,16.8906,2.62891,12.4874,13.9485,3.23495,11.0624,12.1236,15.8767,10.1854,8.16315,14.8664,10.3033,4.64707
4.36667,11.653,15.9502,15.4023,18.7449,11.7101,19.6879,18.1796,15.9437,19.0874,12.2095,14.921,13.9839,6.46945,7.43806,6.83468,3.53349,7.50203,10.9734,19.2045,8.47074,7.80433,19.1364,16.8968,5.18257,13.859,6.98332,2.90274,8.57828,10.2318,8.53393,4.64964,16.9195,2.54784,12.5189,13.9706,2.86738,11.1306,12.0926,15.8103,10.2341,8.09289,14.7968,10.4872,4.62134
4.38333,11.5288,15.9331,15.4029,18.8233,11.6407,19.6961,18.1576,15.998,18.9134,12.2182,14.8074,14.0973,6.45649,7.35644,7.05615,3.42606,7.05615,10.9092,19.2164,8.47521,7.75131,19.112,17.0844,5.52386,13.6833,7.10902,2.93421,8.5219,10.1679,8.62259,4.73472,16.9742,2.5093,12.5102,14.0267,2.92445,11.6197,12.1239,15.6596,10.3469,7.98853,14.6223,10.6595,4.83916
4.4,11.408,15.9402,15.3797,18.8149,11.626,19.6987,18.1134,16.0516,19.0829,12.31,14.7408,14.2286,6.39137,7.30066,7.13047,3.37674,6.7782,10.8498,19.2296,8.54547,7.71508,19.0977,16.8697,5.71126,13.5785,7.50091,2.89735,8.52001,10.0239,8.70603,4.72943,16.9481,2.4626,12.5342,13.9125,2.93043,11.6488,12.1363,15.8052,10.4921,7.8912,14.5131,10.6542,4.96643
4.41667,11.2931,15.9877,15.4217,18.7764,11.6669,19.6903,18.2116,15.955,19.2498,12.2341,14.7443,14.42,6.31225,7.25364,7.18219,3.36531,6.30197,10.7847,19.2237,8.47182,7.78761,19.1234,16.5987,5.70251,13.4516,7.80098,2.86441,8.61726,9.8547,8.83903,4.78044,17.0061,2.658,12.6221,13.6555,2.92988,11.7235,12.1648,15.8476,10.6939,7.81598,14.4137,10.5909,5.10006
4.43333,11.2751,15.9916,15.44,18.7852,11.669,19.6991,18.1639,16.0023,19.0931,12.2719,14.7011,14.4269,6.16964,7.29754,7.03217,3.43916,6.083,10.8386,19.1979,8.50813,7.80902,19.1115,16.597,5.84943,13.3701,7.85411,2.77835,8.82331,9.71112,8.87593,4.77251,17.02,2.63672,12.8006,13.4068,2.86179,11.6788,12.1723,15.7447,10.7078,7.78374,14.4196,10.4653,5.1514
4.45,11.3931,15.9908,15.4404,18.7993,11.6722,19.7454,18.2677,15.972,18.9668,12.1894,14.6914,14.2549,6.10262,7.38857,6.93041,3.53959,6.12898,10.9524,19.2248,8.41687,7.83091,19.1185,17.0354,5.21515,13.6069,7.43787,2.77384,9.11046,9.61137,8.8534,4.78543,17.01,2.76006,13.0448,13.6735,2.93213,11.5852,12.1659,15.7427,10.5219,7.86629,14.4995,10.4172,5.11387
4.46667,11.5851,15.9232,15.4576,18.7084,11.6839,19.7406,18.2025,16.0234,18.5604,12.2246,14.7457,13.9799,5.86291,7.53356,6.6239,3.68131,6.2192,11.1475,19.2499,8.48497,7.89444,19.0977,17.183,5.18205,13.78,6.77384,2.69762,9.55757,9.43998,8.83612,4.79154,16.9802,3.00608,13.4348,13.9412,2.98248,11.4357,12.1211,15.5979,10.2439,7.98789,14.6281,10.3088,5.0966
4.48333,11.6853,15.8735,15.4885,18.7004,11.7279,19.7016,18.2276,15.9899,18.5647,12.2032,14.776,13.8463,5.8701,7.5298,6.43669,3.73454,6.24273,11.2548,19.2659,8.44446,7.96537,19.1229,17.0829,5.07023,13.6924,6.63272,2.64863,9.69716,9.34716,8.83925,4.82624,16.9742,3.00556,13.5825,13.7452,2.86083,11.4377,12.0823,15.6906,10.0867,8.03768,14.6815,10.2283,5.11782
4.5,11.8463,15.8851,15.6269,18.66,11.9001,19.6978,18.3394,15.9034,18.9634,12.1307,14.8632,13.8535,5.78476,7.56946,6.42656,3.78912,6.40936,11.3806,19.1937,8.34951,8.14454,19.2208,17.2317,5.22919,13.8122,6.72879,2.61826,9.84945,9.42427,8.84874,4.95395,17.0895,3.13109,13.6987,14.1252,2.98843,11.4706,12.1131,16.0584,10.0363,8.15135,14.7944,10.2379,5.20469
4.51667,11.9693,15.8943,15.6406,18.6253,11.9232,19.7023,18.3355,15.8783,19.1579,12.11,15.0606,13.9765,5.48223,7.43054,6.54627,3.70188,6.5402,11.5379,19.2026,8.31388,8.17399,19.2518,17.2656,5.23566,13.77,6.82872,2.61416,9.87436,9.38279,8.83236,4.96006,17.105,3.07447,13.7401,14.134,2.963,11.3347,12.1106,16.1453,10.0454,8.2228,14.9144,10.3292,5.32972
4.53333,11.9338,15.9368,15.6333,18.6419,11.9086,19.7152,18.3601,15.8683,19.2252,12.1341,15.0406,14.002,5.3362,7.40552,6.64479,3.69882,6.34219,11.6267,19.2338,8.30409,8.15582,19.2745,17.2566,5.23518,13.7257,6.86384,2.62627,9.91018,9.33011,8.81211,4.94561,17.0907,2.81744,13.8434,14.1294,2.99608,11.2179,12.1551,16.0877,10.056,8.20623,14.8973,10.4604,5.13699
4.55,11.8125,15.996,15.5296,18.7158,11.816,19.7512,18.2795,16.014,19.1995,12.3036,14.9918,14.0737,5.44075,7.31507,6.82571,3.66174,6.07395,11.6931,19.2784,8.46017,8.0583,19.2972,16.9577,5.6,13.2813,7.52068,2.62323,9.92738,9.2031,8.87094,4.85662,17.0574,2.59309,13.9413,14.0855,3.02273,11.1101,12.236,16.0419,10.15,8.11747,14.862,10.6416,4.74607
4.56667,11.9649,16.02,15.326,18.8421,11.6001,19.7602,18.1465,16.1634,18.8508,12.4347,15.0783,13.947,5.52479,7.27832,6.89012,3.64761,6.32003,11.8059,19.3467,8.59887,7.84209,19.214,16.3039,6.46256,12.6825,7.96075,2.54325,9.68982,8.97519,8.95758,4.70787,16.8822,2.52815,13.7299,14.2852,3.08314,11.0008,12.2287,15.9308,9.9721,8.17019,15.0645,10.6354,4.44865
4.58333,12.0566,16.006,15.1489,18.9176,11.3986,19.7605,18.0011,16.3252,18.6111,12.6153,15.1625,13.8656,5.54501,7.14652,6.90297,3.5664,6.38024,11.9078,19.3765,8.79654,7.66735,19.1323,16.5302,6.42432,12.5485,7.95166,2.49183,9.52488,8.81125,9.02367,4.58694,16.7627,2.48645,13.5864,14.4123,3.09527,10.7965,12.4082,15.858,9.86568,8.27244,15.0587,10.5949,4.17412
4.6,12.075,15.9945,15.134,18.9049,11.3727,19.7353,18.0004,16.3377,18.6484,12.6092,15.1584,13.845,5.60592,7.21491,6.85073,3.58938,6.39078,11.894,19.3912,8.80689,7.64776,19.0952,16.5317,6.41643,12.2083,7.13486,2.49274,9.49602,8.86144,9.05335,4.58761,16.7488,2.50893,13.5686,14.4366,3.08817,10.841,12.4513,15.8951,9.85861,8.28443,15.0345,10.5388,3.75595
4.61667,12.0108,15.9677,15.1202,18.9366,11.3381,19.7276,17.9982,16.3494,18.6265,12.6238,15.1506,13.846,5.65905,7.20598,6.9796,3.53926,6.42149,11.8522,19.4141,8.85355,7.61984,19.0996,16.5384,6.41721,12.1249,6.33362,2.52937,9.47052,8.87674,9.02032,4.58504,16.7173,2.54738,13.5339,14.514,3.09116,10.9078,12.4151,15.9383,9.89093,8.18352,14.9919,10.5959,2.96154
4.63333,11.87,15.9599,14.9473,18.9751,11.1431,19.7286,17.8943,16.4851,18.5512,12.7635,15.0484,13.9481,5.78751,7.05615,7.31884,3.44015,6.39119,11.6977,19.4676,9.02769,7.42685,19.0291,16.5465,6.56522,12.1529,6.05504,2.56736,9.247,8.96734,8.89276,4.47687,16.5649,2.5484,13.3293,14.6901,3.1616,10.9088,12.379,15.8984,10.0422,8.07554,14.9271,10.7967,2.57558
4.65,11.5669,15.9355,14.6358,18.9824,10.8438,19.7081,17.6817,16.6556,18.3143,12.8265,14.7998,14.0938,5.95287,6.86194,7.34348,3.33414,6.09938,11.1929,19.4773,9.19212,7.15519,18.9006,16.4992,6.76885,12.315,6.08222,2.56629,8.95948,9.01373,8.7408,4.27503,16.392,2.52474,13.0766,14.9759,3.26392,10.8713,12.2684,15.5838,10.2314,7.74204,14.8465,11.077,2.54007
4.66667,11.3398,15.9602,14.388,19.0518,10.4617,19.6995,17.5301,16.836,18.1913,13.1431,14.6235,14.2314,6.24508,6.59292,7.72863,3.20445,5.92349,10.7341,19.5188,9.49476,6.77261,18.7319,16.3977,7.14007,12.8048,6.3162,2.66008,8.57072,9.08216,8.64344,3.97082,16.085,2.4628,12.6534,15.3054,3.43443,10.8496,12.237,14.8816,10.3533,7.51532,14.759,11.4445,2.56973
4.68333,11.1108,16.0242,14.0982,19.1332,10.1535,19.6879,17.2651,17.1333,18.0865,13.4932,14.4676,14.3626,6.51745,6.56838,7.98469,3.12747,5.99207,10.3222,19.5751,9.8786,6.48907,18.5878,16.5188,7.59098,13.0244,6.69356,2.80611,8.27735,9.41917,8.49074,3.68849,15.8772,2.55104,12.2629,15.5914,3.73137,10.8604,12.1807,14.2409,10.2721,7.32409,14.6309,11.6675,2.98054
4.7,10.6107,15.9485,13.8664,19.2256,10.0843,19.659,17.1523,17.2076,17.6729,13.4866,14.2084,14.7389,6.65782,6.3484,8.29846,2.98555,6.02205,9.99213,19.6076,10.1272,6.29981,18.4282,16.6437,7.86297,13.0394,6.63224,2.93144,8.0417,9.42703,8.3399,3.5569,15.6265,2.6483,11.962,15.8511,3.92923,10.5792,12.1091,14.0814,10.3174,7.11323,13.9204,12.0285,2.91366
4.71667,10.2462,15.9333,14.0331,19.1906,10.2174,19.6891,17.3122,17.0588,17.1441,13.3375,14.0362,15.2596,6.76107,6.3267,8.48862,2.92965,6.08862,9.8204,19.6462,10.4242,6.10046,18.3301,16.7511,8.1871,13.1202,6.69766,3.04382,7.87269,9.44665,8.32248,3.38419,15.4432,2.60145,11.7815,15.9929,4.06216,10.5155,12.1056,14.0879,10.4754,6.8902,13.6617,12.2811,2.96708
4.73333,10.1294,15.9582,14.1665,19.1331,10.4827,19.7164,17.4351,16.9386,16.8964,13.2218,13.9392,15.3119,6.78728,6.31586,8.62195,2.89041,6.1228,9.79509,19.6519,10.5612,6.00581,18.2504,16.8764,8.06992,13.2741,6.76289,3.11309,7.73753,9.56569,8.34292,3.31733,15.2922,2.60526,11.6454,16.0771,4.28445,10.544,12.1251,14.1534,10.6151,6.85981,13.6159,12.4473,3.11094
4.75,10.0678,16.0175,14.3088,19.0534,10.6563,19.7435,17.5091,16.9058,16.8435,13.2745,13.8281,15.3514,6.78799,6.36196,8.6981,2.87323,6.1142,9.77163,19.6423,10.6411,5.91064,18.1857,16.8643,8.15541,13.3856,6.64836,3.17449,7.62441,9.58799,8.3924,3.27562,15.1804,2.50532,11.4973,16.1758,4.1806,10.5809,12.197,14.1273,10.6131,6.81256,13.6346,12.5677,3.06445
4.76667,9.92168,16.1031,14.3971,19.0005,10.7775,19.7738,17.6237,16.8285,16.7809,13.1994,13.4634,14.9796,6.7238,6.30793,8.79181,2.86727,6.08162,9.70274,19.6095,10.6227,5.84373,18.1752,16.723,8.14268,13.4064,6.55695,3.17301,7.5861,9.6266,8.48821,3.2229,15.1302,2.48286,11.4237,16.19,4.28731,10.5892,12.3522,14.0523,10.5477,6.76025,13.6335,12.6911,3.03704
4.78333,9.91885,16.0867,14.3738,18.8363,10.7057,19.7807,17.7619,16.6854,16.7367,13.1222,13.3695,14.8057,6.68377,6.22512,8.88628,2.86439,6.14526,9.64749,19.608,10.6,5.87687,18.201,16.7089,8.05845,13.4525,6.42637,3.18463,7.58405,9.72814,8.46039,3.28851,15.1684,2.58233,11.4216,16.187,4.2786,10.5389,12.2542,13.9578,10.4564,6.7582,13.6648,12.8298,2.97521
4.8,9.98837,15.9752,14.2393,18.3512,10.4406,19.7662,17.7946,16.5827,16.7922,12.914,13.368,14.7313,6.6885,6.15549,8.85157,2.85787,6.17601,9.63077,19.5931,10.3133,6.05046,18.3063,16.5583,7.84316,13.3993,6.31676,3.17357,7.61049,9.63435,8.38068,3.40173,15.3402,2.60189,11.4515,16.1181,4.19374,10.5015,12.1783,13.8758,10.2968,6.86007,13.7083,12.8201,2.82807
4.81667,10.1679,15.9125,13.8492,18.2449,10.0197,19.7414,17.6622,16.7191,17.1041,13.0542,13.397,14.5186,6.68511,6.24746,8.72848,2.90661,6.13353,9.77844,19.5692,10.1536,6.13435,18.3635,16.51,7.72372,13.2703,6.27729,3.10031,7.74658,9.47778,8.39095,3.42819,15.441,2.53827,11.6123,15.9247,4.07016,10.5042,12.1211,13.8446,10.2165,6.97718,13.8258,12.6011,2.95396
4.83333,10.2892,15.8813,13.3719,18.4266,9.78455,19.7181,17.3407,17.0131,17.3673,13.2803,13.5719,14.6086,6.66497,6.3083,8.64169,2.88526,6.12206,9.82815,19.5616,10.177,6.20785,18.361,16.5037,7.70626,13.2615,6.29259,3.06218,7.82351,9.43652,8.41091,3.4439,15.4282,2.54094,11.6804,15.9389,4.02213,10.4846,12.0543,13.8547,10.1614,7.02536,13.8514,12.371,2.91524
4.85,10.3135,15.8533,13.4452,19.1381,9.80298,19.7136,17.1971,17.1248,17.3532,13.4181,14.0066,15.194,6.56552,6.43334,8.4706,2.92486,6.14216,9.85835,19.5767,10.3343,6.26157,18.346,16.6528,7.81703,13.1475,6.28224,3.00825,7.9682,9.43209,8.43988,3.4868,15.4853,2.57502,11.7402,16.0618,4.07683,10.4536,12.0165,13.7546,10.0316,7.04271,13.9153,12.1462,2.85755
4.86667,10.3013,15.8273,13.8117,19.3696,9.89558,19.7341,17.2815,17.0475,17.1761,13.3451,13.9962,15.3624,6.53945,6.42358,8.48199,2.92678,6.15159,9.83761,19.5819,10.4193,6.33519,18.3646,16.7119,7.87772,13.1215,6.37261,3.04158,8.03425,9.50965,8.43656,3.55605,15.5291,2.67252,11.7858,16.1077,4.11663,10.4618,11.9933,13.7642,10.0565,7.04088,13.8975,12.1638,2.87156
4.88333,10.2924,15.8032,13.8894,19.5224,10.0526,19.7317,17.5742,16.7398,16.7083,12.9706,13.9668,15.4719,6.59184,6.39301,8.54786,2.92,6.19534,9.8159,19.6019,10.4695,6.48785,18.3953,16.7847,7.8941,13.1156,6.41595,3.08258,7.91633,9.57202,8.42819,3.69037,15.6046,2.81895,11.8891,16.1514,4.15901,10.5221,11.9819,13.8045,10.1048,7.06356,13.8651,12.2452,2.83487
4.9,10.3027,15.8274,13.982,19.4718,10.1473,19.7691,17.7799,16.2115,16.4552,12.77,14.0102,15.3885,6.57765,6.39685,8.49521,2.96007,6.30741,9.87443,19.6122,10.5586,6.5549,18.4503,16.8327,7.94161,13.0943,6.45322,3.04083,8.03883,9.61115,8.42685,3.76634,15.6956,2.99518,11.9745,16.2232,4.18697,10.5156,12.0366,13.7378,10.1398,7.07536,13.9362,12.1917,2.85314
4.91667,10.2553,15.8104,13.9884,19.347,10.2129,19.7278,17.8366,16.1817,16.3788,12.6911,14.0287,15.3357,6.28086,6.33526,8.30088,3.0149,6.22788,9.8939,19.6054,10.5938,6.60107,18.4592,16.8248,7.94195,13.0097,6.38635,2.99704,8.32777,9.65266,8.41579,3.79556,15.7418,3.10601,11.9898,16.2813,4.18287,10.4936,12.0167,13.6726,10.0957,7.05775,13.9176,12.0269,2.80127
4.93333,10.0344,15.8773,14.1765,19.2404,10.4109,19.7572,17.6025,16.2485,16.2633,12.7135,13.8658,15.2897,5.99937,6.20651,8.19547,3.05485,6.21001,9.80127,19.6077,10.821,6.77943,18.5936,16.8824,8.08857,13.0384,6.33932,2.94124,8.50046,9.78112,8.46553,3.91959,15.9279,3.39568,12.1598,16.4827,4.30828,10.486,12.0826,13.5772,10.0882,6.92441,13.8155,11.9488,2.77877
4.95,9.77561,16.0437,14.4019,19.0661,10.6494,19.7402,17.143,16.3848,16.0866,12.717,13.6757,15.3071,5.75102,6.07965,8.04981,3.10469,6.50698,9.60921,19.6257,11.2645,6.99769,18.7025,16.9311,8.49089,13.1578,6.18316,2.90039,8.71589,9.96197,8.29638,4.08264,16.1107,3.10632,12.3623,16.9107,4.60436,10.4945,12.2084,13.4756,9.99954,6.83293,13.7423,11.7836,2.81596
4.96667,9.61472,15.9656,14.7566,18.9105,10.8376,19.7616,17.4244,16.2515,16.0355,12.6795,13.5629,15.3806,5.41554,5.7957,7.9797,3.13409,6.60394,9.55843,19.6349,11.5206,7.15177,18.7799,16.9598,8.72543,13.2921,6.05146,2.89381,8.7786,10.0331,8.18427,4.19192,16.2414,2.86252,12.5879,17.1175,4.83007,10.4367,12.1635,13.4608,9.97537,6.76788,13.6545,11.7929,2.83191
4.98333,9.43559,15.7608,15.128,18.627,11.0244,19.7938,17.8657,16.0704,15.9959,12.6388,13.4388,15.3694,4.87163,5.30436,7.95215,3.14032,6.78315,9.6097,19.6424,11.7481,7.32274,18.8709,16.9504,9.06113,13.4116,6.04346,2.93622,8.62776,10.0341,7.98384,4.30865,16.3988,2.65164,12.8673,17.2871,5.04078,10.1531,12.0112,13.3501,9.9721,6.62066,13.559,11.8995,2.80202
