t,x0,y0,x1,y1,x2,y2,x3,y3,x4,y4,x5,y5,x6,y6,x7,y7,x8,y8,x9,y9,x10,y10,x11,y11,x12,y12,x13,y13,x14,y14,x15,y15,x16,y16,x17,y17,x18,y18,x19,y19,x20,y20,x21,y21
0,17.8779,5.96988,4.80263,6.2497,11.0286,6.5151,15.1317,3.50797,16.5247,11.4365,9.26439,13.2096,14.5853,7.68648,19.5733,9.34757,7.71527,3.81578,15.1066,19.3307,7.56719,8.29009,14.9193,14.8654,5.43826,12.5675,2.83045,9.5999,11.473,16.2339,6.84682,18.7515,11.1939,2.97507,12.1303,10.6002,11.5472,20.0362,4.17878,16.099,19.6848,13.3108,18.359,16.3898
0.0166667,17.8684,5.95588,4.79366,6.24084,11.0209,6.50628,15.118,3.49989,16.5194,11.4268,9.25061,13.197,14.5714,7.68581,19.568,9.33901,7.70171,3.80089,15.0919,19.32,7.55531,8.27895,14.9065,14.8542,5.4263,12.5572,2.82044,9.58616,11.4638,16.2247,6.83911,18.7412,11.1847,2.96022,12.1189,10.5903,11.5392,20.026,4.16805,16.0877,19.6713,13.2984,18.3492,16.3782
0.0333333,17.8646,5.97167,4.79109,6.25573,11.018,6.5227,15.1308,3.51073,16.5147,11.4405,9.24458,13.2172,14.5666,7.69985,19.5664,9.32977,7.69963,3.81813,15.0905,19.3323,7.53799,8.28588,14.9048,14.8712,5.42764,12.5752,2.81404,9.60709,11.4614,16.2396,6.81584,18.7636,11.1755,2.99456,12.1354,10.5966,11.5385,20.0411,4.17863,16.0962,19.6699,13.3257,18.3504,16.3923
0.05,17.8681,6.0639,4.76089,6.23123,10.9226,6.65316,15.1019,3.65077,16.1618,11.3575,9.23963,13.3812,14.4212,7.81907,19.7103,9.34448,7.65409,3.76853,15.1996,19.3475,7.41345,8.36046,14.9059,14.9201,5.4651,12.5189,2.84194,9.54268,11.4748,16.3694,7.56357,18.3499,11.169,3.05578,11.8419,10.3577,11.2778,19.9648,4.09597,16.0047,19.679,13.3592,18.3556,16.4045
0.0666667,17.8858,6.08129,4.7657,6.21485,10.6369,6.53744,14.9683,3.82714,15.8777,11.3321,9.13947,13.5793,14.0769,7.8763,19.7173,9.3603,7.62017,3.70861,15.4325,19.1662,7.27237,8.5244,14.8832,15.0003,5.40385,12.5637,2.83455,9.5394,11.3277,16.5183,7.89049,17.7599,11.1039,3.0454,11.4341,10.2761,10.9005,20.146,4.20246,16.1349,19.6659,13.3813,18.3442,16.3609
0.0833333,17.8625,6.03013,4.71048,6.29602,10.3856,6.48896,14.6655,4.15919,15.7394,11.2156,9.10827,13.7607,13.8876,7.75984,19.7155,9.29883,7.49011,3.77106,15.6154,19.0686,7.16659,8.72401,14.9516,14.922,5.38791,12.6769,2.79803,9.67102,11.4483,16.5443,7.92478,17.5385,10.9273,3.02838,11.3576,10.3994,10.7876,20.1503,4.30243,16.29,19.7058,13.3225,18.3588,16.2466
0.1,17.8185,5.88771,4.64376,6.41114,10.0312,6.50345,14.6417,4.02723,15.5561,10.9643,9.16706,13.8658,13.6443,7.62151,19.6882,9.15682,7.38236,3.8634,15.6423,19.0123,6.97271,8.96581,15.0793,14.7332,5.45907,12.7442,2.81222,9.80115,11.6158,16.5595,8.06147,17.4114,10.8011,3.00137,11.4915,10.5629,10.8138,20.188,4.38211,16.3778,19.7416,13.1797,18.2813,16.262
0.116667,17.8006,5.85315,4.6439,6.38683,9.79799,6.62986,14.7131,3.83246,15.5905,10.5275,9.09516,13.6706,13.4885,7.44584,19.679,9.14788,7.37227,3.84173,14.8827,19.3642,6.92631,9.32385,14.8435,14.2222,5.3722,12.7827,2.80131,9.79285,11.8275,16.6232,8.16699,17.2671,10.7808,2.95089,11.8436,10.6568,10.802,20.2061,4.4415,16.482,19.7864,13.1229,18.1418,16.4135
0.133333,17.6297,5.84031,4.65452,6.35678,9.7268,6.75943,14.8076,3.72813,15.8082,10.3245,8.93364,13.1989,13.4945,7.39822,19.1035,9.22187,7.41125,3.8185,14.6838,19.4706,7.16915,9.67195,14.8259,13.932,5.21846,12.8696,2.80381,9.78324,12.1271,16.7247,8.30293,16.9072,10.806,2.89889,12.167,10.7622,10.5967,20.2455,4.56594,16.6399,19.7743,13.2583,18.0537,16.526
0.15,17.836,5.88827,4.73632,6.28719,9.57835,6.92062,15.0263,3.54158,15.8541,9.71332,8.84923,12.9712,13.379,7.04744,19.199,9.04545,7.54272,3.76373,14.7685,19.7322,6.71963,9.57056,14.8387,13.0492,5.07221,12.8767,2.81072,9.64861,12.2659,16.3896,8.36236,16.6662,10.9304,2.81025,12.2325,10.828,10.3001,20.1992,4.61207,16.6899,19.8679,13.4882,17.9657,16.6386
0.166667,17.823,5.89024,4.72139,6.27587,9.42643,7.02945,14.9569,3.49263,15.9073,9.54945,9.04817,12.9319,13.1956,6.98604,19.3576,8.99813,7.54004,3.76041,14.7544,19.4155,6.63354,9.72818,14.9911,13.5534,4.75173,13.0134,2.79094,9.61137,12.3805,16.4555,8.51278,16.6441,10.8868,2.78164,12.3199,10.6751,10.3063,20.3035,4.75084,16.8561,19.9615,13.7181,18.0633,16.6115
0.183333,17.8108,5.84776,4.70947,6.32677,9.26748,7.17105,14.9557,3.518,15.9462,9.3304,9.18076,13.0232,12.9384,6.87009,19.3964,8.99031,7.51275,3.79646,14.765,19.4055,6.61668,9.96346,15.2046,13.6739,4.49527,13.167,2.78345,9.65013,12.4663,16.483,8.62426,16.7617,10.8788,2.7819,12.4509,10.8129,10.4877,20.3349,4.84843,17.0064,19.8295,13.518,17.5016,16.6684
0.2,17.8788,6.02652,4.73174,6.31318,9.17249,7.21964,14.9615,3.52361,15.9842,9.26428,9.23382,13.0805,12.8861,6.83018,19.685,9.30691,7.53893,3.7972,14.5881,19.4537,6.66218,10.0335,15.4661,13.9109,4.13227,13.2728,2.78921,9.6161,12.4534,16.5145,8.67159,16.7915,10.9631,2.70043,12.6274,11.1363,10.82,20.0872,4.89266,17.0795,19.6976,13.3178,17.7219,17.0975
0.216667,17.9318,6.11379,4.74678,6.2733,9.10365,7.23662,15.1443,3.60363,15.9932,9.34329,9.23486,13.0277,12.9299,6.80448,19.7089,9.42814,7.5807,3.78551,14.5298,19.4956,6.67554,10.0325,15.6752,14.1959,3.69474,13.3331,2.78968,9.55753,12.4535,16.4526,8.65654,16.7617,11.1337,2.88674,12.8009,11.4299,10.7159,20.0624,4.85148,17.0465,19.8702,13.4229,17.7646,17.2677
0.233333,17.9541,6.15859,4.68803,6.3302,9.06768,7.2087,15.1976,3.63242,16.0006,9.40148,9.20113,13.0463,12.9342,6.8212,19.7221,9.50972,7.51513,3.80498,14.477,19.5198,6.67052,10.0328,15.6609,14.2269,3.10399,13.5165,2.80493,9.66894,12.4136,16.4367,8.65088,16.8105,11.2003,3.59016,12.7477,11.4918,10.6503,20.0626,4.8109,17.01,19.8655,13.481,17.737,17.3536
0.25,17.7987,6.41174,4.60846,6.43821,9.07185,7.13147,14.909,3.48323,16.0061,9.72207,9.09423,13.1421,13.1574,6.8781,19.7606,9.62433,7.36713,3.85696,14.4858,19.5194,6.65588,10.059,15.6619,14.2372,3.11787,13.5969,2.84211,9.74348,12.4746,16.3857,8.71973,16.9482,11.0072,4.00918,12.6248,11.6454,10.6409,20.2371,4.86511,17.0811,19.8437,13.5814,17.7399,17.3512
0.266667,17.6515,6.48528,4.59922,6.46852,9.02144,7.13825,14.9038,3.48358,15.9826,9.82141,9.07412,13.1739,13.2923,6.84109,19.7478,9.58263,7.34758,3.85875,14.5671,19.4883,6.65752,10.0776,15.6644,14.2325,3.14452,13.6319,2.85447,9.79274,12.5059,16.3723,8.73064,16.9879,11.0314,4.07035,12.5872,11.6774,10.7295,20.2338,4.90194,17.1342,19.8908,13.5077,17.807,17.289
0.283333,17.2095,6.39956,4.5837,6.48986,8.94492,7.18837,14.8629,3.5196,15.9641,9.97009,9.05357,13.2642,13.1762,7.09591,19.6713,9.32024,7.32193,3.85745,14.6647,19.4547,6.69937,10.1744,15.6717,14.2042,3.10548,13.6242,2.85877,9.82234,12.5211,16.3831,8.70789,17.069,11.09,4.1965,12.5609,11.6888,10.8405,20.2497,4.88429,17.1574,19.9436,13.214,17.8846,17.2153
0.3,17.1855,6.28261,4.57562,6.51387,8.81873,7.27557,14.7359,3.46874,15.9506,9.87365,9.11851,13.3404,12.6053,7.86945,19.638,9.20686,7.30398,3.87044,14.759,19.4128,6.7448,10.3451,15.6777,14.1763,3.11731,13.6498,2.86778,9.86159,12.5274,16.3829,8.72561,17.1514,10.9705,4.2668,12.5325,11.6001,10.9455,20.2837,4.90942,17.1858,19.9833,13.0781,17.9352,17.1472
0.316667,17.286,5.99602,4.52457,6.59363,8.47748,7.42097,14.5317,3.39121,15.8578,9.54264,9.27265,13.4167,12.1836,7.9975,19.563,9.02791,7.24627,3.88009,14.8376,19.3934,6.72156,10.6979,16.1268,13.8926,3.10212,13.7172,2.8461,9.93773,12.4815,16.4434,8.73544,17.238,10.8877,4.63389,12.6738,11.7509,11.0384,20.3126,4.93645,17.2469,19.9514,12.8959,18.013,17.0687
0.333333,17.2417,5.87237,4.45785,6.66746,8.01049,7.5597,14.4149,3.32522,15.8163,9.4274,9.37248,13.4991,11.8209,8.10436,19.5032,8.90273,7.15597,3.89989,14.967,19.3068,6.64203,11.0563,16.2099,13.7918,3.05992,13.7902,2.81865,10.0134,12.4896,16.4478,8.80012,17.3122,10.8758,4.52636,12.7003,11.7278,11.1816,20.3064,4.9923,17.2767,20.0194,12.7393,18.0936,16.9754
0.35,17.3625,5.63493,4.36487,6.78401,7.80236,7.69963,14.3167,3.29995,15.7344,9.13496,9.49453,13.4936,11.6752,8.10436,19.4482,8.78236,7.00871,3.93273,15.0294,19.2755,6.58287,11.2673,16.2367,13.7704,3.05977,13.9337,2.78696,10.1599,12.5855,16.4602,8.86859,17.3077,10.8464,4.45502,12.7339,11.6136,11.255,20.3283,5.07485,17.3817,20.0115,12.648,18.11,16.9395
0.366667,17.4705,5.36978,4.24286,6.97978,7.69382,7.79167,14.193,3.28108,15.6495,8.79412,9.66078,13.4142,11.6006,8.00327,19.3947,8.62147,6.79506,4.00731,15.0463,19.2825,6.56593,11.4296,16.2696,13.7231,3.05903,14.1932,2.76606,10.3966,12.7292,16.4194,8.98927,17.2445,10.7057,4.39068,12.8269,11.4404,11.2627,20.3533,5.2029,17.5647,20.0193,12.4569,18.0995,16.9324
0.383333,17.4422,5.26512,4.18023,7.10917,7.72688,7.87567,14.1251,3.25389,15.6253,8.67613,9.76493,13.3469,11.5584,7.39468,19.367,8.48862,6.64013,4.09381,15.0698,19.2756,6.54813,11.4622,16.3098,13.7244,3.07977,14.3481,2.75135,10.5755,12.8317,16.3437,9.06396,17.1877,10.5772,3.84646,12.9524,11.4293,11.2841,20.3563,5.32149,17.6604,20.0306,12.3222,18.1223,16.9337
0.4,17.2761,5.12385,4.17978,7.09901,8.04091,7.78772,13.875,3.19569,15.3822,8.54551,9.76143,13.2726,11.9313,6.47035,19.309,8.30907,6.63421,4.03654,15.0535,19.2867,6.57319,11.2657,16.3631,13.6713,3.22493,14.3532,2.76615,10.585,12.8764,16.2847,9.0828,17.1484,10.2791,3.10438,12.9901,11.447,11.2598,20.3597,5.36006,17.7103,20.0513,12.1237,18.0906,16.9101
0.416667,17.2949,5.12489,4.18068,7.11338,8.37059,7.69266,13.8919,3.18413,15.5589,8.64481,9.74474,13.1746,12.2522,6.60014,19.3227,8.30379,6.63086,4.02645,15.0368,19.3043,6.56418,11.0831,16.3872,13.6814,3.79124,14.2432,2.78915,10.6389,12.9634,16.2149,9.1582,17.0827,10.2312,3.15348,13.0339,11.4549,11.2329,20.3573,5.47091,17.8065,20.069,12.0982,18.1297,16.9817
0.433333,17.1497,5.26836,4.12784,7.15985,8.87112,7.37353,13.8189,3.18934,15.6131,9.16985,9.39653,13.0934,12.5488,6.75738,19.3025,8.32382,6.52553,4.06346,14.9695,19.3273,6.52169,10.4812,16.3239,13.6315,4.4577,14.0557,2.77745,10.7346,13.0292,16.1286,9.1582,17.004,10.0357,3.11611,12.8791,11.762,11.1504,20.329,5.50286,17.8502,20.0419,12.1155,18.0616,17.0101
0.45,17.0781,5.31378,4.13525,7.17537,9.22656,7.05418,13.8099,3.15518,15.829,9.95132,8.78534,13.0584,12.857,7.2813,19.3391,8.3214,6.50088,4.07944,14.9807,19.3295,6.42928,9.86527,16.2454,13.7253,4.78718,14.0286,2.7631,10.6643,13.0361,16.1318,9.14948,16.8265,9.94402,3.11801,12.4654,12.2886,11.1483,20.2159,5.56046,17.873,19.929,12.1374,18.0791,17.025
0.466667,16.9562,5.45438,4.14977,7.13806,9.18501,7.01504,13.8215,3.12827,15.9411,10.0415,8.56402,13.1732,12.8215,7.54369,19.3412,8.34084,6.49876,4.02601,14.9605,19.3105,6.38132,9.82722,15.9393,13.8647,4.68557,14.0196,2.7695,10.6168,13.0597,16.059,9.19178,16.898,9.90615,2.99871,12.2695,12.328,11.1314,20.1785,5.5621,17.8522,19.5203,12.1508,18.0465,17.0082
0.483333,16.4499,5.93738,4.13454,7.19835,9.1827,7.01891,13.7874,3.1272,16.0081,10.0313,8.36228,13.3242,12.8573,7.67811,19.3311,8.37237,6.43501,4.08692,14.9416,19.3375,6.38136,9.86434,15.9274,13.8909,4.47144,14.0562,2.79248,10.7246,13.05,16.0544,9.15723,16.9443,9.84647,2.96294,12.1118,12.4159,11.1192,20.2405,5.53722,17.8506,19.4731,12.1272,18.0152,17.0469
0.5,16.2576,6.18044,4.1513,7.14961,9.18605,6.99855,13.8208,3.14759,16.0054,9.89532,8.1929,13.3929,12.9244,7.6682,19.3046,8.36705,6.41863,4.08416,14.9501,19.3282,6.3506,9.86855,15.896,13.8791,4.30727,14.0912,2.729,10.7199,13.0242,16.0774,9.13757,16.9439,9.89208,2.9045,11.9321,12.4827,11.1282,20.2665,5.5198,17.8274,19.4326,12.0761,18.0124,17.0354
0.516667,16.3601,6.05731,4.1278,7.18029,9.25664,6.87977,13.7764,3.13037,15.9938,9.88679,8.05529,13.4232,13.0459,7.50802,19.2894,8.36023,6.36788,4.12151,14.9782,19.3144,6.4419,9.8229,15.9204,13.8336,4.21631,14.2273,2.70845,10.8014,13.061,16.0667,9.17179,16.8366,9.87838,2.81644,11.8127,12.4839,11.1666,20.2676,5.58421,17.8944,19.4473,12.0469,18.027,17.0047
0.533333,16.5458,5.88309,4.05173,7.33522,9.32564,6.68727,13.7681,3.13515,15.9223,9.85916,7.76445,13.4837,13.1841,7.28439,19.283,8.37256,6.21425,4.22711,14.9628,19.3185,6.59087,9.75722,16.08,13.7342,3.99272,14.582,2.78415,10.9604,13.1875,15.9914,9.30199,16.7272,9.86881,3.01952,11.5363,12.4877,11.1481,20.2397,5.76491,18.0731,19.6994,12.0695,18.0139,17.0209
0.55,16.8523,5.38546,3.93798,7.54522,9.26618,6.56634,13.7439,3.13367,15.6925,9.94488,7.52645,13.5134,13.1015,7.13021,19.2644,8.28026,6.03817,4.34395,14.9015,19.3513,6.66661,9.77051,16.2514,13.642,3.96111,15.0149,3.15545,11.265,13.366,15.9026,9.47353,16.6181,9.8668,2.91253,11.2625,12.2006,11.0661,20.2324,6.06029,18.3167,19.9047,11.9767,17.9773,17.0875
0.566667,17.0915,5.03751,3.7759,7.75172,9.21427,6.47493,13.7387,3.18213,15.4927,9.9502,7.56566,13.4147,13.1162,6.97934,19.2325,8.1165,5.99297,4.41741,14.8385,19.3722,6.76126,9.73164,16.3228,13.5732,3.99938,15.3822,3.08224,11.6692,13.4727,15.8548,9.59715,16.5611,9.89793,2.79803,10.9528,11.6448,10.9969,20.2365,6.34111,18.5229,19.9394,11.8332,17.9138,17.1161
0.583333,17.0154,4.94781,3.64703,8.05428,9.26778,6.43609,13.6554,3.1148,15.7275,9.8554,7.8037,13.2107,13.1785,6.92829,19.1955,8.00443,5.97625,4.49285,14.7608,19.4097,6.88912,9.61115,16.3958,13.5141,4.00527,15.6206,2.65568,12.0844,13.5717,15.8315,9.70059,16.5113,9.84427,2.69917,10.8272,10.9855,10.9177,20.2417,6.53934,18.6413,19.9331,11.6855,17.8749,17.1899
0.6,16.8235,4.77054,3.55187,8.26648,9.64876,6.64527,13.3809,3.0033,15.9462,9.91621,7.95096,13.048,13.5689,6.74904,19.1429,7.84715,5.93693,4.54587,14.709,19.4087,6.94609,9.44382,16.5214,13.6163,4.15461,15.639,2.72684,12.1006,13.6078,15.8092,9.73115,16.4415,9.51847,2.86146,11.0768,10.4338,10.857,20.2,6.63615,18.6836,19.9122,11.5099,17.8331,17.2088
0.616667,16.8897,4.80591,3.59194,8.27512,9.68282,6.8011,13.2537,2.95148,15.5356,10.0227,7.73615,13.1369,13.5371,6.7187,19.1644,7.77923,5.61929,4.8481,14.6757,19.4316,6.90978,9.48284,16.6297,13.6505,4.55685,15.5754,2.75526,12.1291,13.6897,15.8058,9.7758,16.4322,9.14587,3.14745,11.7064,10.0669,10.8166,20.1756,6.81636,18.7768,19.9283,11.4169,17.8066,17.2647
0.633333,16.8318,4.77802,3.56756,8.43776,9.74396,6.88841,13.468,3.03888,15.7484,10.0454,7.45623,13.3544,13.6131,6.73232,19.1498,7.7722,5.24475,5.11868,14.5921,19.4795,6.88919,9.50712,16.6889,13.7314,4.36744,15.8726,2.76096,12.1884,13.7335,15.839,9.76891,16.3824,8.73883,3.24244,11.8718,10.1482,10.7258,20.1329,6.92125,18.863,19.9103,11.3839,17.7556,17.3485
0.65,16.8615,4.7934,3.55871,8.58278,9.83902,6.93544,13.4862,3.0864,16.1423,10.0451,7.06873,13.4576,13.6993,6.92248,19.1614,7.77395,5.14802,5.23522,14.5201,19.5368,7.01668,9.56934,16.7263,13.7831,4.05043,16.1937,2.81184,12.3112,13.7236,15.8783,9.78492,16.3776,8.65904,3.36532,12.209,10.4577,10.682,20.1508,6.9529,18.8805,19.9109,11.4307,17.6966,17.4373
0.666667,16.7228,4.67161,3.55463,8.51468,9.83861,6.72693,13.3025,3.04963,16.2742,10.1007,6.5711,13.2593,13.7172,7.02659,19.081,7.609,5.21601,5.20465,14.3703,19.5872,7.13777,9.47908,16.7564,13.863,4.02068,16.2994,2.83113,12.3159,13.743,15.8941,9.74918,16.3174,8.70606,3.42074,12.3302,10.8178,10.5227,20.0501,7.01136,18.9098,19.8762,11.4239,17.5973,17.5409
0.683333,16.672,4.62067,3.62228,8.33961,9.95824,6.66798,13.1977,3.03524,16.4231,10.1487,6.54187,13.1467,13.8012,7.06542,19.0798,7.58655,5.36401,5.05959,14.2348,19.6197,7.2291,9.38745,16.9413,13.9054,3.9321,16.1772,2.73996,12.1163,13.7802,15.8648,9.83537,16.3715,8.8464,3.39959,12.6161,11.693,10.4067,20.0053,6.89515,18.7947,19.8518,11.2864,17.4731,17.6379
0.7,16.5967,4.57469,3.66468,8.23423,10.0659,6.62859,13.0894,3.12511,16.4984,10.3095,6.51853,13.1102,13.9094,7.13549,19.0645,7.54555,5.47683,4.98962,14.0877,19.6747,7.36311,9.36179,17.1787,13.9947,3.84512,16.0207,2.72043,12.0465,13.7998,15.9314,9.7609,16.3145,8.93799,3.39606,12.7219,12.1084,10.313,19.9939,6.75794,18.7211,19.7967,11.1479,17.3573,17.7532
0.716667,16.4544,4.47084,3.70969,8.18434,10.306,6.5692,12.8141,3.36869,16.3466,10.7542,6.5176,13.036,14.0724,7.37212,18.9385,7.32036,5.65552,5.04439,13.9649,19.7331,7.52701,9.3173,17.7134,14.1326,3.83094,15.8908,2.69996,11.9922,13.7645,15.9947,9.80801,16.2433,9.08831,3.42045,12.6551,12.1695,10.2419,20.011,6.66084,18.6483,19.7665,10.914,17.2767,17.8663
0.733333,16.4213,4.44291,3.65676,8.28811,10.6049,6.41874,12.7448,3.49707,16.0081,11.7535,6.81871,13.0421,14.0004,8.34594,18.9061,7.28086,5.64379,5.14649,13.824,19.7989,7.9666,9.31741,18.3702,14.4287,3.7191,15.8339,3.06037,12.1082,13.7453,16.0656,9.87894,16.2292,9.00554,3.46971,12.1411,12.4007,10.1259,20.0544,6.54764,18.6115,19.8005,10.9185,17.1808,17.9815
0.75,16.421,4.47978,3.65849,8.25628,10.9323,6.28887,12.8742,3.10789,15.4683,12.5853,6.9908,12.9794,13.5075,9.31324,18.9796,7.49674,5.82769,5.26054,13.7889,19.8253,8.77874,9.46728,19.2865,14.9648,3.66826,15.8885,3.34148,12.033,13.7528,16.0786,9.65758,16.2714,9.044,3.4533,11.5758,12.7955,10.1091,20.1565,6.51521,18.6359,19.8138,11.1615,17.1952,18.0209
0.766667,16.5598,4.57115,3.72098,8.155,11.2015,6.20721,13.139,3.00621,15.387,12.7117,7.55214,13.007,13.1418,9.66264,18.9549,7.58759,6.16335,5.41565,13.7096,19.8571,9.51468,9.71254,19.2773,15.0555,3.62227,15.8196,3.89409,11.8692,13.7545,16.0896,9.59026,16.2788,9.13537,3.35735,11.3933,12.7951,10.0227,20.2284,6.44391,18.5647,19.8384,11.2347,17.138,18.0659
0.783333,16.6657,4.63188,3.76001,8.01939,11.289,6.21444,13.2214,3.01024,15.4219,12.7401,7.6717,12.9151,13.3426,9.65028,18.7158,7.80876,6.32878,5.42816,13.5441,19.8752,9.60832,9.69608,19.2141,15.1833,3.54813,15.6775,4.08737,11.6506,13.7451,16.0849,9.65676,16.1533,9.26268,3.15721,11.6241,12.8326,9.83206,20.2507,6.3054,18.4498,19.8427,11.3779,16.9994,18.1532
0.8,16.7427,4.68922,3.82222,7.88513,11.3511,6.2491,13.3289,3.02897,15.4818,12.7058,7.71072,12.9293,13.4946,9.64395,18.12,8.22124,6.60279,5.57435,13.3835,19.9055,9.58162,9.7084,19.1419,15.3156,3.48457,15.5614,4.22093,11.4947,13.6742,16.0547,9.77133,16.0856,9.40521,3.02553,11.7469,12.8204,9.62347,20.2535,6.16168,18.3447,19.8457,11.5287,16.8804,18.2467
0.816667,16.8662,4.80215,3.90075,7.74874,11.4669,6.20405,13.4904,3.08271,15.7254,12.784,7.53159,12.939,13.7007,9.56163,17.4548,8.56778,6.84231,5.66516,13.2237,19.9514,9.58888,9.58669,19.1058,15.472,3.44275,15.4388,4.14035,11.3451,13.6838,16.0288,9.69146,16.1647,9.56062,2.90566,11.6925,12.8619,9.4134,20.2485,6.03828,18.2589,19.852,11.7138,16.7598,18.3398
0.833333,17.0113,4.9554,3.99048,7.53807,11.48,6.33474,13.6468,3.21707,15.967,12.8926,6.87795,13.2522,13.9094,9.36485,17.7193,8.78764,7.12779,5.78315,13.0566,19.9934,9.49245,9.54096,19.0283,15.5731,3.40968,15.2797,3.81448,11.1519,13.6384,16.0286,9.58036,16.1004,9.71872,2.863,11.7107,12.8415,9.18102,20.1613,5.88841,18.1547,19.7942,11.806,16.6289,18.3986
0.85,17.1109,4.9802,4.1036,7.36549,11.6422,6.31988,13.8062,3.19221,16.0086,12.9636,6.7922,13.0658,14.1644,9.18422,18.0237,8.81192,7.39099,5.89508,12.8426,20.0537,9.49885,9.46959,18.9333,15.7584,3.4246,15.041,3.7259,10.9432,13.6198,16.023,9.34604,15.9954,9.86136,2.81719,11.6433,12.8519,8.92079,20.0646,5.73836,18.0102,19.8098,12.0108,16.4667,18.541
0.866667,17.2438,5.07597,4.14851,7.25274,11.8894,6.46707,13.9632,3.24168,16.1718,13.0671,6.89172,12.8364,14.4764,9.44382,18.3029,8.91934,7.58465,6.17564,12.6079,20.0792,9.53318,9.36328,18.8491,15.9879,3.40848,14.7269,2.83827,10.7939,13.6144,15.9623,8.96771,15.9677,10.018,3.00406,11.4762,12.8824,8.66369,19.9848,5.57572,17.834,19.799,12.2558,16.286,18.675
0.883333,17.3295,5.12009,4.22707,7.13844,12.2831,6.57173,14.1194,3.20395,16.1835,13.2157,6.34915,12.2151,14.5048,9.75975,18.2261,8.99184,7.69453,6.23316,12.4173,20.0989,9.72278,9.27515,18.7754,16.1602,3.3841,14.555,2.87007,10.6493,13.5282,16.0092,8.61987,15.9151,10.2347,3.10108,11.326,12.9564,8.47573,19.8664,5.45654,17.7056,19.8185,12.4757,16.131,18.7738
0.9,17.3694,5.15502,4.37116,6.94229,12.4187,6.67245,14.1803,3.21742,16.1195,13.3306,6.53848,11.6901,14.1002,10.0367,17.7578,8.98614,7.84875,6.1371,12.2663,20.1075,9.7742,9.28569,18.7259,16.313,3.36509,14.3322,2.90131,10.436,13.4563,16.0614,8.45771,15.7203,10.2553,2.85209,11.4088,12.8971,8.33294,19.6976,5.34145,17.5624,19.8625,12.6392,16.0024,18.8758
0.916667,17.3222,5.10289,4.4504,6.81279,12.501,6.68787,14.0966,3.18007,16.153,13.3841,6.62997,11.4081,14.0054,10.1718,17.5313,8.94756,7.93536,6.04551,12.0922,20.1129,9.80611,9.26677,18.6425,16.4391,3.31361,14.1664,2.92892,10.2888,13.4366,16.0339,8.36187,15.6495,10.2347,2.67896,11.3947,12.8532,8.16624,19.6466,5.21947,17.4527,19.8291,12.8036,15.8609,18.9597
0.933333,17.3932,5.16656,4.5465,6.69699,12.6805,6.73314,14.2011,3.18839,16.1454,13.474,6.59616,11.2592,14.0202,10.28,17.5196,9.01008,8.05905,6.01419,11.9359,20.1408,9.89968,9.23922,18.555,16.6138,3.27728,14.0453,2.98161,10.1535,13.3947,16.0552,8.4035,15.8386,10.3903,2.68597,11.3189,12.8344,8.01236,19.6307,5.13059,17.373,19.8463,12.9449,15.7164,19.0585
0.95,17.459,5.24579,4.6012,6.58101,12.7026,6.76256,14.3099,3.22985,16.0723,13.5259,6.53886,11.213,14.0306,10.3176,17.5144,9.10935,8.11583,5.95663,11.7705,20.1494,9.92887,9.23579,18.4468,16.7031,3.19084,13.9067,2.9763,9.99995,13.2949,16.084,8.33946,15.833,10.5334,2.71903,11.2499,12.8071,7.84894,19.5669,4.99201,17.2751,19.7975,13.0883,15.5596,19.1199
0.966667,17.5427,5.35068,4.65198,6.49425,12.5837,6.70507,14.4401,3.28892,16.0027,13.4626,6.57065,11.3826,13.9894,10.3206,17.4798,9.22928,8.18006,5.91146,11.6375,20.162,9.88992,9.25936,18.2856,16.7128,3.14319,13.7866,2.96838,9.93091,13.2786,16.0747,8.24823,15.8059,10.6989,2.76421,11.1866,12.7812,7.72454,19.4931,4.89438,17.1931,19.766,13.1664,15.4105,19.1891
0.983333,17.647,5.45118,4.72723,6.37666,12.2069,6.48219,14.5714,3.34339,15.9786,13.1602,6.85203,11.9099,13.7409,10.1577,17.5176,9.34589,8.29999,5.86243,11.5169,20.1483,9.85745,9.26662,17.8824,16.5596,3.13653,13.638,2.95118,9.7819,13.3263,16.0315,8.18952,15.6651,10.8441,2.78622,11.1648,12.731,7.60989,19.453,4.79571,17.0941,19.7518,13.2044,15.3052,19.2371
1,17.6782,5.4657,4.7804,6.32018,11.9297,6.27762,14.6128,3.33549,16.0263,12.7012,6.89701,11.9801,13.5159,9.99529,17.6498,9.40074,8.42781,5.86269,11.4419,20.1557,9.74084,9.30535,17.3937,16.268,3.13206,13.5525,2.92921,9.70278,13.404,16.0045,8.18326,15.6298,10.9368,2.8094,11.1852,12.6826,7.54351,19.3883,4.75259,17.0425,19.7505,13.2465,15.2381,19.2093
1.01667,17.6866,5.46789,4.79694,6.3245,11.9648,6.32066,14.6212,3.33935,16.1209,12.6592,6.65514,12.0233,13.452,10.0314,18.0914,9.34783,8.42342,5.86298,11.4702,20.1648,9.73592,9.32482,17.3911,16.2219,3.1734,13.562,2.90719,9.72207,13.4737,15.989,8.18382,15.6489,10.9345,2.84391,11.196,12.7291,7.56849,19.4115,4.76406,17.0604,19.7275,13.2414,15.2699,19.1875
1.03333,17.7126,5.54895,4.77337,6.31713,12.0094,6.36404,14.6895,3.35141,16.0595,12.7341,6.62941,12.0367,13.4411,10.0408,18.9059,9.25597,8.39311,5.85133,11.4549,20.1704,9.80119,9.33882,17.4065,16.2844,3.16874,13.5574,2.8629,9.70721,13.6058,15.9267,8.18553,15.6846,10.9255,2.86021,11.222,12.7569,7.55065,19.4128,4.75531,17.0635,19.6556,13.2591,15.2577,19.1951
1.05,17.8083,5.70794,4.77988,6.27781,11.9989,6.33198,14.9095,3.37482,16.0046,12.8473,6.63339,12.0209,13.5861,9.91327,19.8135,9.39664,8.40261,5.84113,11.4779,20.1591,10.0787,9.28531,17.496,16.3273,3.17679,13.5409,3.01585,9.67136,13.8632,15.8015,8.17518,15.643,10.8026,2.86876,11.2507,12.8131,7.56946,19.3962,4.75829,17.0661,19.6211,13.1737,15.2681,19.1983
1.06667,17.952,5.98854,4.78532,6.2704,12.1102,6.25063,15.1477,3.40833,16.0178,12.7956,6.48349,11.886,13.7608,9.6972,19.8003,9.27913,8.38898,5.8469,11.583,20.1372,10.2433,9.20165,17.6673,16.3147,3.22043,13.5863,3.31996,9.72639,13.8591,15.7768,8.20769,15.695,10.7454,2.87976,11.2386,12.8371,7.66146,19.408,4.8157,17.1317,19.6693,13.161,15.3463,19.1975
1.08333,17.9629,5.97606,4.76171,6.29293,12.113,6.18733,15.1631,3.35419,16.0465,12.8664,6.50166,11.934,14.0352,9.46746,19.7877,9.26081,8.37431,5.78729,11.6512,20.1082,10.1081,9.13686,17.6912,16.3622,3.22775,13.6133,3.37199,9.76116,13.7691,15.7782,8.25315,15.6964,10.7606,2.87817,11.2255,12.809,7.72227,19.4252,4.87189,17.1434,19.7109,13.1979,15.414,19.1336
1.1,17.9891,6.00243,4.74596,6.37525,12.1211,6.2106,15.1038,3.35499,15.9992,12.7878,6.56291,12.0669,14.5225,9.21543,19.7515,9.2855,8.37059,5.7928,11.732,20.1246,10.0509,9.17078,18.3223,16.7157,3.2626,13.6907,3.41806,9.84669,13.7245,15.8012,8.30178,15.7213,10.7698,3.00345,11.2359,12.8472,7.79141,19.4739,4.93519,17.2007,19.744,13.2484,15.5113,19.1783
1.11667,18.0001,6.02938,4.80051,6.32848,12.1022,6.20386,15.0891,3.45083,15.995,12.8161,6.82857,12.1156,14.496,9.27094,19.796,9.34671,8.45324,5.74316,11.7429,20.1322,10.0386,9.17417,18.2836,16.7579,3.28424,13.6503,3.68041,9.85797,13.7166,15.8183,8.27601,15.7101,10.8245,3.04121,11.2517,12.8264,7.80556,19.4444,4.92241,17.1953,19.7675,13.3306,15.5417,19.176
1.13333,18.0071,6.04986,4.80126,6.32186,12.1581,6.2249,15.0783,3.48788,16.004,12.8397,7.20069,11.8758,13.6953,9.78228,19.8258,9.38771,8.46564,5.70243,11.7593,20.1392,10.0887,9.26059,18.2935,16.7727,3.26533,13.6544,3.88061,9.89986,13.7088,15.8193,8.24116,15.5766,10.8381,3.08205,11.2958,12.7446,7.82004,19.4099,4.92655,17.2048,19.8206,13.3878,15.5694,19.1651
1.15,17.9589,5.95521,4.82702,6.27751,12.2027,6.28328,14.7434,3.36289,15.9816,12.9411,7.20464,11.9926,13.5437,9.98762,19.8173,9.44326,8.49785,5.66456,11.7129,20.1408,10.034,9.27586,18.2876,16.7911,3.24687,13.5942,4.04998,9.88754,13.609,15.8599,8.26603,15.6589,10.9385,3.11691,11.2354,12.7213,7.77681,19.4026,4.89803,17.1651,19.8357,13.4276,15.5288,19.1796
1.16667,17.9543,5.95279,4.81987,6.28782,12.0511,6.21593,14.5408,3.37065,15.9429,12.8432,7.08333,11.974,13.4931,9.94376,19.8045,9.55634,8.533,5.66367,11.6598,20.1563,10.0035,9.27262,18.2416,16.8316,3.20828,13.5614,3.99015,9.86713,13.645,15.8474,8.23059,15.6555,10.9036,3.17693,11.2159,12.7286,7.7264,19.3836,4.86258,17.146,19.8444,13.538,15.4918,19.2172
1.18333,17.9261,5.89512,4.86735,6.18089,12.0779,6.16521,14.8788,3.50096,15.9437,12.7745,7.02048,11.8737,13.4925,9.91963,19.7533,9.63446,8.59362,5.54043,11.5688,20.1338,9.96204,9.12245,18.1401,16.9111,3.16983,13.4392,3.97686,9.67657,13.6442,15.8235,8.19153,15.6141,10.9876,3.05955,11.1799,12.7048,7.64273,19.3039,4.8001,17.044,19.8759,13.6318,15.3543,19.2729
1.2,17.9325,5.93559,4.90666,6.17549,12.1826,6.19552,15.0248,3.57589,15.9267,12.8901,7.11047,11.7992,13.5569,9.98602,19.3631,9.83556,8.6281,5.54445,11.4529,20.1709,10.0198,9.12454,18.0892,17.0476,3.12578,13.3445,3.44956,9.52316,13.6425,15.8705,8.15597,15.5907,11.0262,3.07153,11.1611,12.7302,7.53703,19.2894,4.73747,16.9842,19.8801,13.796,15.2377,19.3661
1.21667,18.0234,6.14753,4.91661,6.20274,12.2138,6.23946,15.1895,3.70602,15.9619,12.9565,7.02603,11.8224,13.5705,10.0513,18.5465,10.0962,8.61305,5.5809,11.3645,20.2075,10.0243,9.13135,18.0301,17.1368,3.08886,13.24,3.10774,9.48649,13.6162,15.914,8.12663,15.6129,11.053,3.06589,11.195,12.7092,7.46099,19.2643,4.69447,16.9086,19.9155,13.7555,15.1575,19.4545
1.23333,17.9645,6.07105,4.99338,6.12247,12.2743,6.29051,15.1512,3.63564,15.9585,13.0571,6.64047,11.8905,13.6769,10.1399,17.9784,9.93378,8.67374,5.60514,11.2145,20.2094,10.0946,9.13876,17.9753,17.2724,3.05805,13.109,3.10824,9.38395,13.533,15.9638,8.08869,15.5588,11.1987,2.99949,11.2596,12.7422,7.33157,19.1956,4.62272,16.796,19.9936,13.3333,15.0612,19.5395
1.25,17.8644,5.90938,5.04972,6.01155,12.2203,6.34863,15.0141,3.56901,16.1266,13.1412,6.57605,11.7503,13.7698,10.0953,17.5153,9.78105,8.75171,5.64118,11.0473,20.1938,10.1016,9.23077,17.852,17.4002,3.01439,12.9714,3.12202,9.23762,13.5203,15.9705,7.93841,15.4436,11.0535,2.92507,11.1886,12.8141,7.17995,19.1155,4.51165,16.6591,19.9964,12.8501,14.8962,19.6064
1.26667,17.8757,5.90074,5.07459,5.98422,12.2657,6.4101,15.0145,3.57725,16.1785,13.1772,6.6249,11.693,13.6355,10.1509,17.4529,9.74906,8.8547,5.61136,11.0192,20.2,10.1497,9.24074,17.8308,17.4261,3.01703,12.9546,3.14584,9.20437,13.558,15.9667,7.9377,15.4369,11.0396,2.943,11.2213,12.7944,7.15221,19.0962,4.50554,16.6464,20.0198,12.7247,14.8659,19.6178
1.28333,17.8521,5.85494,5.08178,5.94412,12.2878,6.4365,14.9731,3.54364,16.1749,13.1055,6.39379,11.3603,13.6172,10.123,17.5162,9.71846,8.90966,5.63273,10.9924,20.1759,10.1563,9.23646,17.8167,17.4181,3.01379,12.9095,3.13259,9.25076,13.6037,15.9408,7.85337,15.198,11.0056,2.91048,11.2618,12.783,7.13315,19.0488,4.48633,16.601,20.0296,12.7492,14.8368,19.6085
1.3,17.8558,5.84064,5.08606,5.96486,12.2893,6.47195,14.9639,3.55245,16.127,13.054,6.33768,11.2553,13.6295,10.0894,17.5447,9.71317,8.96082,5.69372,11.0189,20.1994,10.1207,9.26465,17.8155,17.4433,3.02732,12.9667,3.13208,9.30348,13.6542,15.9427,7.75451,14.8189,11.0186,2.97255,11.3118,12.8101,7.15731,19.086,4.50785,16.6431,20.0496,12.7569,14.8501,19.6089
1.31667,17.8378,5.85647,5.07991,5.95719,12.285,6.46837,14.955,3.55212,16.0654,13.0102,6.49838,11.0986,13.7502,10.0516,17.6578,9.74255,8.94987,5.73531,10.9973,20.2042,10.0369,9.26055,17.801,17.4832,3.00204,12.9413,3.06564,9.28096,13.6279,15.9451,7.64769,14.6016,11.0146,2.98627,11.2995,12.811,7.13531,19.0733,4.4781,16.6456,20.0501,12.8718,14.8297,19.5969
1.33333,17.8403,5.87155,5.06264,5.91656,12.2624,6.41468,14.9638,3.54376,16.0354,13.0061,6.56339,11.0165,13.7228,10.0138,17.6435,9.77688,8.93103,5.75925,10.9685,20.1821,10.0246,9.22674,17.7699,17.4767,2.97277,12.9135,3.04943,9.24912,13.5788,15.9341,7.61027,14.5148,11.0311,2.98946,11.2718,12.7764,7.11483,19.0491,4.45502,16.6114,20.0289,12.8721,14.7892,19.564
1.35,17.8537,5.89415,5.06744,5.91444,12.3433,6.43929,14.9714,3.56387,16.0629,13.0811,6.5549,11.0484,13.6946,10.1299,17.5847,9.80305,8.89704,5.81655,10.9519,20.2023,10.0326,9.26793,17.7642,17.5078,2.98093,12.8993,3.05452,9.24391,13.5682,15.9551,7.61246,14.5179,11.0494,2.99597,11.2751,12.795,7.11152,19.0194,4.44366,16.5976,20.0422,12.8283,14.7587,19.5749
1.36667,17.8931,5.9338,5.12292,5.88786,12.4241,6.4753,15.0373,3.58871,16.0819,13.0778,6.55818,11.0485,13.7643,10.1465,17.5919,9.84248,8.90195,5.8275,10.944,20.2032,10.033,9.2728,17.7667,17.5297,2.99846,12.8729,3.06515,9.20906,13.5642,15.9684,7.62054,14.4761,11.1159,3.01513,11.2942,12.7893,7.12894,18.9844,4.45431,16.5627,20.0722,12.8458,14.7741,19.5795
1.38333,17.9301,5.95912,5.16432,5.84202,12.4222,6.42593,15.1005,3.59867,16.0716,13.0656,6.54195,11.0082,13.7874,10.1055,17.6555,9.8719,8.89443,5.79228,10.8964,20.1804,10.0244,9.24097,17.7439,17.5386,3.01085,12.8126,3.08153,9.16121,13.5427,15.9593,7.64571,14.436,11.1875,3.03635,11.2981,12.7441,7.12406,18.934,4.45047,16.4948,20.0715,12.9417,14.7375,19.5666
1.4,17.9207,5.96772,5.17166,5.81916,12.4549,6.45746,15.0897,3.56858,16.0907,13.0958,6.49019,10.9788,13.8276,10.1431,17.5901,9.8897,8.84528,5.77932,10.8732,20.1715,10.009,9.22053,17.7342,17.5249,2.99654,12.7846,3.07377,9.12044,13.5083,15.9563,7.64043,14.3721,11.2123,3.06701,11.2794,12.7129,7.14074,18.8937,4.43007,16.471,20.0579,12.8986,14.728,19.5519
1.41667,17.9661,6.00928,5.2166,5.80564,12.4928,6.44086,15.1572,3.61037,16.11,13.1111,6.45594,10.9887,13.8698,10.1635,17.6332,9.93337,8.84186,5.75992,10.8609,20.1759,10.0201,9.21014,17.7413,17.5392,3.00723,12.7645,3.10651,9.10398,13.4973,15.975,7.75313,14.5953,11.286,3.09347,11.2746,12.7019,7.17202,18.8968,4.42873,16.448,20.0717,12.9634,14.7202,19.5704
1.43333,17.9232,5.93887,5.21388,5.77802,12.4906,6.46659,15.096,3.57253,16.1385,13.088,6.64881,11.2179,13.7272,10.1669,17.4595,9.84513,8.81896,5.79883,10.8459,20.1701,10.0879,9.27977,17.7236,17.5425,2.99642,12.7421,3.08335,9.05599,13.5306,15.9672,7.89492,15.328,11.2426,3.08732,11.1564,12.7646,7.20077,18.8646,4.41268,16.4377,20.0826,12.7435,14.6974,19.5435
1.45,17.8784,5.88577,5.16883,5.82564,12.4692,6.4791,15.0337,3.539,16.115,13.0212,6.73959,11.4599,13.7917,10.206,17.4488,9.79501,8.80351,5.79112,10.8806,20.1832,10.0987,9.31056,17.6723,17.4146,2.99003,12.8013,3.00449,9.10618,13.5758,15.959,7.88349,15.3513,11.2232,3.11507,11.1649,12.7754,7.22165,18.8931,4.41611,16.4951,20.0743,12.6962,14.7169,19.5373
1.46667,17.8858,5.91962,5.17222,5.81216,12.3803,6.45657,15.0344,3.56978,16.1412,13.0853,6.87117,11.6352,13.7782,10.2041,17.4096,9.82908,8.86137,5.77381,10.8707,20.1982,10.0807,9.33565,17.6702,17.4279,2.98083,12.8055,2.99151,9.10801,13.5523,15.9671,7.87452,15.35,11.2589,3.11629,11.1473,12.7972,7.23148,18.9135,4.41499,16.5035,20.0769,12.6971,14.712,19.543
1.48333,17.8566,5.87736,5.14381,5.80762,12.4038,6.47641,14.982,3.55116,16.1464,13.0292,6.92773,11.6307,13.8017,10.2713,17.4246,9.78957,8.85522,5.78513,10.8817,20.2021,10.084,9.31022,17.6805,17.4398,2.97048,12.8258,2.96086,9.12867,13.5775,15.9625,7.86584,15.3718,11.1993,3.11001,11.1256,12.811,7.22493,18.9239,4.41026,16.5336,20.0723,12.668,14.7167,19.5404
1.5,17.8448,5.85852,5.12169,5.81946,12.3172,6.44637,14.9729,3.53676,16.1636,13.0433,6.73568,11.6028,13.7327,10.266,17.3723,9.76608,8.90512,5.77776,10.9119,20.1873,10.0317,9.32359,17.6824,17.3951,2.95539,12.8267,2.93125,9.10626,13.5787,15.9521,7.86141,15.4079,11.1916,3.12512,11.1292,12.8197,7.26473,18.933,4.41666,16.5538,20.0707,12.6092,14.7342,19.5341
1.51667,17.8519,5.84247,5.12817,5.83871,12.3219,6.44034,14.9553,3.51553,16.1795,13.0736,6.50162,11.6791,13.6753,10.2134,17.3588,9.75085,8.94537,5.77988,10.951,20.1911,10.0207,9.29809,17.7018,17.3674,2.93378,12.8422,2.94371,9.08332,13.5956,15.9507,7.88308,15.4306,11.1773,3.12691,11.1759,12.7733,7.32267,18.9604,4.44943,16.5738,20.0946,12.5494,14.7643,19.5284
1.53333,17.8476,5.81223,5.09998,5.86075,12.3184,6.46472,14.9415,3.51023,16.1758,13.0614,6.50393,11.6258,13.6252,10.201,17.3461,9.72978,8.93152,5.78636,10.9887,20.1877,9.96964,9.28762,17.6887,17.3033,2.89425,12.8698,2.9783,9.09222,13.6288,15.9334,7.90017,15.4152,11.1497,3.12438,11.2047,12.7517,7.36437,19.0363,4.47367,16.6007,20.1029,12.5114,14.7943,19.4928
1.55,17.8095,5.71066,5.07265,5.92487,12.3104,6.42529,14.8631,3.47494,16.141,12.9321,6.57415,11.6885,13.7507,10.1337,17.4956,9.68361,8.91223,5.82232,11.0261,20.1849,10.1445,9.26804,17.7355,17.3133,2.83859,12.941,3.03712,9.13102,13.6798,15.9049,7.93551,15.4325,11.1048,3.12083,11.2043,12.7819,7.41859,19.0954,4.51701,16.628,20.1139,12.5927,14.8202,19.4953
1.56667,17.8135,5.68374,5.05199,5.97443,12.3424,6.40958,14.8317,3.46226,16.0996,12.8402,6.64758,11.7332,13.895,10.0224,17.6528,9.67538,8.85094,5.86604,11.0905,20.1988,10.123,9.23836,17.8379,17.3687,2.829,13.0136,3.08007,9.18579,13.7254,15.8946,7.96879,15.446,11.0556,3.13324,11.2222,12.8317,7.46963,19.1662,4.5576,16.6647,20.1203,12.7358,14.8861,19.4949
1.58333,17.8273,5.73531,5.03207,5.99181,12.3284,6.40191,14.8584,3.4978,16.0199,12.9442,6.62155,11.7362,14.274,9.75014,18.0391,9.6676,8.78146,5.85505,11.0784,20.2137,10.0128,9.19927,17.857,17.404,2.78426,13.056,3.07376,9.2133,13.6084,15.9373,7.94407,15.4712,11.067,3.15315,11.1693,12.847,7.44819,19.2162,4.53548,16.6746,20.0622,13.0365,14.8953,19.5087
1.6,17.9003,5.887,5.08881,5.93235,12.3551,6.42708,14.9618,3.51326,15.958,12.9476,6.60968,11.5655,14.8413,9.35159,18.836,9.55742,8.7793,5.81514,11.0208,20.2029,9.98732,9.18683,17.8315,17.4405,2.75739,13.0105,3.14428,9.15187,13.6075,15.9389,7.89168,15.3684,11.1751,3.1579,11.1853,12.8378,7.38169,19.2359,4.51977,16.6054,20.0157,13.3054,14.8464,19.5342
1.61667,18.0664,6.1686,5.23805,5.77798,12.5179,6.42943,15.3028,3.55752,15.959,12.9594,6.63749,11.5464,15.1756,9.17994,19.8521,9.4796,8.90352,5.77258,10.8393,20.1801,10.1169,9.23523,17.7055,17.5527,2.75183,12.7913,3.24219,8.95751,13.6567,15.9507,7.83356,15.3938,11.4462,3.12227,11.1708,12.8811,7.18974,19.1587,4.43297,16.3925,20.0268,13.4015,14.6914,19.5773
1.63333,18.191,6.36609,5.38177,5.62003,12.6144,6.43095,15.5425,3.60232,15.9234,13.0615,6.58544,11.3059,15.2327,9.22656,19.9073,9.72669,9.02382,5.65738,10.6647,20.1724,10.2124,9.20612,17.5969,17.7001,2.73503,12.5541,3.28766,8.77327,13.5853,16.0006,7.71344,15.1392,11.5201,3.1371,11.1789,12.8596,7.0197,19.0136,4.30712,16.1872,19.9633,13.658,14.5318,19.6487
1.65,18.534,6.77455,5.4578,5.58574,12.6715,6.41684,15.8704,3.80968,15.9281,13.1891,6.64002,11.1214,15.0751,9.42025,19.9937,10.4277,9.1204,5.58779,10.6315,20.1939,10.3625,9.15693,17.578,17.7569,2.84164,12.4904,3.33293,8.68752,13.5057,16.0536,7.66519,14.9869,11.5529,3.08963,11.1831,12.8419,6.98004,18.9926,4.28076,16.1567,19.779,14.2529,14.4834,19.7033
1.66667,18.5939,6.78762,5.48871,5.55271,12.7697,6.42414,15.9385,3.9413,15.9023,13.1783,6.39305,10.7728,15.1105,9.39333,20.0686,10.778,9.1856,5.56604,10.5696,20.1629,10.4078,9.14602,17.5443,17.7442,2.84445,12.4236,3.34149,8.72245,13.5131,16.0386,7.7363,15.2216,11.5206,3.04364,11.1468,12.8688,6.85814,19.0633,4.28735,16.102,19.6328,14.5374,14.4302,19.7028
1.68333,18.6589,6.88141,5.51909,5.50059,12.8076,6.41464,16.0215,4.06935,15.9424,13.1092,6.3913,10.7807,15.1646,9.32977,20.0547,10.8738,9.25124,5.66471,10.439,20.156,10.5391,9.18932,17.4424,17.8151,2.75897,12.3509,3.35352,8.66987,13.6218,16.0475,7.67941,15.2203,11.4097,3.0362,11.1506,12.9395,6.72305,19.0431,4.21195,16.0238,19.6126,14.6475,14.3124,19.7517
1.7,18.9077,7.26563,5.62215,5.4161,12.8952,6.21313,16.3793,4.33732,16.0518,12.967,6.43296,10.7804,15.0258,9.23706,20.0399,11.0155,9.35617,6.10046,10.3136,20.1738,11.2026,9.28561,17.3474,17.9359,2.73159,12.2166,3.37551,8.54175,13.92,16.0996,7.61853,15.1368,10.9162,3.09477,11.2391,13.1138,6.57252,18.9733,4.12851,15.9104,19.5442,14.8006,14.1948,19.8219
1.71667,18.9767,7.40429,5.75262,5.28273,12.8329,6.13993,16.4697,4.4507,15.9787,12.8941,6.40009,10.6313,15.2363,9.13184,20.0048,11.0417,9.41571,6.36732,10.2098,20.1623,11.3648,9.37307,17.2633,18.0329,2.71189,12.0356,3.37069,8.37852,14.0365,16.1339,7.49257,14.8408,10.723,3.14533,11.3187,13.2394,6.54102,18.6738,4.03274,15.7582,19.4013,14.8468,14.0762,19.8301
1.73333,18.8744,7.24303,5.89891,5.14794,12.7453,6.12105,16.3273,4.3394,15.653,12.6989,6.49418,10.5019,15.4677,8.85385,19.6464,10.9413,9.34645,6.71512,10.1621,20.1413,11.6008,9.43544,17.2181,18.0812,2.79418,11.8697,3.3798,8.18453,14.0071,16.1584,7.32539,14.2456,10.6462,3.06046,11.3095,13.2874,6.81044,18.1005,3.97846,15.6308,19.0873,14.7436,14.0302,19.8607
1.75,18.8342,7.16059,6.01996,4.98594,12.6913,5.97536,16.2854,4.29822,15.1229,12.5784,6.91537,9.91904,15.3915,8.74527,19.5411,10.8597,9.29481,6.91164,10.0572,20.1006,11.6245,9.56014,17.1261,18.1434,3.07261,11.7145,3.43616,7.9819,13.9389,16.1729,7.09845,13.8243,10.3753,3.03002,11.2279,13.3945,7.02647,17.5745,3.94677,15.5153,18.4295,14.5435,13.9367,19.8667
1.76667,18.8965,7.25569,6.03702,4.90938,12.6811,5.76606,16.3607,4.41156,14.4969,12.3719,6.84466,9.88113,15.2924,8.59321,19.5672,10.9726,9.26167,6.90282,10.015,20.1107,11.7813,9.73577,17.0889,18.1781,3.42914,11.6865,3.46068,7.95092,13.9165,16.1808,7.01906,13.7426,10.085,3.10597,11.259,13.4457,7.02297,17.5034,3.92812,15.5173,17.8296,14.42,13.8855,19.8924
1.78333,19.015,7.41654,6.06926,4.89371,12.7377,5.51406,16.5479,4.56642,14.4954,12.2243,6.93566,9.77584,15.2528,8.29187,19.7717,11.152,9.33524,6.73314,9.99049,20.0971,11.6879,9.60508,17.065,18.2052,3.71123,11.6779,3.49621,7.94116,13.924,16.1775,6.99408,13.5942,9.89398,3.15155,11.2484,13.4753,7.08679,17.3551,3.94066,15.5193,17.6839,14.4401,13.8613,19.8997
1.8,19.0953,7.55639,6.11055,4.84515,12.8389,5.58868,16.6775,4.67715,14.4929,12.2792,6.99017,9.69783,15.287,8.44148,19.9069,11.299,9.36905,6.65402,9.87812,20.0864,11.7257,9.62589,16.977,18.2597,3.70016,11.6078,3.49335,7.8578,13.8806,16.1705,6.92151,13.5193,10.138,3.10512,11.1683,13.5379,7.04651,17.2676,3.89155,15.463,17.6489,14.5247,13.7526,19.9258
1.81667,19.2187,7.73604,6.13744,4.86016,12.9665,5.73862,16.8804,4.82471,14.4082,12.3767,7.14443,9.56777,15.3738,8.62348,20.0618,11.486,9.40904,6.5358,9.82644,20.0665,11.7059,9.67232,16.9388,18.2935,3.50117,11.5895,3.51783,7.84998,13.8378,16.2008,6.82831,13.4347,10.4997,3.04014,11.0221,13.6969,7.1037,17.1165,3.8996,15.4432,17.6085,14.5402,13.7113,19.9365
1.83333,19.2457,7.80723,6.13762,4.86548,13.039,5.86846,17.0093,4.85789,14.2605,12.4155,7.23994,9.44531,15.4169,8.67691,19.9286,11.6063,9.42732,6.40906,9.72609,20.0575,11.5411,9.70379,16.8679,18.36,3.35966,11.5901,3.5193,7.86465,13.7624,16.2759,6.7572,13.3007,10.76,3.03416,10.8943,13.8156,7.13635,16.9777,3.87722,15.421,17.4874,14.6047,13.5978,19.9879
1.85,19.2859,7.81494,6.11927,4.91556,13.1195,5.95413,17.1105,4.79455,14.0578,12.3544,7.3328,9.33249,15.5259,8.76489,19.683,11.6239,9.50846,6.31631,9.71492,20.0326,11.4079,9.49181,16.8613,18.382,3.15855,11.6588,3.51997,7.94947,13.7856,16.2649,6.69587,13.1684,10.995,3.03564,10.7371,13.9791,7.28428,16.7975,3.94524,15.4893,17.2246,14.5872,13.5906,19.9808
1.86667,19.2364,7.71575,6.06993,4.98355,13.1511,6.11666,17.0179,4.58891,13.8197,12.3616,7.39047,9.22868,15.6339,8.8916,19.5653,11.5034,9.58445,6.16611,9.65173,20.0074,11.1565,9.40551,16.8225,18.4342,2.94386,11.7777,3.5434,8.03544,13.7588,16.2838,6.58465,13.0838,11.262,3.0566,10.5045,14.1601,7.42428,16.5823,4.00534,15.5606,17.1031,14.4521,13.5202,19.9963
1.88333,19.1989,7.61019,6.00436,5.04938,13.1327,6.12396,16.8882,4.42929,13.8027,12.3411,7.3837,9.18776,15.6749,8.89547,19.5227,11.3663,9.5693,6.1091,9.62742,19.9878,10.9777,9.57365,16.7826,18.4541,2.84274,11.8291,3.53733,8.08612,13.7342,16.2922,6.55349,13.0286,11.2773,3.04643,10.4933,14.0337,7.45262,16.5305,4.03267,15.5745,17.1372,14.3693,13.4982,19.9835
1.9,19.1887,7.58379,5.95923,5.12824,13.1314,6.10579,16.7929,4.46686,13.8449,12.335,7.37819,9.21904,15.7087,8.86241,19.6792,11.338,9.53705,6.12426,9.68167,20.0065,10.8921,9.72304,16.8273,18.423,2.847,11.9607,3.53407,8.11572,13.7584,16.2995,6.54399,13.0676,11.2375,3.06581,10.526,13.9507,7.54674,16.5211,4.09474,15.6795,17.2508,14.2695,13.5438,19.9844
1.91667,19.1328,7.50918,5.8864,5.17602,13.0659,6.09912,16.6839,4.44872,13.81,12.3273,7.3331,9.24909,15.6775,8.84703,20.0599,11.2092,9.45294,6.16067,9.72315,20.0242,10.8633,9.74389,16.8493,18.3811,2.83903,11.9918,3.49415,8.14506,13.7422,16.2846,6.54705,13.1072,11.1577,3.07997,10.5205,13.9651,7.5447,16.5694,4.08681,15.7284,17.3714,13.9573,13.5854,19.9708
1.93333,19.0771,7.4206,5.81838,5.22107,13.034,6.08631,16.5956,4.42102,13.8282,12.2928,7.30781,9.21907,15.6595,8.85857,20.0514,11.0966,9.29466,6.22616,9.7313,20.0152,10.87,9.85943,16.8494,18.3606,2.83303,12.0598,3.4545,8.21428,13.7403,16.2586,6.54768,13.101,11.1139,3.08662,10.5248,13.9172,7.59213,16.5364,4.11183,15.7794,17.3908,13.902,13.6008,19.9658
1.95,19.052,7.31582,5.761,5.28314,12.9911,6.06524,16.5374,4.37243,13.8412,12.2598,7.2943,9.20001,15.6521,8.8375,20.041,10.9907,9.1741,6.20122,9.80391,20.0146,10.8936,9.89342,16.9171,18.3104,2.87309,12.0975,3.45037,8.29567,13.679,16.2044,6.57345,13.1274,11.0761,3.06193,10.5942,13.9328,7.63454,16.5525,4.14925,15.7906,17.4624,13.8233,13.6737,19.9313
1.96667,19.0489,7.30807,5.72462,5.32875,12.9735,6.06077,16.5255,4.35966,13.8616,12.2246,7.27587,9.1996,15.6401,8.85314,20.0863,10.9306,9.16289,6.12958,9.85142,20.0188,10.8971,9.93609,16.9469,18.2726,2.8802,12.0566,3.40494,8.39464,13.5809,16.1681,6.61638,13.0984,11.0711,3.05181,10.59,13.8731,7.73184,16.5463,4.20916,15.8661,17.5184,13.8018,13.7223,19.9215
1.98333,19.064,7.29121,5.73564,5.3057,13.0064,6.03411,16.5378,4.32924,13.8768,12.2038,7.2886,9.19621,15.6619,8.82827,20.1227,10.8862,9.21137,6.06651,9.9012,20.0049,10.9184,9.91021,16.996,18.2318,2.87844,12.0221,3.39741,8.3866,13.564,16.1291,6.63816,13.0915,11.0479,3.02752,10.6241,13.827,7.78281,16.522,4.2706,15.9062,17.5586,13.7552,13.7619,19.9026
2,19.1497,7.42071,5.81063,5.2487,13.0692,5.95484,16.665,4.42132,13.8893,12.1942,7.3016,9.2683,15.6724,8.79461,20.154,11.0311,9.32884,6.15162,10.0101,20.0328,10.9257,9.88914,17.0924,18.1734,2.89053,12.0446,3.38661,8.43816,13.5588,16.1084,6.6583,13.1531,10.951,3.05053,10.6295,13.8119,7.89581,16.5525,4.35735,16.0666,17.568,13.8706,13.8736,19.8917
2.01667,19.2188,7.56387,5.81838,5.19999,13.0407,5.73583,16.7671,4.52926,13.8787,12.042,7.26593,9.33163,15.6062,8.60974,20.159,11.2016,9.44293,6.27044,10.1282,20.0465,10.9203,9.83504,17.1735,18.0635,2.88497,12.0927,3.33604,8.49446,13.5904,16.0579,6.68202,13.175,10.7115,3.0619,10.6302,13.7678,8.03459,16.5491,4.45237,16.2234,17.4727,13.9656,13.9749,19.8329
2.03333,19.3343,7.68466,5.88384,5.16712,13.1362,5.63798,16.907,4.6725,13.9726,11.9817,7.27672,9.34668,15.6164,8.52414,20.1959,11.3775,9.59767,6.28641,10.2279,20.0536,10.9551,9.90109,17.2698,17.9982,2.91655,12.2225,3.3286,8.56726,13.7424,16.0243,6.7579,13.2004,10.6562,3.06027,10.6505,13.8289,8.05186,16.549,4.46149,16.2087,17.4581,14.0882,14.0898,19.78
2.05,19.3963,7.8674,5.91187,5.12776,13.1767,5.43595,17.0713,4.70322,14.0902,11.9013,7.24761,9.33152,15.5821,8.3017,20.1887,11.5429,9.79099,6.37086,10.1617,20.0668,10.891,10.07,17.2497,18.017,2.91896,12.377,3.26572,8.77733,13.9033,16.0315,6.75664,13.2166,10.5015,3.10142,10.5792,14.0447,7.91518,16.6062,4.35419,16.0548,17.3946,14.183,14.0448,19.7842
2.06667,19.4079,7.94869,5.91023,5.12191,13.207,5.27029,17.1086,4.78398,14.1575,11.9219,7.26656,9.29276,15.5701,8.25568,20.1763,11.648,9.94603,6.43389,10.0521,20.0563,10.8808,10.1983,17.146,18.0812,2.87869,12.2223,3.30312,8.62746,14.0197,16.0243,6.75668,13.1599,10.3495,3.12814,10.569,14.1899,7.82734,16.5711,4.25641,15.9343,17.2984,14.2719,13.9447,19.8641
2.08333,19.4132,8.01675,5.91932,5.10587,13.1305,4.88838,17.0593,4.81403,14.1931,12.0065,7.30893,9.22287,15.6195,8.30952,20.1633,11.7147,10.1083,6.48781,9.87015,20.0216,10.8829,10.3176,17.0315,18.1569,2.91804,11.9624,3.40158,8.33827,14.0073,16.0783,6.75749,13.0751,10.0893,3.15374,10.4905,14.3022,7.66478,16.5258,4.10889,15.6972,17.2864,14.3607,13.7942,19.8456
2.1,19.4423,8.09189,5.99047,5.03106,13.0778,4.45409,16.9645,4.95123,14.1772,12.2374,7.35246,9.12148,15.7159,8.45972,20.1479,11.76,10.3081,6.51313,9.70081,19.9713,10.8873,10.3871,16.9546,18.2008,2.96148,11.7026,3.53263,8.04218,13.9734,16.0441,6.76788,12.986,9.61152,3.23641,10.405,14.3698,7.5543,16.4755,3.99372,15.4676,17.3082,14.4248,13.6432,19.8212
2.11667,19.4865,8.15723,6.11804,4.94986,13.119,4.12855,16.8603,4.92182,14.1386,12.297,7.39185,9.03644,15.7149,8.57269,20.1084,11.8568,10.368,6.52932,9.58281,19.9447,10.8834,10.4106,16.8414,18.2821,2.9973,11.5685,3.60915,7.89228,13.8853,16.1062,6.75552,12.9037,9.33215,3.31349,10.3244,14.3937,7.54038,16.5044,3.92141,15.3513,17.2736,14.5014,13.5232,19.8929
2.13333,19.527,8.29861,6.19072,4.87617,13.1658,4.13469,16.9569,5.18674,14.0763,12.4546,7.42637,8.97638,15.723,8.72818,20.0823,11.9729,10.5207,6.48744,9.45834,19.928,10.8985,10.4048,16.7222,18.3723,2.97819,11.4294,3.65862,7.78415,13.7454,16.2234,6.76401,12.8303,9.42133,3.2883,10.2407,14.3819,7.49756,16.5296,3.87413,15.2256,17.2186,14.613,13.432,20.0045
2.15,19.526,8.35234,6.21514,4.84895,13.2966,4.1268,16.9828,5.31557,14.0458,12.5297,7.4022,8.96141,15.7668,8.77297,20.0798,12.0959,10.7475,6.4266,9.36779,19.9165,10.919,10.3969,16.6583,18.4367,3.00773,11.3742,3.67214,7.72621,13.6692,16.2981,6.79,12.841,9.46836,3.27976,10.2363,14.3513,7.48542,16.5585,3.84069,15.1745,17.1619,14.6709,13.3302,20.1164
2.16667,19.4873,8.28919,6.17985,4.88634,13.3162,3.5809,16.7462,5.3859,13.9581,12.6319,7.37644,8.87373,15.8063,8.89938,20.0826,12.4392,11.1022,6.28056,9.20053,19.9013,10.9705,10.2791,16.471,18.5663,2.83158,11.3491,3.65207,7.75149,13.5287,16.3666,6.76624,12.7639,9.44307,3.29746,10.2476,14.207,7.45776,16.5035,3.79259,15.122,17.0141,14.8062,13.1489,20.1395
2.18333,19.55,8.41813,6.29482,4.82021,13.4853,3.11313,16.8194,5.5561,13.8351,12.7001,7.41132,8.73522,15.8849,9.02013,20.0254,12.8388,11.5133,6.10259,8.95013,19.8416,11.0497,10.1186,16.2334,18.7618,2.7777,11.2645,3.68097,7.71191,13.3653,16.4362,6.68995,12.5395,9.53642,3.22598,10.3307,14.0139,7.44707,16.3407,3.75341,15.038,16.7948,14.9905,12.8253,20.2037
2.2,19.6224,8.6148,6.41006,4.70739,13.5398,3.09254,16.4299,5.50021,13.8906,12.7777,7.49644,8.54004,15.7343,9.08384,19.9575,13.091,11.685,6.06524,8.6192,19.7419,11.1186,10.0848,15.9475,18.9287,2.76049,11.0476,3.79415,7.46345,13.203,16.4842,6.68805,12.3193,9.6769,3.20103,10.2267,13.9415,7.25569,16.1984,3.63524,14.8444,16.6863,15.2066,12.5021,20.2708
2.21667,19.7207,8.79703,6.65484,4.52085,13.9254,3.17742,16.9343,5.80877,13.9415,12.7349,7.63104,8.40689,14.7554,8.83891,19.9769,13.3249,11.9311,6.04673,8.4204,19.6143,11.2677,10.0317,15.7868,19.0211,2.78496,10.8103,3.8847,7.21573,13.1092,16.5142,6.68928,12.1103,9.97988,3.04325,10.1707,13.872,7.16208,15.9948,3.60536,14.6193,16.5834,15.3252,12.2934,20.2969
2.23333,19.7993,9.29321,6.75347,4.46957,14.3204,3.26039,17.526,6.0461,13.9891,12.5472,7.66664,8.20009,14.7377,8.80812,19.945,13.4999,12.1078,6.04052,8.16952,19.5227,11.2646,9.9521,15.6621,19.1059,2.79866,10.6734,3.94189,7.10571,13.0005,16.568,6.72611,11.9113,10.0507,2.99869,10.1668,13.7955,7.09361,15.8314,3.56144,14.4799,16.4849,15.3735,12.0543,20.3386
2.25,19.9468,9.7459,6.83301,4.43424,14.6022,3.35044,17.7669,6.47891,14.0131,12.5164,7.71769,8.00834,14.8136,8.81892,19.9111,13.5162,12.2122,6.00291,8.03027,19.4454,11.255,9.88832,15.5965,19.1413,2.97632,10.6345,3.95802,6.99088,12.962,16.5791,6.96612,11.7709,10.063,2.93654,10.2194,13.7245,7.08791,15.6965,3.57,14.468,16.4358,15.4086,11.8799,20.2716
2.26667,19.9764,9.83124,6.83569,4.45274,14.7457,3.40985,18.3327,6.44815,14.0333,12.263,7.73448,7.9246,15.1401,8.59924,19.9799,13.6188,12.2568,5.98459,7.88099,19.384,11.2286,9.84814,15.6869,19.0966,3.0092,10.6575,3.95146,6.94802,12.9484,16.6253,7.06505,11.6828,10.0622,2.93049,10.3533,13.6897,7.09904,15.5876,3.58843,14.5068,16.4347,15.3221,11.7045,20.2885
2.28333,19.9592,9.85473,6.79722,4.44898,14.9511,3.50262,18.3604,6.50475,14.0646,12.1079,7.78445,7.77141,15.0132,8.65535,19.9319,13.6528,12.3012,5.95782,7.66105,19.2896,11.2209,9.78991,15.6806,19.0923,3.07711,10.7252,3.9674,6.94236,12.8815,16.6621,7.12607,11.517,10.0209,2.93639,10.4269,13.635,7.11382,15.4197,3.58083,14.5875,16.3676,15.2742,11.4474,20.2966
2.3,19.9788,9.98241,6.72097,4.49776,15.2882,3.68189,18.4656,6.6223,14.1743,12.1137,7.80638,7.82619,14.9141,8.61127,19.8845,13.8137,12.412,5.88521,7.52291,19.2237,11.3651,9.71805,15.4887,19.2145,2.75739,10.8736,4.0368,7.10984,12.7778,16.6926,6.87906,11.4409,9.9403,2.97253,10.5157,13.5594,7.17407,15.3369,3.61013,14.6862,16.3177,15.4298,11.3104,20.3038
2.31667,20.0456,10.0827,6.72696,4.52152,15.7233,3.90168,18.6375,6.60435,14.3805,12.1087,8.08277,7.83289,15.0196,8.51993,19.6771,13.925,12.5974,5.7546,7.40477,19.1418,11.5875,9.58181,15.1762,19.3511,2.74019,11.1571,3.9241,7.37904,12.6413,16.7129,6.94285,11.3367,9.92857,3.01076,10.6467,13.4284,7.3436,15.225,3.73096,14.9246,16.203,15.6405,11.1493,20.3096
2.33333,20.0548,10.2625,6.70801,4.53351,15.8878,4.01119,18.7638,6.69099,14.4594,12.2543,8.16051,7.91443,15.1733,8.60389,19.4996,14.1168,12.6209,5.65727,7.27568,19.0819,11.6274,9.47659,14.859,19.5064,2.71142,11.3947,3.79296,7.6157,12.502,16.7332,6.8463,11.3263,9.86337,3.05127,10.7052,13.3413,7.43296,15.1579,3.82747,15.1383,16.0701,15.8487,11.0002,20.3061
2.35,20.0756,10.4597,6.71844,4.52032,16.0334,4.12721,18.8566,6.85226,14.4546,12.4165,8.17161,7.95755,15.2841,8.76441,19.3609,14.2313,12.6756,5.63385,7.15836,19.0441,11.6668,9.44151,14.6017,19.6211,2.70072,11.5387,3.76749,7.76207,12.3831,16.758,6.87184,11.3434,9.86665,3.07211,10.7071,13.3019,7.45042,15.135,3.83522,15.2365,15.9904,16.0287,10.8701,20.316
2.36667,20.0907,10.7199,6.72704,4.50982,16.2387,4.21836,18.9606,6.94679,14.5609,12.557,8.15191,7.95382,15.4217,8.81576,19.329,14.476,12.7259,5.55253,6.99665,18.9407,11.74,9.32378,14.3502,19.6948,2.68547,11.4415,3.79541,7.64121,12.2619,16.7422,6.92401,11.3056,9.85987,3.03025,10.7742,13.1626,7.58126,15.0854,3.99015,15.5616,15.8964,16.1674,10.7013,20.2861
2.38333,20.1125,10.9281,6.71598,4.51939,16.457,4.32094,19.1055,7.13624,14.9277,12.5866,7.87694,8.02904,15.4,8.68901,19.1889,14.6334,12.8199,5.47046,6.71482,18.7187,11.6662,9.14155,14.1297,19.7451,2.71583,11.2134,3.92521,7.43043,12.0775,16.7644,6.86063,11.4524,9.87424,3.02056,11.0931,13.0136,8.04084,15.06,4.14836,15.8047,15.7704,16.296,10.4123,20.2612
2.4,20.0917,10.9098,6.75318,4.48894,16.4004,4.31036,19.0538,7.10619,15.2306,12.4879,7.63037,8.06806,15.1298,8.46378,19.0983,14.6035,12.7869,5.58734,6.35574,18.453,11.4812,9.16657,14.2298,19.717,2.70627,11.0088,4.02921,7.26552,11.9371,16.826,6.79101,11.6086,9.94354,2.99536,11.3989,13.0172,8.34899,15.0522,3.84851,15.3907,15.6889,16.1435,9.97206,20.2285
2.41667,20.105,10.8006,6.82139,4.44184,16.3255,4.18146,18.9311,6.99363,15.7235,12.5097,7.67755,7.99501,15.1849,8.48858,19.0448,14.4251,12.7521,5.65931,6.17486,18.0682,11.5259,9.23866,14.309,19.7038,2.74905,10.883,4.07676,7.1842,11.9298,16.8778,6.79815,11.5026,9.98859,2.998,11.8629,12.9706,8.46024,14.8743,3.65674,14.9679,15.7895,16.0967,9.60378,20.1018
2.43333,20.0782,10.6387,6.88241,4.41953,16.0833,4.1259,18.7831,6.87568,16.3953,12.3803,7.69784,7.96581,15.316,8.47566,19.5211,14.3177,12.5783,5.88156,6.13554,17.7017,11.4467,9.48485,14.6055,19.5901,2.80628,10.8528,4.144,7.15273,12.0559,16.9137,6.7203,11.5415,10.0532,2.98113,12.4424,12.9928,8.6259,14.7516,3.99588,14.3626,15.8503,16.0691,9.39553,19.9449
2.45,20.0309,10.46,6.94731,4.39075,15.6274,4.42426,18.6427,6.80553,16.546,12.3102,7.69214,7.90892,15.2774,8.39438,19.6705,14.1986,12.2329,6.1597,6.16074,17.5545,11.2342,9.81746,14.7397,19.5512,2.80511,10.7529,4.13737,7.08128,11.972,17.0549,6.69632,11.5257,10.1292,2.97455,12.6935,13.2121,8.72948,14.6408,3.9241,14.2952,15.8776,16.0077,9.2556,20.0473
2.46667,20.0118,10.3231,7.09323,4.2881,15.2495,4.767,18.5019,6.74104,16.5875,12.1939,7.73738,7.81085,15.0886,8.36295,19.7011,14.0687,11.7759,6.49909,6.31445,17.2763,10.9668,10.1732,14.8731,19.4993,2.84285,10.5925,4.17051,6.94445,11.9306,17.1865,6.69018,11.4836,10.4246,2.88782,12.7742,13.3523,8.98018,14.436,3.85216,14.2253,15.9746,15.9091,9.12789,20.0993
2.48333,19.9937,10.218,7.11036,4.23947,14.8708,4.80498,18.1526,6.70034,16.6451,12.126,7.74777,7.8626,14.8662,8.45053,19.7605,13.9577,11.5243,6.6048,6.38612,16.9872,10.8936,10.2826,14.9969,19.4653,2.87382,10.5484,4.15595,6.86752,11.935,17.2958,6.63179,11.6509,10.5755,2.82599,12.9354,13.5178,9.28397,14.2377,3.59399,14.2314,16.3701,15.8338,8.97352,20.0349
2.5,19.9768,10.1332,7.0939,4.23664,14.7631,4.86172,17.988,6.77514,16.6362,12.1273,7.70454,8.04374,14.772,8.51178,19.7899,13.8666,11.3941,6.6821,6.36047,16.7499,10.9138,10.348,15.2144,19.3506,2.91197,10.578,4.11816,6.85546,11.9724,17.4609,6.47988,12.0006,10.7922,2.75383,13.0951,13.7209,9.41444,14.3161,3.18568,14.4017,16.508,15.7783,8.78116,19.9592
2.51667,19.9442,9.99205,7.15776,4.12799,14.5087,4.92964,17.9675,6.57821,16.6424,12.034,7.60051,8.40592,14.4075,8.67572,19.8137,13.7255,11.1663,6.69986,6.21276,16.6797,10.9521,10.4087,15.2636,19.3081,2.94571,10.4386,4.13261,6.72067,11.9426,17.5302,6.57069,11.9549,11.0692,2.69743,13.1503,13.7863,9.46757,14.3763,3.15011,14.2605,16.5559,15.7087,8.63364,19.858
2.53333,19.924,9.91297,7.1435,4.11034,14.3719,4.87781,17.8008,6.60796,16.6716,11.9694,7.57508,8.4926,14.3881,8.58934,19.8099,13.6769,11.1041,6.70704,6.22832,16.6783,10.9621,10.3368,15.2618,19.2908,2.96504,10.3959,4.13369,6.65182,11.8936,17.5665,6.5701,12.02,11.209,2.68464,13.1838,13.8632,9.49166,14.4272,3.13324,14.2319,16.5586,15.6756,8.59094,19.8979
2.55,19.9454,9.94205,7.1804,4.11351,14.3477,4.83089,17.7211,6.74543,16.7052,11.8193,7.65692,8.46989,14.4406,8.58498,19.8288,13.7229,11.1736,6.68187,6.26213,16.6509,10.991,10.3553,15.3225,19.2779,3.03619,10.4024,4.20123,6.63462,11.9646,17.5244,6.58491,11.9857,11.1135,2.67778,13.2688,13.7676,9.55049,14.3963,3.17777,14.2319,16.5375,15.6994,8.64224,19.8241
2.56667,19.9919,9.96398,7.15843,4.11887,14.553,4.58816,17.8342,6.56533,16.6447,11.808,7.67513,8.46073,14.5094,8.39047,19.8454,13.721,11.1275,6.67227,6.25387,16.7379,11.0238,10.2916,15.3804,19.2761,3.07247,10.4217,4.23772,6.66389,12.0762,17.3919,6.57557,11.967,11.2148,2.63134,13.2194,13.6834,9.53962,14.4493,3.18717,14.2697,16.4827,15.633,8.78437,19.7039
2.58333,20.006,10.0552,7.12485,4.18946,15.1022,4.36264,18.2549,6.48442,16.6632,11.5579,7.68243,8.27203,14.8045,8.18226,19.8235,13.8139,11.3176,6.73951,6.1053,16.984,10.9222,10.3575,15.3807,19.2949,3.0901,10.4403,4.25324,6.71121,12.0911,17.3346,6.5482,12.0032,11.3829,2.60285,13.1197,13.6416,9.34857,14.6605,3.21272,14.3118,16.3689,15.5001,8.84599,19.6608
2.6,20.0325,10.3016,7.08687,4.24524,15.4299,4.41287,18.4992,6.63969,16.6275,11.7439,7.75049,7.77242,15.0112,8.21212,19.7509,14.0471,11.5308,6.75377,5.97383,17.1764,10.7496,10.3095,15.3275,19.3049,3.08725,10.4385,4.22915,6.75511,12.0645,17.2658,6.54761,11.9971,11.4242,2.59501,13.0594,13.6167,9.21446,14.8134,3.24638,14.3618,16.2451,15.63,8.86185,19.6323
2.61667,20.035,10.5411,7.09565,4.28143,15.5755,4.56549,18.6795,6.98805,16.5765,12.0168,7.76162,7.73035,15.1357,8.37885,19.6138,14.433,11.5782,7.05071,5.84057,17.3692,10.5402,10.5898,15.0564,19.5239,3.06191,10.4637,4.25321,6.78475,11.9891,17.1803,6.61165,11.8635,11.0339,2.98679,13.2357,13.6544,9.01112,14.9034,3.28118,14.4213,16.1002,15.7623,8.85776,19.6521
2.63333,20.0451,10.6504,7.0347,4.35322,15.5495,4.83037,18.8071,7.10232,16.6249,12.256,7.7143,7.7197,15.2585,8.52607,19.5118,14.712,11.6842,7.36169,5.62018,17.5779,10.2952,10.781,14.7167,19.671,3.02028,10.4999,4.20834,6.87791,11.7984,17.1554,6.70518,11.7333,10.6661,3.56821,13.2089,13.7289,8.7179,15.0157,3.35707,14.4679,15.9579,15.9156,8.72219,19.7822
2.65,20.0541,10.7335,6.95565,4.38807,15.776,4.82594,18.8799,7.2135,16.6175,12.3508,7.83378,7.67219,15.3377,8.56793,19.499,14.8584,11.7425,7.39747,5.49805,17.7886,10.3427,10.8191,14.559,19.7219,2.98836,10.564,4.2076,6.99293,11.6597,17.1655,6.69896,11.8078,10.5856,3.7574,13.1356,13.8247,8.41028,15.2426,3.46052,14.5356,15.9067,15.9811,8.66034,19.8809
2.66667,20.0563,10.7907,6.99624,4.32377,15.8024,4.95351,19.0127,7.3058,16.6041,12.3795,7.93476,7.60703,15.4157,8.55973,19.4667,14.914,11.7954,7.37119,5.46261,17.7169,10.3879,10.7714,14.4614,19.7276,2.97991,10.4673,4.20462,6.95096,11.5857,17.1481,6.69226,11.6998,10.6464,3.75866,13.063,13.8688,8.32412,15.1995,3.46111,14.4357,15.86,15.9845,8.57723,19.8625
2.68333,20.1079,10.8757,7.06039,4.29093,15.8827,4.92446,19.0436,7.35562,16.6192,12.4177,7.97561,7.59511,15.4789,8.54078,19.4886,14.8887,11.8113,7.31087,5.42031,17.6816,10.4561,10.7027,14.4815,19.7261,2.99821,10.4056,4.23951,6.91034,11.5851,17.1373,6.76904,11.512,10.7005,3.68411,13.0333,13.8861,8.42513,14.9546,3.48593,14.3471,15.8722,15.9837,8.54622,19.8634
2.7,20.1342,10.8675,7.07804,4.25027,15.7138,5.06402,19.161,7.31336,16.6275,12.3799,8.04441,7.59273,15.1047,8.71943,19.5177,14.8389,11.7774,6.73426,5.45322,17.669,10.5058,10.6611,14.5302,19.6957,3.01369,10.4011,4.24163,6.92199,11.6225,17.0946,6.86521,11.3155,10.6414,3.2247,12.9941,13.8815,8.74721,14.5308,3.51231,14.3251,15.9299,15.9495,8.57697,19.8541
2.71667,20.1513,10.865,7.04144,4.26832,15.5198,5.48755,19.2006,7.21372,16.5893,12.3448,8.0729,7.60181,14.3322,9.16788,19.5813,14.7148,11.7184,6.3824,5.47266,17.7271,10.5606,10.666,14.6483,19.6863,3.0301,10.4571,4.18473,6.99914,11.6688,17.1334,6.87348,11.3517,10.5129,2.88836,12.9423,13.9144,9.09479,14.269,3.54124,14.3633,16.0136,15.9122,8.60132,19.884
2.73333,20.1381,10.8373,6.97386,4.31219,15.3488,5.66352,19.094,7.08605,16.554,12.3428,8.02062,7.6663,14.0842,9.36831,19.5707,14.6934,11.6971,6.44156,5.48197,17.779,10.4513,10.7287,14.6664,19.681,2.99185,10.5232,4.14426,7.08158,11.6663,17.1205,6.84928,11.3839,10.4183,2.93054,12.8507,13.8986,9.08403,14.2567,3.52768,14.4306,16.0204,15.8971,8.63882,19.9291
2.75,20.1211,10.8241,6.90204,4.33747,15.3551,5.79041,19.0127,7.15236,16.5447,12.3571,8.01247,7.68704,14.0743,9.40606,19.5658,14.6898,11.6852,6.46766,5.52006,17.8445,10.423,10.773,14.6469,19.696,2.96746,10.6046,4.09396,7.14909,11.6548,17.1056,6.8272,11.3873,10.3507,2.99122,12.8206,13.8763,9.10048,14.2457,3.5287,14.4893,16.0107,15.9299,8.67162,19.9647
2.76667,20.1205,10.6254,6.79257,4.42661,15.2482,5.5911,18.8274,7.05723,16.5814,12.277,7.95837,7.7614,14.0375,9.38659,19.6031,14.6004,11.5776,6.45396,5.61359,17.9339,10.4227,10.827,14.781,19.6497,2.97241,10.7502,4.02556,7.25803,11.7348,17.1084,6.8352,11.4648,10.2055,3.06959,12.8644,13.857,9.16073,14.2698,3.5791,14.6167,16.1148,15.8742,8.80295,20.0053
2.78333,20.0974,10.6388,6.71244,4.47806,15.1903,5.62208,18.7634,7.05704,16.5649,12.216,7.89581,7.8107,14.0007,9.34869,19.6282,14.4641,11.493,6.44618,5.66911,18.0045,10.3747,10.843,14.8803,19.6048,2.95174,10.8328,3.96539,7.31735,11.7782,17.1049,6.81096,11.5207,10.0935,3.09169,12.8486,13.8063,9.16013,14.2724,3.59321,14.6908,16.1434,15.7505,8.87015,20.0298
2.8,20.1078,10.6025,6.71203,4.49102,15.151,5.72816,18.7772,7.05462,16.5417,12.2077,7.83646,7.82909,13.992,9.35706,19.6094,14.4835,11.4666,6.49485,5.66509,18.0145,10.3636,10.8414,14.8984,19.6015,2.96123,10.8649,3.95824,7.34777,11.7805,17.1203,6.79637,11.5512,10.0807,3.15275,12.8082,13.7936,9.19975,14.2385,3.58552,14.6803,16.1413,15.7401,8.86844,20.0245
2.81667,20.1347,10.6031,6.69546,4.51682,15.1487,5.76536,18.7511,7.06851,16.5422,12.202,7.8225,7.84454,13.9592,9.35144,19.6278,14.4072,11.4212,6.47444,5.70027,18.046,10.377,10.8622,14.9501,19.6013,2.97743,10.9258,3.95768,7.40578,11.8108,17.1493,6.80005,11.5902,10.045,3.20387,12.7883,13.7899,9.22068,14.2477,3.60604,14.7355,16.1727,15.745,8.91301,20.0503
2.83333,20.102,10.6125,6.67595,4.52286,14.9909,5.46428,18.4813,7.26972,16.5175,12.1889,7.76185,7.84141,14.155,9.12446,19.6096,14.411,11.3619,6.48181,5.71062,18.0776,10.3231,10.8734,14.9542,19.5977,2.95916,10.9697,3.95705,7.45429,11.8013,17.1778,6.74673,11.6171,9.98885,3.25209,12.7231,13.7604,9.16773,14.2659,3.59859,14.7588,16.1351,15.7356,8.92321,20.0569
2.85,20.0867,10.5378,6.70176,4.46928,15.3239,5.04398,18.8263,7.00856,16.4949,12.155,7.71877,7.84648,14.5985,8.75447,19.5886,14.4387,11.5344,6.6258,5.67737,17.9846,10.3051,10.7864,14.8988,19.5954,2.96903,10.8698,3.93232,7.32088,11.7515,17.1596,6.69211,11.6537,10.0887,3.21366,12.7754,13.7103,8.83251,14.6627,3.56724,14.6593,16.0954,15.7383,8.86498,20.0166
2.86667,20.0952,10.5887,6.68519,4.44057,15.5479,4.78498,18.8376,6.98559,16.5105,12.2805,7.58588,7.99985,15.1462,8.57191,19.5011,14.6433,11.6759,7.25688,5.60443,17.9397,10.2745,10.7583,14.6496,19.6858,2.95506,10.8478,3.8968,7.27896,11.6103,17.1149,6.61638,11.8389,10.3568,3.07743,12.8458,13.6687,8.45414,15.1164,3.51314,14.6161,15.9721,15.8754,8.77119,19.9978
2.88333,20.1149,10.5955,6.80355,4.3241,15.5254,4.85197,18.8,6.8756,16.5333,12.2802,7.65878,8.03946,15.1993,8.55091,19.4815,14.7251,11.5448,7.51491,5.50669,17.8134,10.2743,10.804,14.5737,19.6897,2.98133,10.6932,3.97131,7.12324,11.5478,17.1034,6.5819,11.8032,10.7929,2.96123,12.8641,13.6613,8.47149,15.1018,3.50074,14.4974,15.9808,15.9097,8.67602,19.9493
2.9,20.022,10.3863,6.88167,4.27302,15.2164,4.95418,18.5559,6.78624,16.5718,12.287,7.75563,7.90036,15.1179,8.55035,19.3952,14.8802,11.543,7.46059,5.4511,17.7408,10.3322,10.7614,14.3805,19.7576,2.98998,10.5767,3.98345,7.00864,11.4467,17.061,6.65748,11.6638,11.6933,2.90377,12.878,13.6411,8.38615,15.0832,3.47145,14.4031,15.9088,16.0644,8.58241,19.9188
2.91667,19.9422,10.3414,6.90974,4.24364,14.9542,5.22274,18.4769,6.72618,16.5826,12.3696,7.71374,7.75809,14.91,8.74192,19.3217,15.0626,11.5174,7.27013,5.43948,17.6636,10.3548,10.6492,14.2188,19.795,2.99564,10.511,3.96632,6.91663,11.388,16.9976,6.67528,11.5486,11.9211,2.82932,12.8268,13.5389,8.31838,15.0646,3.46148,14.3466,15.7803,16.1243,8.54506,19.869
2.93333,20.1113,10.404,6.86305,4.30381,14.8773,5.4692,18.6095,6.83487,16.6477,12.3363,7.73511,7.75768,14.153,9.42814,19.2895,15.1696,11.5221,6.73344,5.51838,17.7329,10.3867,10.628,14.1703,19.8179,3.00944,10.6153,3.97503,6.95182,11.4308,16.9312,6.73649,11.5207,12.1936,2.79886,12.917,13.4302,8.2883,15.0993,3.50779,14.4557,15.7167,16.2003,8.66507,19.8881
2.95,20.1435,10.5208,6.85888,4.33237,14.9471,5.60331,18.7038,6.96634,16.6562,12.3616,7.75995,7.76907,14.0225,9.66272,19.31,15.1868,11.5508,6.81476,5.59464,17.8042,10.3959,10.5992,14.2098,19.8275,3.0254,10.697,4.04306,7.01098,11.4899,16.9316,6.7369,11.5444,12.3784,2.79075,12.936,13.3979,8.27121,15.1451,3.55435,14.5288,15.7494,16.1725,8.75357,19.9152
2.96667,20.1115,10.6068,6.79901,4.42285,14.9428,5.79068,18.7791,7.06222,16.6521,12.4127,7.71478,7.78128,14.004,9.43097,19.3412,15.1485,11.4646,6.61128,5.62398,17.8521,10.3598,10.6224,14.2858,19.8116,3.0231,10.7675,4.0307,7.04487,11.4944,16.9884,6.7222,11.5859,12.4944,2.80813,12.9185,13.4483,8.25356,15.1927,3.56836,14.5892,15.7907,16.0944,8.78571,19.9782
2.98333,20.0878,10.487,6.76472,4.42694,14.8657,5.72723,18.7329,6.94661,16.6687,12.3219,7.6475,7.76978,14.0148,9.44993,19.3825,15.0588,11.412,6.63287,5.62863,17.8437,10.3562,10.5902,14.3252,19.7767,3.01886,10.7556,4.03706,7.03388,11.5133,16.9604,6.71039,11.573,12.3917,2.75583,12.9368,13.4025,8.23312,15.1947,3.57982,14.5842,15.8399,16.0451,8.82406,19.9585
3,20.0536,10.4748,6.71434,4.50055,14.8807,5.64047,18.6973,6.9685,16.6403,12.2692,7.65115,7.80962,14.076,9.40443,19.421,14.9799,11.4068,6.64155,5.68765,17.8922,10.3985,10.5847,14.4048,19.7569,3.01359,10.8269,4.0409,7.10493,11.5556,16.9956,6.72719,11.6118,12.3182,2.70741,12.93,13.4278,8.23461,15.1856,3.59931,14.6479,15.8884,15.9859,8.87451,19.996
3.01667,20.036,10.3819,6.73988,4.49698,14.8837,5.31263,18.6575,6.89049,16.6673,12.2522,7.67617,7.80623,14.5602,9.09203,19.4433,14.9556,11.4671,6.94903,5.74611,17.8902,10.3807,10.5537,14.4687,19.7469,3.01336,10.8542,4.05266,7.17131,11.6036,17.0066,6.75169,11.6184,11.9413,2.94468,12.9363,13.4268,8.26462,15.1649,3.62822,14.6797,15.9008,15.9587,8.93029,20.0108
3.03333,20.0452,10.2868,6.69785,4.53693,15.069,4.96177,18.6537,6.82906,16.7179,12.1619,7.81412,7.81885,15.085,8.69162,19.4422,14.9571,11.5602,7.22672,5.76253,17.9231,10.4075,10.6357,14.4019,19.7801,3.00224,10.8886,4.05948,7.2488,11.5768,16.9855,6.7381,11.6024,10.9565,3.33007,13.0115,13.4555,8.25616,15.0771,3.62734,14.7309,15.9294,16.0483,8.96175,20.0339
3.05,20.004,10.2165,6.68124,4.55815,15.0017,5.04302,18.6148,6.74588,16.7207,12.1439,7.97855,7.74241,15.1037,8.61663,19.4065,15.0113,11.6929,7.22225,5.73587,17.8986,10.4331,10.6523,14.2863,19.8051,2.99027,10.8579,4.03092,7.22661,11.4941,16.9711,6.74204,11.4555,10.298,3.40983,13.0271,13.467,8.27955,14.8821,3.60541,14.6882,15.9113,16.1207,8.91007,20.0231
3.06667,20.0235,10.3496,6.69628,4.56981,15.0134,5.01077,18.7207,6.85129,16.6919,12.205,8.04248,7.7503,15.1381,8.56487,19.3951,14.995,11.7447,7.15259,5.71081,17.9081,10.4565,10.6644,14.3604,19.8056,2.99822,10.8532,4.03066,7.22772,11.5071,17.03,6.74227,11.4518,10.2871,3.37289,13.0072,13.5149,8.3863,14.7944,3.5892,14.686,15.9432,16.0781,8.87421,20.0277
3.08333,20.0108,10.2343,6.75463,4.52744,15.101,4.85126,18.594,6.77414,16.6896,12.109,8.25185,7.6978,15.1379,8.44181,19.4262,14.8811,11.872,6.71505,5.69871,17.9055,10.4936,10.7543,14.4341,19.7713,3.00576,10.8636,4.02399,7.21607,11.5226,17.0291,6.78218,11.3403,10.1916,3.042,13.0369,13.5193,8.58554,14.5313,3.59086,14.6942,16.0229,16.0478,8.87451,20.0237
3.1,20.0007,10.3466,6.84123,4.45937,15.2364,4.84519,18.7276,6.81074,16.6554,12.1581,8.26052,7.62825,14.6838,8.72543,19.4392,14.792,11.7572,6.26735,5.53741,17.8188,10.4379,10.8997,14.4604,19.7522,2.99747,10.6961,4.06674,7.12704,11.4685,17.0939,6.76036,11.2571,10.3068,3.07415,12.9703,13.568,8.79468,14.3125,3.51837,14.5483,16.0623,16.0063,8.70718,19.9765
3.11667,20.0181,10.5542,6.8425,4.45003,15.3414,5.10501,18.8945,6.93655,16.605,12.2602,8.19652,7.63648,14.0108,9.33487,19.452,14.7769,11.7275,6.25212,5.52475,17.823,10.45,10.8625,14.5533,19.7226,3.01146,10.7085,4.05058,7.13159,11.4931,17.1271,6.75139,11.3054,10.2698,3.06294,12.8801,13.5417,8.99727,14.2287,3.5138,14.5391,16.0551,15.8958,8.6819,19.9579
3.13333,20.0251,10.6175,6.85959,4.41506,15.3048,5.3165,18.9329,6.97647,16.5931,12.2591,8.10607,7.66411,14.0185,9.33331,19.4517,14.7411,11.6978,6.28514,5.55874,17.8171,10.4404,10.8217,14.5963,19.6751,3.01161,10.6996,4.08934,7.13903,11.5392,17.1356,6.74524,11.3474,10.2957,3.03011,12.8456,13.5289,9.07107,14.2132,3.51508,14.5329,16.043,15.8255,8.69646,19.9429
3.15,20.028,10.7276,6.87657,4.4001,15.1937,5.65418,19.0182,7.04286,16.5492,12.2515,7.94068,7.69248,13.9659,9.33353,19.5239,14.5654,11.6384,6.38508,5.50092,17.7491,10.38,10.8717,14.716,19.6189,3.01069,10.6137,4.05285,7.06013,11.5554,17.1983,6.6863,11.4298,10.3061,3.05164,12.7931,13.5749,9.08756,14.2435,3.49654,14.4469,16.0915,15.7441,8.63558,19.9034
3.16667,20.0396,10.6691,6.91377,4.38885,15.206,5.65924,18.969,6.96035,16.591,12.2283,7.9428,7.6924,13.9991,9.34843,19.5899,14.4726,11.6783,6.398,5.53227,17.7393,10.418,10.9091,14.7922,19.5892,3.03222,10.6198,4.04812,7.03913,11.5967,17.2203,6.71024,11.4192,10.3449,3.04928,12.8542,13.5825,9.0564,14.2766,3.51499,14.4496,16.1701,15.7255,8.6539,19.9043
3.18333,20.0519,10.6702,6.93495,4.40345,15.1827,5.79224,18.9283,6.95826,16.5979,12.2279,7.89682,7.74881,13.988,9.38514,19.6134,14.4612,11.6389,6.4747,5.56228,17.7836,10.4096,10.9323,14.8412,19.6063,3.04271,10.6744,4.05963,7.08538,11.6242,17.2451,6.7092,11.5054,10.3681,3.07118,12.8504,13.6012,9.0838,14.2763,3.533,14.5001,16.187,15.7196,8.70241,19.9375
3.2,19.9947,10.5421,6.93566,4.3658,15.0275,5.68929,18.7125,6.86935,16.5635,12.1949,7.7773,7.79964,13.9685,9.3052,19.6041,14.3738,11.5191,6.53443,5.49478,17.7366,10.3578,11.0305,14.8313,19.5994,3.0121,10.6105,3.9579,6.99393,11.5867,17.3243,6.60152,11.5818,10.3565,3.08055,12.845,13.6781,8.98241,14.3348,3.4744,14.4436,16.2092,15.7333,8.60095,19.9191
3.21667,19.9576,10.4898,6.91041,4.32984,15.073,5.33158,18.5789,6.80292,16.5341,12.1369,7.78285,7.98007,14.1902,8.97098,19.5978,14.2906,11.4467,6.57427,5.46357,17.742,10.3237,11.0294,14.8531,19.5714,2.98382,10.6056,3.97239,6.99289,11.5857,17.3554,6.54399,11.7589,10.3375,3.08723,12.9204,13.6747,8.72189,14.6881,3.45988,14.4439,16.2084,15.6782,8.57087,19.911
3.23333,19.9711,10.5241,6.98105,4.28813,15.0947,4.8847,18.297,6.98499,16.563,12.0878,7.819,8.19559,14.8226,8.60278,19.5969,14.3642,11.3679,6.6284,5.42969,17.7317,10.2414,11.1294,14.6781,19.6612,2.99933,10.5684,4.04615,6.91243,11.4885,17.318,6.4311,11.9319,10.4213,3.09075,12.9559,13.692,8.42003,15.0731,3.44617,14.4253,16.1578,15.8389,8.53114,19.9159
3.25,19.9894,10.6215,7.07421,4.24632,15.4646,4.87032,18.5936,7.00283,16.5348,12.1596,7.85873,8.26983,15.0402,8.54983,19.5824,14.4337,11.3532,6.6341,5.37183,17.6655,10.2394,11.1665,14.6771,19.6701,3.01014,10.4845,4.17327,6.85844,11.4625,17.3685,6.44767,11.9381,10.5278,3.06926,12.9438,13.7243,8.46129,15.1184,3.42447,14.3447,16.1192,15.8481,8.44993,19.9055
3.26667,19.9786,10.6425,7.13118,4.23742,15.2892,4.97063,18.4669,7.03534,16.5335,12.2154,7.87299,8.33666,14.8908,8.59488,19.5633,14.4711,11.3444,6.69289,5.29353,17.6472,10.2225,11.2989,14.6566,19.7098,2.98563,10.4228,4.24941,6.85758,11.4225,17.4298,6.38281,12.0085,10.5627,3.13181,12.9576,13.7971,8.46929,15.2022,3.39114,14.3138,16.1149,15.9278,8.35953,19.9103
3.28333,19.9581,10.6737,7.18315,4.23716,15.0558,5.19597,18.1068,7.29743,16.5242,12.2623,7.83162,8.30371,14.6797,8.68287,19.5562,14.5308,11.3447,6.77939,5.22312,17.6002,10.2267,11.3555,14.5796,19.7485,2.97601,10.338,4.27987,6.7843,11.373,17.445,6.39297,11.9763,10.6387,3.14289,12.9762,13.8338,8.43738,15.2367,3.37108,14.254,16.1082,16.0127,8.28629,19.8914
3.3,19.9643,10.6613,7.16495,4.22889,14.8264,5.40959,17.9375,7.35268,16.523,12.2111,7.80589,8.2164,14.0011,9.16691,19.5534,14.4958,11.2918,6.71981,5.22643,17.5486,10.2486,11.3162,14.5322,19.742,2.98548,10.2814,4.23392,6.72398,11.3588,17.412,6.39573,11.9202,10.6115,3.11681,12.9867,13.7913,8.41482,15.2418,3.37362,14.1947,16.0684,16.0595,8.26506,19.8497
3.31667,19.9617,10.5619,7.22623,4.20276,14.8937,5.7476,18.4688,7.03958,16.5124,12.1396,7.78925,8.30919,13.5494,9.63066,19.5797,14.3923,11.2154,6.73195,5.20268,17.5305,10.2639,11.5995,14.5881,19.7302,2.97748,10.2416,4.29781,6.6786,11.3614,17.4657,6.32443,12.0093,10.6544,3.14518,13.1287,13.8555,8.40078,15.3158,3.36328,14.1446,16.2062,16.1045,8.22407,19.8359
3.33333,19.9609,10.4095,7.17753,4.23645,14.8145,6.01859,18.5616,6.8702,16.4693,11.892,7.72748,8.32266,13.4051,9.75472,19.6452,14.2061,11.0915,6.73582,5.19594,17.5424,10.2169,11.9747,14.6341,19.7182,2.95089,10.2665,4.25116,6.72097,11.3797,17.4988,6.3089,12.0447,10.6583,3.14703,13.3515,13.9672,8.37591,15.385,3.35878,14.174,16.4413,16.1876,8.22731,19.8365
3.35,19.9447,10.3743,7.10716,4.28631,14.7848,5.79566,18.4854,6.8508,16.467,11.9016,7.72141,8.36366,13.3919,9.85246,19.6434,14.1589,11.0888,6.75076,5.20349,17.5943,10.218,12.0036,14.6619,19.7138,2.91353,10.312,4.25269,6.79674,11.3923,17.528,6.29613,12.098,10.5856,3.13114,13.3742,13.982,8.34084,15.4493,3.34659,14.2393,16.4376,16.1931,8.24202,19.8578
3.36667,19.9649,10.3113,7.08687,4.28556,14.764,5.8472,18.4738,6.81372,16.4746,11.8672,7.71582,8.33659,13.3565,9.8248,19.6736,14.1195,11.065,6.7232,5.2249,17.5916,10.2293,11.9965,14.6899,19.6935,2.91062,10.2889,4.27197,6.80936,11.4293,17.5161,6.29471,12.0831,10.5742,3.12904,13.3927,13.97,8.32222,15.4549,3.35057,14.2301,16.4851,16.1832,8.25341,19.8548
3.38333,19.987,10.2983,7.10396,4.26118,14.7467,5.84325,18.4898,6.81994,16.5311,11.9394,7.68876,8.30535,13.5104,9.61703,19.6769,14.1299,11.0644,6.70324,5.23064,17.5691,10.1954,11.9709,14.6711,19.6792,2.89926,10.2317,4.26278,6.77987,11.4345,17.5013,6.28723,12.049,10.6239,3.06058,13.3701,13.9573,8.29753,15.4323,3.36262,14.1664,16.4847,16.1918,8.24727,19.8274
3.4,20.0077,10.3214,7.14882,4.25243,14.7522,5.72533,18.5184,6.90185,16.5498,11.9529,7.75339,8.32784,13.504,9.60154,19.6841,14.1587,11.099,6.69751,5.22617,17.5727,10.2078,11.9417,14.6549,19.7031,2.90722,10.2267,4.28694,6.783,11.4385,17.4987,6.25547,12.0399,10.6573,3.02049,13.3323,13.9512,8.28115,15.4113,3.36923,14.1567,16.5275,16.2413,8.25181,19.8333
3.41667,19.9957,10.3579,7.20635,4.16731,14.7467,5.74741,18.5397,6.9456,16.5193,11.9779,7.72212,8.30308,13.424,9.65103,19.6498,14.1794,11.1164,6.70261,5.15282,17.5113,10.205,11.8772,14.6029,19.7113,2.89477,10.1441,4.28854,6.71616,11.3844,17.5069,6.2507,11.9815,10.7052,3.00524,13.2701,13.9425,8.21722,15.3596,3.32347,14.0759,16.4802,16.2518,8.16639,19.8018
3.43333,20.01,10.3789,7.23357,4.1351,14.7853,5.76476,18.6605,6.93093,16.5336,11.9563,7.75172,8.2858,13.5131,9.47874,19.6513,14.1751,11.1738,6.66061,5.12311,17.4814,10.2204,11.9056,14.5731,19.7,2.9291,10.1013,4.31129,6.6802,11.3924,17.488,6.29337,11.9468,10.7358,2.98301,13.2904,13.9513,8.16435,15.3241,3.33666,14.011,16.5244,16.298,8.14819,19.7605
3.45,20.0158,10.3801,7.30171,4.07743,14.8218,5.67599,18.7618,6.82072,16.5261,11.9532,7.80641,8.2638,13.4661,9.47882,19.6423,14.196,11.285,6.60074,5.09991,17.4287,10.2306,11.8549,14.5291,19.6997,2.93268,10.0384,4.36588,6.64814,11.3695,17.4519,6.29572,11.9112,10.8229,2.97831,13.279,13.9298,8.12968,15.268,3.32839,13.9377,16.5108,16.304,8.11181,19.7139
3.46667,20.0041,10.4142,7.35871,4.06227,14.8909,5.71099,18.7504,6.7655,16.5044,11.9804,7.80321,8.18978,13.4597,9.49584,19.6448,14.2101,11.2854,6.62584,5.05914,17.3822,10.2423,11.8167,14.4879,19.7182,2.94892,9.97578,4.34916,6.61813,11.353,17.4472,6.31553,11.8738,10.8816,2.98826,13.2463,13.9131,8.12555,15.2009,3.31516,13.8644,16.6093,16.4341,8.06791,19.6841
3.48333,20.015,10.3842,7.41505,4.01312,14.8817,5.55122,18.7205,6.69204,16.5046,11.9763,7.85337,8.15511,13.3338,9.64064,19.6449,14.1741,11.3189,6.61068,5.03181,17.3344,10.2798,11.7858,14.484,19.7146,2.97035,9.89357,4.40069,6.54891,11.3256,17.4472,6.32431,11.811,10.9583,2.99069,13.2377,13.929,8.12514,15.1451,3.29993,13.7833,16.701,16.4907,8.0077,19.6529
3.5,20.0821,10.4285,7.50285,3.94349,14.9449,5.4963,18.6811,6.71386,16.524,11.9644,7.92854,8.11814,13.3494,9.69478,19.6385,14.2169,11.3606,6.53562,5.0018,17.2601,10.3038,11.809,14.3824,19.7256,3.01754,9.83128,4.47721,6.46655,11.2924,17.3819,6.24374,11.7661,11.0651,2.96219,13.3091,13.9481,8.05127,15.1082,3.26998,13.6897,16.8141,16.6802,7.95796,19.5896
3.51667,20.0421,10.4711,7.58588,3.92797,15.0327,5.48968,18.7165,6.77954,16.5165,12.0401,7.97274,8.08612,13.365,9.72635,19.6006,14.3063,11.4139,6.51979,4.94308,17.1827,10.2752,11.8307,14.3117,19.7734,3.05385,9.75219,4.49054,6.41818,11.2225,17.4113,6.23715,11.725,11.1268,3.02125,13.3058,14.0005,8.01772,15.094,3.2342,13.6029,16.9573,16.9348,7.85288,19.5799
3.53333,20.0704,10.5319,7.71839,3.84911,15.0074,5.46186,18.6941,6.7079,16.5634,12.0413,8.0007,8.0621,13.4345,9.69537,19.6141,14.3026,11.4777,6.4594,4.90864,17.1013,10.2735,11.8406,14.3309,19.7549,3.09934,9.67385,4.54844,6.25286,11.235,17.4055,6.24288,11.6934,11.2831,3.02613,13.3605,14.0608,8.04445,15.0463,3.22581,13.5194,17.0968,17.0548,7.79629,19.5318
3.55,20.0895,10.5713,7.64117,3.89516,15.0488,5.61579,18.6589,6.86413,16.5468,12.0568,7.93807,8.05696,13.471,9.72252,19.5829,14.3845,11.4654,6.49205,4.88272,17.1054,10.2134,11.8965,14.3154,19.7706,3.10384,9.69217,4.45565,6.28399,11.2126,17.4113,6.29549,11.7362,11.184,3.03725,13.4333,14.1298,8.01709,15.0377,3.22373,13.5083,17.2734,17.2922,7.75611,19.5425
3.56667,20.0937,10.6016,7.64746,3.91185,15.0664,5.68988,18.7237,6.91499,16.5203,12.0563,7.93223,8.0589,13.4814,9.74772,19.5849,14.3826,11.4786,6.44827,4.84627,17.0822,10.1554,11.8832,14.3332,19.7695,3.11387,9.69943,4.42247,6.25465,11.1886,17.3949,6.25029,11.7301,11.168,3.04792,13.4649,14.1813,8.00595,15.0247,3.19203,13.4797,17.4411,17.4899,7.71649,19.5368
3.58333,20.0732,10.6334,7.69836,3.87964,15.1215,5.64732,18.7542,6.93465,16.4894,12.1233,7.97144,8.01087,13.5466,9.82841,19.5862,14.4549,11.5627,6.4492,4.86254,17.06,10.1729,11.8899,14.3179,19.7673,3.15011,9.67676,4.46071,6.20341,11.185,17.3699,6.30339,11.6643,11.2171,3.05875,13.4181,14.1686,8.03436,14.9943,3.2253,13.4653,17.4946,17.6018,7.73835,19.5165
3.6,20.0565,10.7264,7.73932,3.86337,15.1496,5.73278,18.7594,6.96519,16.4716,12.1699,7.94545,8.01392,13.5432,9.90895,19.5597,14.5122,11.6069,6.50397,4.84329,17.0531,10.1964,11.8914,14.2908,19.794,3.17691,9.71499,4.46298,6.21101,11.167,17.3574,6.2914,11.6492,11.2395,3.06369,13.3844,14.2177,8.05026,14.9487,3.20658,13.4629,17.4658,17.6487,7.73053,19.5185
3.61667,20.0648,10.7142,7.63387,3.94945,15.1212,5.75191,18.754,6.96012,16.4685,12.1581,7.87768,8.01928,13.5208,9.93851,19.5557,14.5451,11.5927,6.54697,4.86429,17.097,10.2131,11.9004,14.2618,19.8238,3.14554,9.79542,4.44969,6.23841,11.174,17.3406,6.31936,11.726,11.1119,3.09655,13.4003,14.2791,8.0745,14.8964,3.25014,13.5621,17.4474,17.6852,7.76613,19.5551
3.63333,19.9922,10.6633,7.52746,4.02764,15.0253,5.85163,18.6995,6.93666,16.5199,12.214,7.79297,8.09766,13.78,9.48161,19.5705,14.5294,11.5008,6.59117,4.9143,17.1664,10.1939,11.8445,14.3498,19.8031,3.12029,9.8808,4.39961,6.26679,11.2314,17.3454,6.41621,11.7549,11.0694,3.09647,13.3281,14.2869,8.14238,14.9171,3.25843,13.6758,17.5001,17.6345,7.83926,19.5853
3.65,20.0387,10.6203,7.52306,4.07393,15.0509,5.38628,18.5668,6.93573,16.5757,12.1758,7.84249,8.1047,14.2051,9.11303,19.5814,14.5585,11.5878,6.67253,5.00917,17.2205,10.198,11.8233,14.3539,19.8272,3.12944,9.94789,4.40471,6.31173,11.2615,17.3178,6.4537,11.7583,11.0472,3.1234,13.3217,14.3111,8.2314,14.8964,3.30905,13.771,17.5139,17.669,7.92445,19.622
3.66667,20.0581,10.6648,7.56182,4.05743,14.9058,5.24159,18.1285,7.1543,16.5496,12.21,7.92411,8.15463,14.6011,8.78076,19.5574,14.6459,11.6369,6.70015,4.99368,17.1774,10.1573,11.8266,14.2842,19.866,3.14117,9.91844,4.52974,6.31828,11.2348,17.3105,6.43732,11.7462,11.1299,3.15996,13.2477,14.3486,8.25814,14.9078,3.26664,13.779,17.4573,17.7282,7.89581,19.6147
3.68333,20.0306,10.6824,7.55955,4.02351,14.9308,5.05601,17.9389,7.26276,16.5453,12.2439,7.91756,8.10358,14.5619,8.77145,19.5227,14.683,11.6435,6.69077,4.97987,17.1575,10.1477,11.8637,14.2313,19.8566,3.10811,9.8598,4.57796,6.293,11.1996,17.314,6.4136,11.711,11.1433,3.12769,13.168,14.3622,8.27869,14.9324,3.23514,13.767,17.3939,17.7609,7.85955,19.6154
3.7,20.0234,10.7126,7.53989,4.03814,14.8952,5.28306,17.9305,7.36795,16.5445,12.2538,7.83602,8.05242,14.1921,9.03316,19.5138,14.6929,11.5229,6.6898,4.91687,17.0997,10.1408,11.8705,14.1729,19.8691,3.09055,9.80633,4.52565,6.27863,11.1593,17.304,6.39294,11.6975,11.1258,3.10326,13.1274,14.3653,8.27683,14.9982,3.18795,13.7265,17.3504,17.7699,7.8063,19.5733
3.71667,20.0318,10.8335,7.50232,4.03252,14.9394,5.2942,18.1404,7.33682,16.4597,12.2076,7.85903,8.08053,13.4479,9.84584,19.5129,14.6777,11.4901,6.72506,4.91113,17.1207,10.1476,11.8478,14.19,19.8678,3.07456,9.79628,4.55168,6.28987,11.142,17.3349,6.40679,11.713,11.2811,3.06671,13.1063,14.3869,8.25162,15.0746,3.17651,13.7348,17.3436,17.7787,7.76509,19.5796
3.73333,20.0211,10.7769,7.49432,4.02459,15.065,5.6111,18.5759,7.08906,16.4584,12.2617,7.86003,8.0809,13.475,9.85038,19.469,14.7101,11.4325,6.71739,4.91646,17.1213,10.1259,11.8605,14.1375,19.8783,3.0313,9.78775,4.52751,6.32063,11.1284,17.3055,6.39011,11.7009,11.2044,3.07094,13.0391,14.3331,8.19599,15.1108,3.17089,13.7488,17.3011,17.8015,7.77093,19.5787
3.75,20.0172,10.815,7.57132,3.98419,15.0845,6.04938,18.7605,7.10325,16.4736,12.2629,7.82172,8.13452,13.481,9.84479,19.5188,14.6296,11.3443,6.72231,4.92856,17.142,10.1168,11.8965,14.2149,19.8501,3.01891,9.79334,4.51206,6.38303,11.1564,17.318,6.42451,11.7264,11.178,3.09909,13.0295,14.2953,8.20262,15.1623,3.18159,13.7713,17.3598,17.7488,7.80239,19.5984
3.76667,20.0229,10.9136,7.50259,4.05036,15.1124,6.10672,18.7865,7.19503,16.4445,12.2295,7.87571,8.12257,13.5049,9.93445,19.504,14.6379,11.3534,6.73173,4.89486,17.1351,10.1411,11.96,14.2195,19.8774,3.04013,9.7567,4.56951,6.3652,11.1441,17.3668,6.46632,11.7355,11.0857,3.1424,13.0317,14.3345,8.18449,15.2266,3.17797,13.7464,17.3704,17.7762,7.75101,19.5857
3.78333,20.0328,10.8698,7.58647,3.99622,15.1422,6.05016,18.8243,7.19712,16.499,12.2497,7.93729,8.08493,13.5243,9.90686,19.534,14.6425,11.4101,6.70496,4.82453,17.041,10.2878,12.0342,14.2222,19.8646,3.07746,9.63386,4.62633,6.24478,11.0973,17.395,6.47254,11.6487,11.1886,3.11916,13.1547,14.4041,8.12335,15.2454,3.18195,13.6021,17.3647,17.7596,7.66459,19.5317
3.8,20.0425,10.7515,7.70614,3.92633,15.0931,5.88912,18.7602,7.06881,16.5473,12.2645,7.95453,8.08816,13.7685,9.59882,19.5388,14.6357,11.4014,6.66512,4.73818,16.9639,10.6582,12.2705,14.237,19.8426,3.11961,9.51244,4.70385,6.13505,11.0498,17.4476,6.43553,11.6235,11.3226,3.09502,13.4597,14.6479,8.07342,15.2748,3.15961,13.4669,17.3875,17.7308,7.55739,19.4573
3.81667,20.0145,10.9038,7.72707,3.92101,15.1382,6.03616,18.8065,7.14968,16.521,12.319,7.96038,8.12145,13.7708,9.54785,19.5421,14.6097,11.3982,6.67342,4.72481,16.9657,11.2038,12.7938,14.2502,19.8251,3.14128,9.53106,4.72362,6.12083,11.0336,17.4747,6.42343,11.6409,11.3302,3.10371,14.0147,15.2162,8.01954,15.2893,3.14782,13.429,17.39,17.7146,7.52988,19.4612
3.83333,20.0367,11.0407,7.79718,3.8716,15.2529,6.00287,18.8941,7.27687,16.4592,12.4327,8.02881,8.07729,13.8167,9.52287,19.4775,14.7208,11.4968,6.66087,4.66617,16.893,11.3794,13.1176,14.1168,19.8536,3.1718,9.45056,4.76302,6.09413,10.9659,17.4124,6.36877,11.5069,11.4173,3.076,14.219,15.4387,7.93171,15.2035,3.14082,13.3267,17.2796,17.7908,7.47142,19.42
3.85,20.035,11.082,7.91216,3.8239,15.2681,6.03757,18.9715,7.3513,16.4406,12.4959,8.07532,8.03056,13.8485,9.48232,19.4348,14.8167,11.6121,6.65477,4.58515,16.7802,11.3706,13.1229,14.0396,19.894,3.22252,9.32966,4.83212,5.97312,10.8999,17.4413,6.42172,11.4681,11.6092,3.06946,14.2622,15.492,7.88103,15.1694,3.11509,13.1644,17.2162,17.849,7.36128,19.3892
3.86667,20.0312,11.2007,8.02449,3.78112,15.3446,6.24419,19.0312,7.44349,16.4456,12.5493,8.12938,8.02822,13.7356,9.61692,19.3825,14.9143,11.6936,6.65346,4.49296,16.73,11.3383,13.1161,13.9551,19.9186,3.24012,9.26379,4.90614,5.91068,10.822,17.4453,6.42607,11.436,11.7748,3.02768,14.242,15.5337,7.82034,15.1294,3.08995,13.085,17.0928,17.9191,7.26317,19.3256
3.88333,20.0394,11.2849,8.16546,3.71249,15.4476,6.23715,19.0924,7.54071,16.4384,12.6351,8.22135,7.97844,13.6111,9.77271,19.3597,15.0196,11.7547,6.68485,4.41912,16.6141,11.3493,13.0871,13.8717,19.9592,3.28832,9.1608,5.00738,5.82657,10.7409,17.4735,6.53532,11.4066,11.9211,3.03877,14.2274,15.6109,7.79282,15.0773,3.07043,12.9195,17.0174,17.9823,7.15281,19.2706
3.9,20.0362,11.4129,8.45477,3.60229,15.4984,6.31508,19.1706,7.66746,16.3247,12.7762,8.27057,7.96202,13.4667,10.0273,19.2958,15.1453,11.7785,6.72491,4.26151,16.4245,11.2939,13.1141,13.7384,20.009,3.32039,8.96968,5.24397,5.52166,10.581,17.5612,6.56619,11.4259,12.3025,3.08569,14.0962,15.7665,7.70786,15.0652,2.97894,12.6885,16.8945,18.0584,6.91313,19.1424
3.91667,19.9988,11.4772,8.61596,3.58169,15.5298,6.32953,19.1725,7.72558,16.2345,12.9759,8.29396,7.98179,13.4617,10.1603,19.2819,15.2046,11.8103,6.78401,4.16239,16.3139,11.2351,13.2276,13.7032,20.0454,3.37264,8.83541,5.30146,5.43293,10.4704,17.6873,6.63954,11.4696,12.4504,3.09701,14.0408,15.9962,7.6236,15.1363,2.92921,12.5106,16.8391,18.1167,6.7429,19.0471
3.93333,20.0191,11.3876,8.77033,3.50268,15.4761,6.20338,19.0876,7.61351,16.0662,13.0669,8.27214,8.03559,13.4111,10.2817,19.3012,15.1269,11.7836,6.79756,4.06521,16.1427,11.1684,13.3292,13.7437,20.0281,3.41025,8.6663,5.35176,5.25722,10.3915,17.8449,6.69803,11.5733,12.6022,3.07539,13.9589,16.2129,7.58804,15.2208,2.88382,12.3314,16.8936,18.0725,6.58343,18.9388
3.95,20.0215,11.3873,8.80369,3.5082,15.4575,6.258,19.0648,7.62051,15.8081,13.0977,8.28081,7.99054,13.2899,10.1777,19.3005,15.1175,11.7438,6.56801,4.04071,16.0622,11.1227,13.3697,13.7024,20.0409,3.4382,8.57735,5.3547,5.20361,10.332,17.8819,6.70928,11.5623,12.6313,3.09881,13.9093,16.2377,7.57355,15.1852,2.86341,12.2474,16.8837,18.0805,6.52411,18.9181
3.96667,20.0315,11.4235,8.72494,3.54286,15.427,6.40277,19.1008,7.66943,15.886,13.1152,8.22593,7.99281,13.285,10.1819,19.3036,15.1491,11.6947,6.53484,4.06153,16.0955,11.1404,13.3739,13.7161,20.0468,3.42662,8.64344,5.27223,5.2395,10.3622,17.894,6.69703,11.5986,12.4874,3.15069,13.9203,16.2385,7.60554,15.1783,2.86005,12.2852,16.9206,18.1107,6.52776,18.9503
3.98333,20.032,11.4239,8.71891,3.55672,15.376,6.68448,19.1261,7.66236,16.134,12.9637,8.15165,8.01359,13.2793,10.1531,19.3524,15.125,11.6842,6.52043,4.08327,16.1137,11.1643,13.3635,13.7842,20.035,3.41372,8.68361,5.2891,5.23135,10.3865,17.952,6.68507,11.6664,12.4817,3.15709,13.9225,16.2284,7.68101,15.1847,2.86785,12.3161,17.0252,18.0766,6.55409,18.9744
4,20.0058,11.2962,8.75894,3.56006,15.2559,6.81781,19.0499,7.56112,16.1258,13.0044,8.0131,8.07454,13.2442,10.062,19.3838,15.0137,11.5749,6.48602,4.06041,16.108,11.2303,13.3343,13.8983,19.9936,3.42158,8.63699,5.32238,5.2118,10.3826,18.0946,6.69159,11.7537,12.4962,3.1697,13.9723,16.1686,7.8343,15.1953,2.85428,12.3199,17.1657,18.0069,6.54686,18.9801
4.01667,20.0057,11.1023,8.80805,3.54401,15.1584,6.64628,18.9844,7.36147,16.197,12.7186,7.93074,8.18263,13.2633,9.97418,19.4642,14.8512,11.5285,6.43278,4.08606,16.0469,11.3553,13.2484,14.0505,19.9416,3.43792,8.61882,5.37552,5.20651,10.3582,18.3568,6.73821,11.8906,12.5591,3.19892,14.0518,16.0529,8.10053,15.2528,2.86975,12.2429,17.3096,17.9289,6.52709,18.9687
4.03333,20.0008,11.0216,8.84837,3.54005,14.8245,6.20799,18.817,7.26153,15.6887,12.5179,7.73735,8.31012,13.2544,9.7634,19.4891,14.7775,11.3097,6.35596,4.00072,15.9423,11.512,13.1091,14.0955,19.9152,3.44158,8.54521,5.46905,5.15204,10.2989,18.6592,6.77578,12.055,12.7004,3.28061,14.0166,15.998,8.36701,15.2965,2.8364,12.1596,17.3483,17.8715,6.43322,18.912
4.05,19.9551,10.9472,8.85697,3.54012,14.968,5.89307,18.8536,7.10735,15.913,12.3985,7.46989,8.49182,13.4692,9.48452,19.458,14.7146,10.92,6.40161,3.95448,15.9079,11.5232,13.0731,14.1227,19.8778,3.4408,8.50839,5.5357,5.13748,10.2636,18.929,6.76721,12.2833,12.6787,3.30889,13.9861,15.9756,8.59704,15.3934,2.80855,12.1285,17.2879,17.8502,6.39104,18.8267
4.06667,19.9616,10.9192,8.87358,3.47016,14.9894,5.94892,18.8946,7.07879,16.0006,12.98,7.24522,8.69259,13.8971,9.65654,19.4683,14.6737,10.6324,6.60424,3.95459,15.8588,11.5373,13.0188,14.092,19.8388,3.44719,8.46933,5.68918,5.21779,10.1998,19.2217,6.78337,12.5592,12.7592,3.22338,13.957,15.9106,8.83504,15.5505,2.82355,12.0942,17.2352,17.8023,6.33481,18.8231
4.08333,19.9793,10.799,8.96011,3.42485,14.8782,6.12965,18.8371,7.02219,15.7937,13.4912,7.14588,8.90478,14.03,9.89342,19.5161,14.5517,10.3778,6.77298,3.96126,15.8164,11.402,12.8046,14.0712,19.8496,3.47245,8.41903,5.92811,5.34785,10.196,19.4509,6.63678,12.9398,12.9002,3.18757,13.2613,15.952,9.13824,15.6598,2.87861,12.0597,17.0636,17.4801,6.35492,18.786
4.1,19.9671,10.7291,8.98312,3.4003,14.426,6.35864,18.4368,6.91123,15.8331,13.9183,7.17321,9.04985,14.1248,10.187,19.5354,14.4901,10.2267,6.81748,3.98397,15.8183,11.2738,12.7909,14.0521,19.8383,3.48184,8.41002,6.09704,5.50587,10.1808,19.5043,6.53915,12.9974,12.9093,3.15075,12.9694,16.019,9.18221,15.7186,2.90595,12.078,16.8905,17.2212,6.3624,18.7845
4.11667,19.973,10.6568,8.94213,3.37486,14.4976,6.31601,18.4391,6.46822,15.9149,13.812,7.27758,9.1137,14.0682,10.1363,19.5799,14.4465,10.2323,6.80802,4.01163,15.8513,11.275,12.7833,14.1046,19.7995,3.4943,8.42666,6.21153,5.58957,10.2188,19.556,6.55174,13.0289,12.8877,3.13991,13.075,16.0405,9.24979,15.7315,2.95324,12.1393,16.9058,17.1306,6.41721,18.7931
4.13333,19.9005,10.6493,8.90087,3.35926,14.4358,6.32655,18.4046,6.40876,15.9896,13.8113,7.21506,9.09185,14.147,10.1177,19.588,14.4445,10.2371,6.83092,4.03866,15.8674,11.2998,12.778,14.14,19.783,3.52593,8.42659,5.91865,5.37075,10.2482,19.5994,6.57315,13.0312,12.8581,3.13902,13.1202,16.0733,9.2744,15.7275,2.95779,12.1968,17.0052,17.2503,6.45165,18.8184
4.15,19.6325,10.5987,8.73812,3.39444,14.2838,6.29415,18.4375,6.51227,16.0149,13.6911,7.20408,9.15377,14.1491,10.1453,19.5805,14.421,10.1956,6.84626,4.0339,15.8699,11.2386,12.7255,14.1638,19.7689,3.53694,8.41031,5.5647,5.20662,10.257,19.5935,6.54232,12.9955,12.6938,3.11463,13.1658,16.0638,9.28126,15.7307,2.94882,12.2261,16.9466,17.2476,6.46945,18.8169
4.16667,19.0395,10.6924,8.80135,3.37002,14.4932,6.23544,18.3942,6.59199,16.0629,13.5218,7.25215,9.16922,14.0471,10.0631,19.5875,14.4507,10.2178,6.87314,4.06819,15.8055,11.1507,12.6846,14.1433,19.7622,3.57088,8.37706,5.62044,5.14984,10.2289,19.6344,6.69301,13.0101,12.7671,3.10567,13.3453,16.1433,9.34295,15.7713,2.95736,12.1793,16.8426,17.2215,6.447,18.7927
4.18333,18.5354,10.8702,8.96808,3.30486,14.7255,6.24329,18.641,6.62193,15.9931,13.3254,7.28209,9.13749,13.6667,9.92507,19.584,14.4572,10.2721,6.85378,3.9636,15.6995,10.5979,12.4946,14.1169,19.7625,3.63408,8.22303,5.73367,5.02254,10.2092,19.697,6.93633,12.892,12.9321,3.11554,13.4286,16.1826,9.31644,15.7698,2.94572,12.0134,16.7581,17.2401,6.32521,18.727
4.2,18.3804,10.8869,9.10983,3.23285,15.0093,6.1613,18.8876,6.87448,15.3702,13.0328,7.30726,9.16773,13.281,9.63479,19.5714,14.4582,10.1934,6.84719,3.83972,15.475,10.4433,12.4518,14.0863,19.7544,3.67519,8.01351,5.80672,4.90655,10.1872,19.6672,6.79935,12.9191,13.0922,3.11778,13.3144,16.2094,9.20064,15.759,2.92176,11.7711,16.6712,17.1723,6.12414,18.5866
4.21667,18.2276,10.8733,9.2429,3.22192,15.1701,6.16789,18.9086,6.96336,14.8342,12.7517,7.30134,9.14855,13.013,9.48876,19.5863,14.463,10.2095,6.86104,3.80744,15.3818,10.9868,12.6633,14.0837,19.7631,3.69922,7.94668,5.90204,4.85886,10.1818,19.6973,6.83062,12.925,13.2058,3.16222,13.295,16.2612,9.1681,15.8082,2.91011,11.6868,16.6713,17.176,6.04945,18.538
4.23333,18.2507,10.8412,9.32828,3.22244,15.2052,6.20297,18.9211,6.9682,14.7576,12.72,7.32997,9.17525,12.9468,9.52309,19.6116,14.4449,10.1804,6.82463,3.79132,15.3204,11.191,12.7651,14.0722,19.7603,3.75234,7.89038,5.93001,4.74481,10.1722,19.7334,6.92408,12.9326,13.2675,3.15353,13.3284,16.2578,9.20016,15.8249,2.91966,11.6144,16.6818,17.1755,6.02518,18.4933
4.25,18.2298,10.9376,9.45715,3.2634,15.281,6.25565,18.9363,7.07618,14.6639,12.7323,7.34051,9.1811,12.9501,9.54778,19.6133,14.5383,10.2167,6.87262,3.80625,15.2998,11.0656,12.7336,14.0818,19.8001,3.77538,7.89887,5.96366,4.8014,10.1767,19.8519,7.06639,12.9914,13.3523,3.20282,13.3591,16.3396,9.26431,15.9081,2.9255,11.6203,16.7068,17.2821,6.00861,18.5021
4.26667,18.2365,10.9681,9.53329,3.23807,15.3299,6.25506,18.974,7.10876,14.6583,12.7439,7.31749,9.19495,12.8905,9.46936,19.5998,14.5568,10.1462,6.8282,3.84899,15.3614,11.0473,12.7018,14.0668,19.8056,3.74865,7.95833,6.29639,5.12333,10.151,19.8863,7.03534,13.0262,13.3908,3.19292,13.3494,16.3692,9.29198,15.9301,2.90624,11.6906,16.7307,17.327,6.0757,18.5548
4.28333,18.3268,10.9501,9.59436,3.22669,15.2911,6.29211,18.9609,7.08478,14.8323,12.8145,7.3427,9.19428,12.9005,9.48027,19.599,14.5857,10.2789,6.77324,3.84509,15.3405,11.1034,12.6951,14.0421,19.7985,3.76782,7.93208,6.77295,5.62606,10.109,19.9271,7.12001,13.0696,13.4589,3.18128,13.315,16.3758,9.34489,15.9239,2.90796,11.6654,16.7452,17.3749,6.09238,18.5448
4.3,18.5563,10.9414,9.60288,3.21444,15.2273,6.3309,18.8893,7.01244,15.2718,12.9555,7.29519,9.34184,13.1379,9.62548,19.5771,14.6515,10.4777,6.64393,3.83362,15.3127,11.2022,12.8115,13.9556,19.7999,3.77631,7.89745,6.92605,5.75396,10.0285,20.1176,7.20531,13.257,13.4625,3.17618,13.2459,16.3438,9.43961,16.0511,2.91995,11.6345,16.8531,17.5407,6.08415,18.5192
4.31667,18.7873,10.9437,9.61673,3.2255,15.1319,6.4562,18.8764,6.96522,15.8796,13.2073,7.17682,9.34746,13.5526,9.94607,19.5554,14.6841,10.8431,6.55818,3.84445,15.3021,11.0533,12.8486,13.9207,19.8272,3.79478,7.90695,6.92505,5.76089,9.99216,20.1513,7.24537,13.3035,13.4941,3.25439,13.1701,16.2038,9.44214,16.0705,2.92601,11.6313,16.8365,17.5714,6.07559,18.5307
4.33333,18.608,10.7448,9.64395,3.21145,14.9007,6.60577,18.7345,6.73359,16.1796,13.4527,7.19138,9.33469,13.7364,10.1418,19.6012,14.4901,11.0121,6.47437,3.84099,15.2898,10.8545,12.7272,13.8892,19.8434,3.79623,7.89041,6.94568,5.72146,9.96744,20.1474,7.23677,13.2965,13.5199,3.26223,13.0984,16.1785,9.43678,16.0628,2.93062,11.6121,16.8738,17.3336,6.07429,18.5082
4.35,18.4374,10.5433,9.61882,3.19157,14.8288,6.56678,18.624,6.60469,16.181,13.4078,7.23912,9.32013,13.7847,10.1381,19.6412,14.3344,10.9174,6.48628,3.81779,15.2406,10.8316,12.7181,13.8513,19.8468,3.78633,7.83926,6.96995,5.66095,9.9343,20.1228,7.21547,13.2692,13.5082,3.21125,13.0662,16.0816,9.3969,16.037,2.91409,11.5639,16.8845,17.1227,6.02391,18.4692
4.36667,18.345,10.4709,9.61215,3.18259,14.7931,6.59069,18.5062,6.58011,16.1024,13.3919,7.49376,9.31707,13.8018,10.1736,19.6168,14.3655,10.8359,6.50814,3.80699,15.2065,10.7958,12.6923,13.8135,19.8269,3.78994,7.80861,7.00882,5.6455,9.89338,20.1021,7.18807,13.26,13.4946,3.16501,13.0215,16.0063,9.37147,16.0143,2.90002,11.5472,16.8353,17.1974,6.00589,18.456
4.38333,18.2986,10.4101,9.53739,3.21026,14.7332,6.62185,18.4669,6.51343,16.1155,13.3706,7.80593,9.39597,13.8378,10.2264,19.6622,14.3377,10.7723,6.56097,3.83816,15.2739,10.7786,12.697,13.8213,19.822,3.79143,7.85374,7.06289,5.73449,9.90589,20.1045,7.21637,13.2761,13.4343,3.14032,13.0814,15.9705,9.40618,16.0141,2.9199,11.5949,16.8479,17.1968,6.0626,18.4859
4.4,18.3456,10.4199,9.37326,3.25493,14.735,6.51659,18.466,6.52757,16.0688,13.3055,8.41553,9.5181,13.6917,10.1204,19.6456,14.3664,10.6914,6.58581,3.84844,15.3287,10.7688,12.6331,13.8097,19.8321,3.76045,7.87392,7.20955,5.97327,9.89439,20.0992,7.20095,13.2749,13.2654,3.12508,13.1461,15.9354,9.4144,16.0242,2.88929,11.6677,16.8737,17.2002,6.09652,18.5189
4.41667,18.4897,10.6013,9.24774,3.29116,14.8692,6.42391,18.5806,6.70306,15.9841,13.2695,8.82544,9.5407,13.4614,9.91449,19.6122,14.3916,10.8278,6.50963,3.83864,15.3698,10.962,12.6993,13.7548,19.8567,3.73532,7.87571,7.29836,6.18692,9.83921,20.1041,7.19004,13.3209,13.1504,3.13354,13.1735,15.9212,9.37773,16.0412,2.8818,11.7068,16.8294,17.2107,6.09067,18.5431
4.43333,18.6102,10.7832,9.10041,3.37038,14.9405,6.29166,18.6508,6.86715,15.8377,13.1361,8.82316,9.72527,13.2493,9.64131,19.574,14.4739,11.1465,6.38731,3.8643,15.4758,11.0495,12.7574,13.7085,19.9076,3.66621,7.99381,7.22314,6.42351,9.77777,20.1182,7.18669,13.3254,12.9896,3.14579,13.2461,15.9421,9.38968,16.0686,2.87551,11.8288,16.8359,17.3501,6.1797,18.6482
4.45,18.5821,10.8442,9.08112,3.36149,15.062,6.18655,18.7136,6.95986,15.556,12.918,8.79416,9.62567,13.6769,9.63576,19.5649,14.5264,11.4801,6.4756,3.87431,15.5658,10.9662,12.7405,13.6804,19.9471,3.65129,8.06795,7.04263,6.44477,9.73424,20.111,7.15158,13.3943,12.9735,3.1407,13.346,16.0071,9.41701,16.0831,2.88651,11.9159,16.8434,17.4158,6.27826,18.7062
4.46667,18.801,10.98,9.23278,3.33252,15.1941,6.25659,18.8369,7.1053,16.0082,13.2833,8.6106,9.52827,14.3904,9.8188,19.4958,14.7007,11.6107,6.6923,3.8688,15.5686,10.7062,12.694,13.6921,19.9418,3.67359,8.0608,6.89202,6.30007,9.74363,20.11,7.13613,13.3742,13.1007,3.17075,13.3906,16.0414,9.41731,16.0215,2.91912,11.8998,16.7844,17.6092,6.27297,18.6972
4.48333,18.5993,10.9331,9.27824,3.2985,15.1079,6.24903,18.8071,7.07223,15.9513,13.4399,8.39188,9.47379,14.7105,9.80421,19.5008,14.6311,11.5668,7.12466,3.86057,15.5512,10.5953,12.5183,13.6845,19.9308,3.66911,8.05242,6.79719,6.10761,9.71909,20.1295,6.93659,13.101,13.1163,3.13021,13.2219,16.05,9.22715,15.7538,2.91752,11.8706,16.6673,17.4165,6.24772,18.6798
4.5,18.3777,11.0024,9.49732,3.23934,15.1352,6.3891,18.8847,7.13002,15.8883,13.6414,8.15709,9.18344,14.643,10.0159,19.5306,14.6086,11.7563,7.64173,3.85678,15.4996,10.2925,12.2147,13.6767,19.929,3.7377,7.97739,6.68861,5.71572,9.73093,20.1453,6.68102,12.8072,13.3556,3.17116,12.9895,16.1136,9.05848,15.5143,2.94483,11.7903,16.8405,17.5768,6.22062,18.6425
4.51667,18.008,11.0417,9.63204,3.20817,15.0681,6.51681,18.8856,7.17012,15.8817,13.932,7.97307,8.94224,14.1571,10.5424,19.5853,14.4337,11.6519,7.97289,3.78521,15.357,10.4311,11.7509,13.6721,19.9512,3.78588,7.87176,6.61094,5.48856,9.73112,20.1729,6.64937,12.6881,13.4608,3.23891,12.8085,16.1996,8.89879,15.4634,2.93545,11.6631,17.2904,17.6908,6.10393,18.5497
4.53333,17.7737,11.0392,9.78064,3.17652,15.0488,6.5695,18.9067,7.19838,15.8906,14.0489,7.41732,8.80894,13.9904,10.8207,19.6552,14.2352,11.6965,8.0389,3.67858,15.2115,10.136,11.5214,13.6458,19.9792,3.84151,7.74755,6.55464,5.23678,9.71291,20.1851,6.58365,12.6719,13.6128,3.30213,12.7492,16.254,8.82737,15.4411,2.93217,11.4911,17.5443,17.7262,5.96664,18.4411
4.55,17.7445,11.0591,9.86166,3.169,15.0151,6.58462,18.8784,7.22921,15.8689,14.0352,7.37718,8.77811,14.031,10.8365,19.6555,14.2701,11.6441,8.07156,3.71048,15.2034,10.1631,11.4675,13.6303,19.9776,3.87327,7.68272,6.57132,5.1221,9.69422,20.1772,6.57252,12.6442,13.673,3.30226,12.7462,16.2963,8.83501,15.4397,2.94585,11.4097,17.6025,17.6654,5.96098,18.4291
4.56667,17.6825,11.0804,9.83779,3.17195,15.008,6.62509,18.9,7.26068,15.7952,14.0777,7.36203,8.76039,14.0268,10.8816,19.6411,14.3178,11.6519,8.02219,3.66207,15.169,10.1554,11.4696,13.6272,19.9611,3.85037,7.69769,6.57799,5.07049,9.66711,20.1914,6.53409,12.6317,13.6657,3.31741,12.7013,16.3797,8.82443,15.4347,2.91255,11.4459,17.5649,17.6984,5.92472,18.4009
4.58333,17.6329,11.0319,9.85205,3.17475,15.0166,6.74915,18.9117,7.31783,15.8603,14.2388,7.35979,8.7268,13.8148,10.3804,19.6415,14.3071,11.4343,7.62598,3.65587,15.1457,10.1777,11.4379,13.5895,19.9655,3.84825,7.66973,6.59232,5.06353,9.65777,20.1823,6.53476,12.6084,13.6948,3.28936,12.6706,16.419,8.82696,15.4458,2.91311,11.397,17.5298,17.6535,5.92699,18.382
4.6,17.6568,10.9627,9.80503,3.16557,15.0617,6.46145,18.9131,7.30688,15.8902,14.2432,7.37521,8.72341,13.7333,10.0415,19.6378,14.2995,11.2697,7.24984,3.66765,15.1095,10.1694,11.4051,13.5874,19.9458,3.8589,7.66306,6.64151,5.05411,9.66287,20.1664,6.59206,12.5521,13.6555,3.2781,12.6171,16.461,8.88237,15.462,2.90862,11.3921,17.4847,17.6197,5.91831,18.3608
4.61667,17.6719,10.9945,9.7026,3.2023,15.1287,6.40135,18.9461,7.36084,15.9146,14.2763,7.36828,8.6956,13.7702,9.97757,19.6153,14.3274,11.2584,7.17321,3.70304,15.1981,10.2216,11.2964,13.6054,19.9672,3.84326,7.70268,6.56459,5.05434,9.67344,20.1772,6.59259,12.5601,13.5708,3.29362,12.5275,16.4945,8.90821,15.4991,2.91354,11.4613,17.5079,17.5892,5.98481,18.4114
4.63333,17.7513,11.0384,9.69615,3.20989,15.1826,6.38448,18.9876,7.39665,15.9303,14.2968,7.36486,8.70189,13.8935,10.0387,19.5842,14.4271,11.338,7.37361,3.6679,15.1885,10.3394,11.1812,13.686,19.9789,3.83719,7.7127,6.60059,5.06729,9.6689,20.192,6.57963,12.578,13.5487,3.32036,12.4266,16.4376,8.91554,15.5222,2.91478,11.489,17.4439,17.6107,5.97748,18.4208
4.65,17.8838,11.018,9.60672,3.20368,15.1522,6.3003,18.9707,7.35443,15.9164,14.1697,7.35469,8.57742,14.1027,10.0392,19.5428,14.5077,11.7923,7.45414,3.66167,15.2507,10.4635,10.9092,13.612,19.9863,3.80487,7.73574,6.4422,4.95969,9.66748,20.1806,6.57989,12.5626,13.4574,3.29774,12.3915,16.3086,8.94109,15.5275,2.9169,11.541,17.374,17.5974,6.02644,18.4282
4.66667,18.0919,11.1583,9.49438,3.2315,15.23,6.19251,19.0209,7.37223,15.807,14.0636,7.39788,8.4468,14.3708,9.92209,19.4812,14.7612,11.9263,7.35979,3.65921,15.2275,10.4967,10.804,13.6132,19.973,3.85387,7.70968,6.13602,4.72366,9.67605,20.1813,6.5794,12.5737,13.3648,3.30322,12.4109,16.2277,8.95114,15.5578,2.94677,11.5049,17.2578,17.814,6.00462,18.4257
4.68333,18.5287,11.4597,9.55761,3.21047,15.4666,6.36341,19.1696,7.63439,15.7289,13.9215,7.41419,8.36184,14.9538,10.0997,19.2843,15.217,11.9834,7.37621,3.67216,15.2231,10.4372,10.8147,13.6019,19.9531,3.87316,7.67915,6.17571,4.70541,9.65918,20.1714,6.6258,12.5344,13.5001,3.29046,12.4953,16.1537,8.97497,15.5802,2.97809,11.4519,16.9686,18.0964,6.02294,18.4106
4.7,18.7494,11.5294,9.66655,3.16412,15.4959,6.5374,19.2166,7.68596,15.5876,14.2164,7.49529,8.13028,15.1381,10.2427,19.2437,15.3423,11.9039,7.31962,3.6507,15.1566,10.313,10.8019,13.5069,19.9907,3.92905,7.59668,6.26664,4.63396,9.55574,20.1713,6.71695,12.1727,13.6085,3.35863,12.3765,16.179,8.80566,15.4702,2.97175,11.3407,16.9449,18.1952,5.95078,18.3426
4.71667,18.7115,11.6071,9.97865,3.07961,15.5,6.81178,19.2797,7.79379,15.4489,14.5331,7.52232,8.0653,15.0844,10.5253,19.1703,15.4675,11.7985,7.31924,3.62626,15.1246,10.2524,10.7667,13.3484,20.0397,3.93594,7.56897,6.51868,4.43044,9.39999,20.137,6.7938,11.8426,13.9323,3.4281,12.1729,16.2509,8.59243,15.3462,2.98022,11.3083,16.828,18.3037,5.92978,18.3175
4.73333,18.4017,11.7142,10.4099,2.99291,15.4505,7.38977,19.3499,7.98324,15.3541,15.0771,7.63909,7.89105,14.7113,11.0272,19.0988,15.5332,11.7198,7.03828,3.64684,15.0102,10.3326,10.4721,13.2423,20.0436,3.94841,7.49696,6.93354,4.14311,9.28885,20.1063,6.80791,11.496,14.3469,3.53821,11.8262,16.4466,8.28178,15.184,2.96368,11.1551,16.6948,18.3321,5.83632,18.2732
4.75,17.8329,11.9195,11.0141,2.89268,15.6023,7.86104,19.4661,8.37159,15.0149,15.1995,7.67442,7.6147,14.1893,11.2505,19.0799,15.6017,11.9917,6.82388,3.62432,14.9471,10.2995,10.2169,13.1544,20.0255,3.97488,7.43832,7.43877,3.75289,9.20884,20.0386,6.85185,11.1858,14.9379,3.71712,11.5016,16.6484,8.05886,15.0251,2.97056,11.092,16.6357,18.3964,5.83361,18.2583
4.76667,17.6781,12.0313,11.7002,2.80729,15.7898,8.13396,19.6017,8.74367,14.8163,15.2691,7.67811,7.31306,14.0666,11.3514,19.0238,15.6858,12.4593,6.53569,3.57117,14.9616,10.3073,9.85485,13.0065,20.0409,3.92964,7.45422,7.98808,3.41512,9.05141,20,6.84689,10.8989,15.5446,3.98237,11.276,16.6527,7.94478,14.7944,2.94507,11.135,16.5438,18.4981,5.77076,18.2333
4.78333,17.4914,12.1526,12.3544,2.79315,15.9463,8.40264,19.7244,9.07155,14.7981,15.2645,7.73403,7.09011,13.9215,11.4022,18.9769,15.7662,12.6572,6.61816,3.5453,14.9004,10.2216,9.73994,12.962,20.0875,3.976,7.37759,8.57102,3.19558,9.00341,19.9871,6.72711,10.6309,16.1441,4.27644,11.2301,16.6279,8.01582,14.4888,2.96219,11.0804,16.5221,18.5403,5.72287,18.1807
4.8,17.13,12.311,12.7234,2.82949,16.1471,8.79211,19.8606,9.55098,14.8075,15.2457,7.73023,6.76971,13.6605,11.4702,18.9718,15.77,13.0204,6.65793,3.56787,14.8999,10.1535,9.45093,12.9631,20.0762,3.97909,7.36959,8.99534,2.99221,8.99362,19.9815,6.63291,10.4035,16.4413,4.55034,11.2455,16.6274,8.24406,14.093,2.96201,11.074,16.5261,18.5598,5.69141,18.2067
4.81667,16.9633,12.4064,12.909,2.86678,16.3007,8.64314,19.9277,9.94093,14.5905,15.2811,7.67706,6.58331,13.4426,11.6251,18.9592,15.7923,13.2439,6.68139,3.51173,14.8689,10.1214,9.28967,12.9271,20.0838,3.97861,7.32986,9.21144,2.87816,8.95207,19.9799,6.56835,10.079,16.4714,4.86035,10.971,16.448,8.23423,13.6993,2.95326,10.9865,16.4984,18.6481,5.64889,18.1815
4.83333,16.9398,12.4883,13.0882,2.89066,16.4516,8.65464,19.9756,10.2099,14.4835,15.3491,7.66682,6.42678,13.0511,11.8937,18.941,15.7852,13.3836,6.69598,3.4773,14.7934,10.1081,9.12625,12.8927,20.072,3.98598,7.26533,9.44546,2.84542,8.9202,19.9713,6.55442,9.93918,16.6194,4.91918,10.8353,16.3564,8.34318,13.4052,2.90187,10.9048,16.4916,18.7091,5.64006,18.0896
4.85,16.9405,12.4865,13.1693,2.90173,16.4867,8.62888,19.9984,10.2412,14.4845,15.3405,7.65848,6.41904,12.9788,11.9547,18.9975,15.7378,13.4098,6.7066,3.49246,14.7725,10.1058,9.11385,12.9238,20.0828,4.02597,7.1833,9.54744,2.85996,8.93822,19.9714,6.58212,9.96346,16.6305,4.95075,10.8506,16.3558,8.43783,13.3228,2.88417,10.8809,16.4983,18.7591,5.6776,18.0458
4.86667,16.8329,12.3695,13.1598,2.90111,16.5748,8.4929,20.008,10.2926,14.4974,15.3377,7.60714,6.44544,12.9254,11.9836,19.0457,15.6798,13.4116,6.7213,3.49777,14.7636,10.1161,9.09784,12.9104,20.081,4.00396,7.21354,9.55586,2.87473,8.93282,19.9798,6.6131,9.97161,16.6951,4.85279,10.878,16.3683,8.6374,13.2007,2.88495,10.8651,16.464,18.7991,5.65831,18.0521
4.88333,16.723,12.355,13.229,2.92466,16.6405,8.48385,20.0151,10.3981,14.4184,15.3218,7.58357,6.49187,12.9366,11.9535,19.0614,15.6589,13.4442,6.74841,3.51723,14.8342,10.1025,9.13403,12.9331,20.107,3.98311,7.28808,9.49621,2.95092,8.96637,20.0056,6.61861,10.0049,16.811,4.80926,10.7873,16.3568,9.11225,12.8131,2.90031,10.9316,16.5769,18.7132,5.64096,18.1725
4.9,16.7405,12.503,13.5039,2.95512,16.673,8.6272,20.0324,10.5724,14.3824,15.4531,7.54898,6.43307,13.0706,11.7262,19.1177,15.5405,13.4716,6.85136,3.55338,14.9142,10.069,9.09453,13.0041,20.1251,3.95638,7.36951,9.4758,3.01079,9.02676,20.036,6.61273,10.0754,16.9534,5.00455,10.7135,16.3359,9.27962,12.6812,2.8964,11.018,16.6702,18.659,5.68549,18.2436
4.91667,16.7239,12.5939,13.7353,2.95153,16.7474,8.71366,20.0475,10.7373,14.2855,15.4975,7.53062,6.19489,13.1384,11.356,19.098,15.6063,13.5126,6.91972,3.59057,15.0041,10.0033,8.89752,13.0863,20.0872,3.92313,7.43999,9.61022,3.00722,9.11381,20.068,6.57207,10.1557,17.1991,5.09306,10.584,16.2972,9.4401,12.5291,2.87951,11.1162,16.5689,18.6643,5.76212,18.2993
4.93333,16.5132,12.8209,13.8792,2.98044,16.7726,8.98956,20.0096,11.2186,13.9397,15.6926,7.37003,5.97428,13.2029,10.7218,19.1106,15.5213,13.6497,7.007,3.59915,15.1079,9.97269,8.52347,13.1604,20.0519,3.84732,7.56302,9.65531,3.0098,9.18947,20.0796,6.50765,10.2922,17.2205,5.31237,10.1103,16.2174,9.62031,12.2966,2.85586,11.2185,16.4827,18.5325,5.81302,18.3604
4.95,16.3296,12.9919,13.8051,2.93981,16.8397,9.19547,20.0071,11.5303,13.7676,15.6842,7.38239,5.8447,13.0631,10.669,19.17,15.3699,13.8049,7.04799,3.63778,15.1388,10.1856,8.25903,13.2315,20.0671,3.86769,7.49417,9.78578,2.97835,9.25106,20.0811,6.47783,10.2619,17.2749,5.27722,9.35986,16.2752,9.54003,12.2958,2.82742,11.2798,16.6319,18.4338,5.90156,18.3286
4.96667,15.9875,13.3866,13.8391,2.92457,16.6517,9.58144,20.0247,11.5584,13.294,15.9979,7.20289,5.65001,13.1062,10.6894,19.2246,15.2763,13.8798,7.06847,3.64143,15.0783,10.2938,8.1671,13.2264,20.0849,3.84684,7.57411,10.0955,2.91285,9.26264,20.1207,6.47176,10.2835,17.2451,5.22103,9.22652,16.2793,9.5604,12.3111,2.83389,11.2183,16.7224,18.3856,5.73322,18.3769
4.98333,15.8752,13.5475,14.0561,2.99569,16.6269,9.56677,20.0168,11.6028,13.0147,16.0541,7.4012,5.33229,13.0887,10.768,19.2033,15.3136,13.863,7.16614,3.62669,15.0672,10.3148,8.29835,13.2319,20.0879,3.83038,7.60691,10.3094,2.89787,9.26826,20.1322,6.46878,10.2853,17.3765,5.41234,9.24141,16.3142,9.53419,12.3001,2.82875,11.2157,16.7019,18.4361,5.71137,18.3604
